[0.000000] (-) TimerEvent: {}
[0.000389] (orb_slam3_navigator) JobQueued: {'identifier': 'orb_slam3_navigator', 'dependencies': OrderedDict()}
[0.000509] (slam_msgs) JobQueued: {'identifier': 'slam_msgs', 'dependencies': OrderedDict()}
[0.000560] (orb_slam3_map_generator) JobQueued: {'identifier': 'orb_slam3_map_generator', 'dependencies': OrderedDict([('slam_msgs', '/root/install/slam_msgs')])}
[0.000651] (orb_slam3_ros2_wrapper) JobQueued: {'identifier': 'orb_slam3_ros2_wrapper', 'dependencies': OrderedDict([('slam_msgs', '/root/install/slam_msgs')])}
[0.000673] (slam_msgs) JobStarted: {'identifier': 'slam_msgs'}
[0.007567] (orb_slam3_navigator) JobStarted: {'identifier': 'orb_slam3_navigator'}
[0.014332] (slam_msgs) JobProgress: {'identifier': 'slam_msgs', 'progress': 'cmake'}
[0.014959] (slam_msgs) JobProgress: {'identifier': 'slam_msgs', 'progress': 'build'}
[0.015547] (slam_msgs) Command: {'cmd': ['/usr/bin/cmake', '--build', '/root/build/slam_msgs', '--', '-j12', '-l12'], 'cwd': '/root/build/slam_msgs', 'env': OrderedDict([('HOSTNAME', 'LP-Boston-11364'), ('SHLVL', '1'), ('LD_LIBRARY_PATH', '/root/colcon_ws/install/slam_msgs/lib:/opt/ros/humble/opt/rviz_ogre_vendor/lib:/opt/ros/humble/lib/x86_64-linux-gnu:/opt/ros/humble/lib'), ('HOME', '/root'), ('OLDPWD', '/'), ('ROS_PYTHON_VERSION', '3'), ('COLCON_PREFIX_PATH', '/root/colcon_ws/install'), ('ROS_DISTRO', 'humble'), ('_', '/usr/bin/colcon'), ('ROS_VERSION', '2'), ('SCOUT_NAMESPACE', 'scout_2'), ('TERM', 'xterm'), ('ROS_LOCALHOST_ONLY', '1'), ('PATH', '/opt/ros/humble/bin:/usr/local/sbin:/usr/local/bin:/usr/sbin:/usr/bin:/sbin:/bin'), ('XDG_RUNTIME_DIR', '/tmp/runtime-root'), ('DISPLAY', ':1'), ('LANG', 'C.UTF-8'), ('LS_COLORS', 'rs=0:di=01;34:ln=01;36:mh=00:pi=40;33:so=01;35:do=01;35:bd=40;33;01:cd=40;33;01:or=40;31;01:mi=00:su=37;41:sg=30;43:ca=30;41:tw=30;42:ow=34;42:st=37;44:ex=01;32:*.tar=01;31:*.tgz=01;31:*.arc=01;31:*.arj=01;31:*.taz=01;31:*.lha=01;31:*.lz4=01;31:*.lzh=01;31:*.lzma=01;31:*.tlz=01;31:*.txz=01;31:*.tzo=01;31:*.t7z=01;31:*.zip=01;31:*.z=01;31:*.dz=01;31:*.gz=01;31:*.lrz=01;31:*.lz=01;31:*.lzo=01;31:*.xz=01;31:*.zst=01;31:*.tzst=01;31:*.bz2=01;31:*.bz=01;31:*.tbz=01;31:*.tbz2=01;31:*.tz=01;31:*.deb=01;31:*.rpm=01;31:*.jar=01;31:*.war=01;31:*.ear=01;31:*.sar=01;31:*.rar=01;31:*.alz=01;31:*.ace=01;31:*.zoo=01;31:*.cpio=01;31:*.7z=01;31:*.rz=01;31:*.cab=01;31:*.wim=01;31:*.swm=01;31:*.dwm=01;31:*.esd=01;31:*.jpg=01;35:*.jpeg=01;35:*.mjpg=01;35:*.mjpeg=01;35:*.gif=01;35:*.bmp=01;35:*.pbm=01;35:*.pgm=01;35:*.ppm=01;35:*.tga=01;35:*.xbm=01;35:*.xpm=01;35:*.tif=01;35:*.tiff=01;35:*.png=01;35:*.svg=01;35:*.svgz=01;35:*.mng=01;35:*.pcx=01;35:*.mov=01;35:*.mpg=01;35:*.mpeg=01;35:*.m2v=01;35:*.mkv=01;35:*.webm=01;35:*.webp=01;35:*.ogm=01;35:*.mp4=01;35:*.m4v=01;35:*.mp4v=01;35:*.vob=01;35:*.qt=01;35:*.nuv=01;35:*.wmv=01;35:*.asf=01;35:*.rm=01;35:*.rmvb=01;35:*.flc=01;35:*.avi=01;35:*.fli=01;35:*.flv=01;35:*.gl=01;35:*.dl=01;35:*.xcf=01;35:*.xwd=01;35:*.yuv=01;35:*.cgm=01;35:*.emf=01;35:*.ogv=01;35:*.ogx=01;35:*.aac=00;36:*.au=00;36:*.flac=00;36:*.m4a=00;36:*.mid=00;36:*.midi=00;36:*.mka=00;36:*.mp3=00;36:*.mpc=00;36:*.ogg=00;36:*.ra=00;36:*.wav=00;36:*.oga=00;36:*.opus=00;36:*.spx=00;36:*.xspf=00;36:'), ('ROS_DOMAIN_ID', '55'), ('AMENT_PREFIX_PATH', '/root/colcon_ws/install/orb_slam3_ros2_wrapper:/root/colcon_ws/install/orb_slam3_map_generator:/root/colcon_ws/install/slam_msgs:/root/colcon_ws/install/orb_slam3_navigator:/opt/ros/humble'), ('PWD', '/root/build/slam_msgs'), ('LC_ALL', 'C.UTF-8'), ('RCUTILS_COLORIZED_OUTPUT', '1'), ('PYTHONPATH', '/root/colcon_ws/install/slam_msgs/local/lib/python3.10/dist-packages:/root/colcon_ws/build/orb_slam3_navigator:/root/colcon_ws/install/orb_slam3_navigator/lib/python3.10/site-packages:/opt/ros/humble/lib/python3.10/site-packages:/opt/ros/humble/local/lib/python3.10/dist-packages'), ('COLCON', '1'), ('CMAKE_PREFIX_PATH', '/root/colcon_ws/install/orb_slam3_ros2_wrapper:/root/colcon_ws/install/orb_slam3_map_generator:/root/colcon_ws/install/slam_msgs:/root/colcon_ws/install/orb_slam3_navigator:/opt/ros/humble')]), 'shell': False}
[0.057391] (slam_msgs) StdoutLine: {'line': b'\x1b[35m\x1b[1mConsolidate compiler generated dependencies of target slam_msgs__rosidl_generator_c\x1b[0m\n'}
[0.068422] (slam_msgs) StdoutLine: {'line': b'[  1%] Built target slam_msgs__cpp\n'}
[0.073126] (slam_msgs) StdoutLine: {'line': b'[ 12%] Built target slam_msgs__rosidl_generator_c\n'}
[0.076614] (slam_msgs) StdoutLine: {'line': b'[ 12%] Built target ament_cmake_python_symlink_slam_msgs\n'}
[0.082527] (slam_msgs) StdoutLine: {'line': b'\x1b[35m\x1b[1mConsolidate compiler generated dependencies of target slam_msgs__rosidl_typesupport_introspection_cpp\x1b[0m\n'}
[0.083180] (slam_msgs) StdoutLine: {'line': b'\x1b[35m\x1b[1mConsolidate compiler generated dependencies of target slam_msgs__rosidl_typesupport_cpp\x1b[0m\n'}
[0.084152] (slam_msgs) StdoutLine: {'line': b'\x1b[35m\x1b[1mConsolidate compiler generated dependencies of target slam_msgs__rosidl_typesupport_fastrtps_cpp\x1b[0m\n'}
[0.087851] (slam_msgs) StdoutLine: {'line': b'\x1b[35m\x1b[1mConsolidate compiler generated dependencies of target slam_msgs__rosidl_typesupport_fastrtps_c\x1b[0m\n'}
[0.088600] (slam_msgs) StdoutLine: {'line': b'\x1b[35m\x1b[1mConsolidate compiler generated dependencies of target slam_msgs__rosidl_typesupport_c\x1b[0m\n'}
[0.089163] (slam_msgs) StdoutLine: {'line': b'\x1b[35m\x1b[1mConsolidate compiler generated dependencies of target slam_msgs__rosidl_typesupport_introspection_c\x1b[0m\n'}
[0.099712] (-) TimerEvent: {}
[0.103131] (slam_msgs) StdoutLine: {'line': b'[ 24%] Built target slam_msgs__rosidl_typesupport_introspection_cpp\n'}
[0.105283] (slam_msgs) StdoutLine: {'line': b'[ 47%] Built target slam_msgs__rosidl_typesupport_cpp\n'}
[0.105431] (slam_msgs) StdoutLine: {'line': b'[ 47%] Built target slam_msgs__rosidl_typesupport_c\n'}
[0.108657] (slam_msgs) StdoutLine: {'line': b'[ 58%] Built target slam_msgs__rosidl_typesupport_introspection_c\n'}
[0.111046] (slam_msgs) StdoutLine: {'line': b'[ 80%] Built target slam_msgs__rosidl_typesupport_fastrtps_c\n'}
[0.111266] (slam_msgs) StdoutLine: {'line': b'[ 81%] Built target slam_msgs__rosidl_typesupport_fastrtps_cpp\n'}
[0.130411] (slam_msgs) StdoutLine: {'line': b'[ 81%] Built target slam_msgs\n'}
[0.150889] (slam_msgs) StdoutLine: {'line': b'[ 82%] Built target slam_msgs__py\n'}
[0.161267] (slam_msgs) StdoutLine: {'line': b'\x1b[35m\x1b[1mConsolidate compiler generated dependencies of target slam_msgs__rosidl_generator_py\x1b[0m\n'}
[0.177709] (slam_msgs) StdoutLine: {'line': b'[ 93%] Built target slam_msgs__rosidl_generator_py\n'}
[0.187000] (slam_msgs) StdoutLine: {'line': b'\x1b[35m\x1b[1mConsolidate compiler generated dependencies of target slam_msgs__rosidl_typesupport_fastrtps_c__pyext\x1b[0m\n'}
[0.187206] (slam_msgs) StdoutLine: {'line': b'\x1b[35m\x1b[1mConsolidate compiler generated dependencies of target slam_msgs__rosidl_typesupport_introspection_c__pyext\x1b[0m\n'}
[0.187319] (slam_msgs) StdoutLine: {'line': b'\x1b[35m\x1b[1mConsolidate compiler generated dependencies of target slam_msgs__rosidl_typesupport_c__pyext\x1b[0m\n'}
[0.199321] (slam_msgs) StdoutLine: {'line': b'[ 98%] Built target slam_msgs__rosidl_typesupport_fastrtps_c__pyext\n'}
[0.199572] (slam_msgs) StdoutLine: {'line': b'[100%] Built target slam_msgs__rosidl_typesupport_c__pyext\n'}
[0.199678] (slam_msgs) StdoutLine: {'line': b'[100%] Built target slam_msgs__rosidl_typesupport_introspection_c__pyext\n'}
[0.199784] (-) TimerEvent: {}
[0.299994] (-) TimerEvent: {}
[0.319448] (slam_msgs) StdoutLine: {'line': b'running egg_info\n'}
[0.320063] (slam_msgs) StdoutLine: {'line': b'writing slam_msgs.egg-info/PKG-INFO\n'}
[0.320219] (slam_msgs) StdoutLine: {'line': b'writing dependency_links to slam_msgs.egg-info/dependency_links.txt\n'}
[0.320353] (slam_msgs) StdoutLine: {'line': b'writing top-level names to slam_msgs.egg-info/top_level.txt\n'}
[0.322512] (slam_msgs) StdoutLine: {'line': b"reading manifest file 'slam_msgs.egg-info/SOURCES.txt'\n"}
[0.323146] (slam_msgs) StdoutLine: {'line': b"writing manifest file 'slam_msgs.egg-info/SOURCES.txt'\n"}
[0.348748] (slam_msgs) StdoutLine: {'line': b'[100%] Built target ament_cmake_python_build_slam_msgs_egg\n'}
[0.360630] (slam_msgs) CommandEnded: {'returncode': 0}
[0.400085] (-) TimerEvent: {}
[0.500339] (-) TimerEvent: {}
[0.512975] (slam_msgs) JobProgress: {'identifier': 'slam_msgs', 'progress': 'install'}
[0.520205] (slam_msgs) Command: {'cmd': ['/usr/bin/cmake', '--install', '/root/build/slam_msgs'], 'cwd': '/root/build/slam_msgs', 'env': OrderedDict([('HOSTNAME', 'LP-Boston-11364'), ('SHLVL', '1'), ('LD_LIBRARY_PATH', '/root/colcon_ws/install/slam_msgs/lib:/opt/ros/humble/opt/rviz_ogre_vendor/lib:/opt/ros/humble/lib/x86_64-linux-gnu:/opt/ros/humble/lib'), ('HOME', '/root'), ('OLDPWD', '/'), ('ROS_PYTHON_VERSION', '3'), ('COLCON_PREFIX_PATH', '/root/colcon_ws/install'), ('ROS_DISTRO', 'humble'), ('_', '/usr/bin/colcon'), ('ROS_VERSION', '2'), ('SCOUT_NAMESPACE', 'scout_2'), ('TERM', 'xterm'), ('ROS_LOCALHOST_ONLY', '1'), ('PATH', '/opt/ros/humble/bin:/usr/local/sbin:/usr/local/bin:/usr/sbin:/usr/bin:/sbin:/bin'), ('XDG_RUNTIME_DIR', '/tmp/runtime-root'), ('DISPLAY', ':1'), ('LANG', 'C.UTF-8'), ('LS_COLORS', 'rs=0:di=01;34:ln=01;36:mh=00:pi=40;33:so=01;35:do=01;35:bd=40;33;01:cd=40;33;01:or=40;31;01:mi=00:su=37;41:sg=30;43:ca=30;41:tw=30;42:ow=34;42:st=37;44:ex=01;32:*.tar=01;31:*.tgz=01;31:*.arc=01;31:*.arj=01;31:*.taz=01;31:*.lha=01;31:*.lz4=01;31:*.lzh=01;31:*.lzma=01;31:*.tlz=01;31:*.txz=01;31:*.tzo=01;31:*.t7z=01;31:*.zip=01;31:*.z=01;31:*.dz=01;31:*.gz=01;31:*.lrz=01;31:*.lz=01;31:*.lzo=01;31:*.xz=01;31:*.zst=01;31:*.tzst=01;31:*.bz2=01;31:*.bz=01;31:*.tbz=01;31:*.tbz2=01;31:*.tz=01;31:*.deb=01;31:*.rpm=01;31:*.jar=01;31:*.war=01;31:*.ear=01;31:*.sar=01;31:*.rar=01;31:*.alz=01;31:*.ace=01;31:*.zoo=01;31:*.cpio=01;31:*.7z=01;31:*.rz=01;31:*.cab=01;31:*.wim=01;31:*.swm=01;31:*.dwm=01;31:*.esd=01;31:*.jpg=01;35:*.jpeg=01;35:*.mjpg=01;35:*.mjpeg=01;35:*.gif=01;35:*.bmp=01;35:*.pbm=01;35:*.pgm=01;35:*.ppm=01;35:*.tga=01;35:*.xbm=01;35:*.xpm=01;35:*.tif=01;35:*.tiff=01;35:*.png=01;35:*.svg=01;35:*.svgz=01;35:*.mng=01;35:*.pcx=01;35:*.mov=01;35:*.mpg=01;35:*.mpeg=01;35:*.m2v=01;35:*.mkv=01;35:*.webm=01;35:*.webp=01;35:*.ogm=01;35:*.mp4=01;35:*.m4v=01;35:*.mp4v=01;35:*.vob=01;35:*.qt=01;35:*.nuv=01;35:*.wmv=01;35:*.asf=01;35:*.rm=01;35:*.rmvb=01;35:*.flc=01;35:*.avi=01;35:*.fli=01;35:*.flv=01;35:*.gl=01;35:*.dl=01;35:*.xcf=01;35:*.xwd=01;35:*.yuv=01;35:*.cgm=01;35:*.emf=01;35:*.ogv=01;35:*.ogx=01;35:*.aac=00;36:*.au=00;36:*.flac=00;36:*.m4a=00;36:*.mid=00;36:*.midi=00;36:*.mka=00;36:*.mp3=00;36:*.mpc=00;36:*.ogg=00;36:*.ra=00;36:*.wav=00;36:*.oga=00;36:*.opus=00;36:*.spx=00;36:*.xspf=00;36:'), ('ROS_DOMAIN_ID', '55'), ('AMENT_PREFIX_PATH', '/root/colcon_ws/install/orb_slam3_ros2_wrapper:/root/colcon_ws/install/orb_slam3_map_generator:/root/colcon_ws/install/slam_msgs:/root/colcon_ws/install/orb_slam3_navigator:/opt/ros/humble'), ('PWD', '/root/build/slam_msgs'), ('LC_ALL', 'C.UTF-8'), ('RCUTILS_COLORIZED_OUTPUT', '1'), ('PYTHONPATH', '/root/colcon_ws/install/slam_msgs/local/lib/python3.10/dist-packages:/root/colcon_ws/build/orb_slam3_navigator:/root/colcon_ws/install/orb_slam3_navigator/lib/python3.10/site-packages:/opt/ros/humble/lib/python3.10/site-packages:/opt/ros/humble/local/lib/python3.10/dist-packages'), ('COLCON', '1'), ('CMAKE_PREFIX_PATH', '/root/colcon_ws/install/orb_slam3_ros2_wrapper:/root/colcon_ws/install/orb_slam3_map_generator:/root/colcon_ws/install/slam_msgs:/root/colcon_ws/install/orb_slam3_navigator:/opt/ros/humble')]), 'shell': False}
[0.527274] (slam_msgs) StdoutLine: {'line': b'-- Install configuration: ""\n'}
[0.527807] (slam_msgs) StdoutLine: {'line': b'-- Execute custom install script\n'}
[0.528010] (slam_msgs) StdoutLine: {'line': b'-- Up-to-date symlink: /root/install/slam_msgs/share/ament_index/resource_index/rosidl_interfaces/slam_msgs\n'}
[0.528588] (slam_msgs) StdoutLine: {'line': b'-- Up-to-date symlink: /root/install/slam_msgs/include/slam_msgs/slam_msgs/msg/detail/key_frame__functions.h\n'}
[0.528703] (slam_msgs) StdoutLine: {'line': b'-- Up-to-date symlink: /root/install/slam_msgs/include/slam_msgs/slam_msgs/msg/detail/key_frame__struct.h\n'}
[0.528824] (slam_msgs) StdoutLine: {'line': b'-- Up-to-date symlink: /root/install/slam_msgs/include/slam_msgs/slam_msgs/msg/detail/key_frame__type_support.h\n'}
[0.528938] (slam_msgs) StdoutLine: {'line': b'-- Up-to-date symlink: /root/install/slam_msgs/include/slam_msgs/slam_msgs/msg/detail/map_data__functions.h\n'}
[0.529042] (slam_msgs) StdoutLine: {'line': b'-- Up-to-date symlink: /root/install/slam_msgs/include/slam_msgs/slam_msgs/msg/detail/map_data__struct.h\n'}
[0.529145] (slam_msgs) StdoutLine: {'line': b'-- Up-to-date symlink: /root/install/slam_msgs/include/slam_msgs/slam_msgs/msg/detail/map_data__type_support.h\n'}
[0.529248] (slam_msgs) StdoutLine: {'line': b'-- Up-to-date symlink: /root/install/slam_msgs/include/slam_msgs/slam_msgs/msg/detail/map_graph__functions.h\n'}
[0.529351] (slam_msgs) StdoutLine: {'line': b'-- Up-to-date symlink: /root/install/slam_msgs/include/slam_msgs/slam_msgs/msg/detail/map_graph__struct.h\n'}
[0.529464] (slam_msgs) StdoutLine: {'line': b'-- Up-to-date symlink: /root/install/slam_msgs/include/slam_msgs/slam_msgs/msg/detail/map_graph__type_support.h\n'}
[0.529584] (slam_msgs) StdoutLine: {'line': b'-- Up-to-date symlink: /root/install/slam_msgs/include/slam_msgs/slam_msgs/msg/detail/map_point__functions.h\n'}
[0.529709] (slam_msgs) StdoutLine: {'line': b'-- Up-to-date symlink: /root/install/slam_msgs/include/slam_msgs/slam_msgs/msg/detail/map_point__struct.h\n'}
[0.529884] (slam_msgs) StdoutLine: {'line': b'-- Up-to-date symlink: /root/install/slam_msgs/include/slam_msgs/slam_msgs/msg/detail/map_point__type_support.h\n'}
[0.530014] (slam_msgs) StdoutLine: {'line': b'-- Up-to-date symlink: /root/install/slam_msgs/include/slam_msgs/slam_msgs/msg/key_frame.h\n'}
[0.530107] (slam_msgs) StdoutLine: {'line': b'-- Up-to-date symlink: /root/install/slam_msgs/include/slam_msgs/slam_msgs/msg/map_data.h\n'}
[0.530193] (slam_msgs) StdoutLine: {'line': b'-- Up-to-date symlink: /root/install/slam_msgs/include/slam_msgs/slam_msgs/msg/map_graph.h\n'}
[0.530289] (slam_msgs) StdoutLine: {'line': b'-- Up-to-date symlink: /root/install/slam_msgs/include/slam_msgs/slam_msgs/msg/map_point.h\n'}
[0.530370] (slam_msgs) StdoutLine: {'line': b'-- Up-to-date symlink: /root/install/slam_msgs/include/slam_msgs/slam_msgs/msg/rosidl_generator_c__visibility_control.h\n'}
[0.530452] (slam_msgs) StdoutLine: {'line': b'-- Up-to-date symlink: /root/install/slam_msgs/include/slam_msgs/slam_msgs/srv/detail/get_all_landmarks_in_map__functions.h\n'}
[0.530533] (slam_msgs) StdoutLine: {'line': b'-- Up-to-date symlink: /root/install/slam_msgs/include/slam_msgs/slam_msgs/srv/detail/get_all_landmarks_in_map__struct.h\n'}
[0.530619] (slam_msgs) StdoutLine: {'line': b'-- Up-to-date symlink: /root/install/slam_msgs/include/slam_msgs/slam_msgs/srv/detail/get_all_landmarks_in_map__type_support.h\n'}
[0.530706] (slam_msgs) StdoutLine: {'line': b'-- Up-to-date symlink: /root/install/slam_msgs/include/slam_msgs/slam_msgs/srv/detail/get_global_point_cloud__functions.h\n'}
[0.530895] (slam_msgs) StdoutLine: {'line': b'-- Up-to-date symlink: /root/install/slam_msgs/include/slam_msgs/slam_msgs/srv/detail/get_global_point_cloud__struct.h\n'}
[0.530983] (slam_msgs) StdoutLine: {'line': b'-- Up-to-date symlink: /root/install/slam_msgs/include/slam_msgs/slam_msgs/srv/detail/get_global_point_cloud__type_support.h\n'}
[0.531068] (slam_msgs) StdoutLine: {'line': b'-- Up-to-date symlink: /root/install/slam_msgs/include/slam_msgs/slam_msgs/srv/detail/get_landmarks_in_view__functions.h\n'}
[0.531153] (slam_msgs) StdoutLine: {'line': b'-- Up-to-date symlink: /root/install/slam_msgs/include/slam_msgs/slam_msgs/srv/detail/get_landmarks_in_view__struct.h\n'}
[0.531242] (slam_msgs) StdoutLine: {'line': b'-- Up-to-date symlink: /root/install/slam_msgs/include/slam_msgs/slam_msgs/srv/detail/get_landmarks_in_view__type_support.h\n'}
[0.531334] (slam_msgs) StdoutLine: {'line': b'-- Up-to-date symlink: /root/install/slam_msgs/include/slam_msgs/slam_msgs/srv/detail/get_map__functions.h\n'}
[0.531459] (slam_msgs) StdoutLine: {'line': b'-- Up-to-date symlink: /root/install/slam_msgs/include/slam_msgs/slam_msgs/srv/detail/get_map__struct.h\n'}
[0.531575] (slam_msgs) StdoutLine: {'line': b'-- Up-to-date symlink: /root/install/slam_msgs/include/slam_msgs/slam_msgs/srv/detail/get_map__type_support.h\n'}
[0.531658] (slam_msgs) StdoutLine: {'line': b'-- Up-to-date symlink: /root/install/slam_msgs/include/slam_msgs/slam_msgs/srv/get_all_landmarks_in_map.h\n'}
[0.531766] (slam_msgs) StdoutLine: {'line': b'-- Up-to-date symlink: /root/install/slam_msgs/include/slam_msgs/slam_msgs/srv/get_global_point_cloud.h\n'}
[0.531904] (slam_msgs) StdoutLine: {'line': b'-- Up-to-date symlink: /root/install/slam_msgs/include/slam_msgs/slam_msgs/srv/get_landmarks_in_view.h\n'}
[0.531963] (slam_msgs) StdoutLine: {'line': b'-- Up-to-date symlink: /root/install/slam_msgs/include/slam_msgs/slam_msgs/srv/get_map.h\n'}
[0.532042] (slam_msgs) StdoutLine: {'line': b'-- Up-to-date symlink: /root/install/slam_msgs/share/slam_msgs/environment/library_path.sh\n'}
[0.532189] (slam_msgs) StdoutLine: {'line': b'-- Up-to-date symlink: /root/install/slam_msgs/share/slam_msgs/environment/library_path.dsv\n'}
[0.532701] (slam_msgs) StdoutLine: {'line': b'-- Up-to-date symlink: /root/install/slam_msgs/include/slam_msgs/slam_msgs/msg/detail/key_frame__rosidl_typesupport_fastrtps_c.h\n'}
[0.532805] (slam_msgs) StdoutLine: {'line': b'-- Up-to-date symlink: /root/install/slam_msgs/include/slam_msgs/slam_msgs/msg/detail/map_data__rosidl_typesupport_fastrtps_c.h\n'}
[0.532896] (slam_msgs) StdoutLine: {'line': b'-- Up-to-date symlink: /root/install/slam_msgs/include/slam_msgs/slam_msgs/msg/detail/map_graph__rosidl_typesupport_fastrtps_c.h\n'}
[0.532984] (slam_msgs) StdoutLine: {'line': b'-- Up-to-date symlink: /root/install/slam_msgs/include/slam_msgs/slam_msgs/msg/detail/map_point__rosidl_typesupport_fastrtps_c.h\n'}
[0.533071] (slam_msgs) StdoutLine: {'line': b'-- Up-to-date symlink: /root/install/slam_msgs/include/slam_msgs/slam_msgs/msg/rosidl_typesupport_fastrtps_c__visibility_control.h\n'}
[0.533183] (slam_msgs) StdoutLine: {'line': b'-- Up-to-date symlink: /root/install/slam_msgs/include/slam_msgs/slam_msgs/srv/detail/get_all_landmarks_in_map__rosidl_typesupport_fastrtps_c.h\n'}
[0.533289] (slam_msgs) StdoutLine: {'line': b'-- Up-to-date symlink: /root/install/slam_msgs/include/slam_msgs/slam_msgs/srv/detail/get_global_point_cloud__rosidl_typesupport_fastrtps_c.h\n'}
[0.533414] (slam_msgs) StdoutLine: {'line': b'-- Up-to-date symlink: /root/install/slam_msgs/include/slam_msgs/slam_msgs/srv/detail/get_landmarks_in_view__rosidl_typesupport_fastrtps_c.h\n'}
[0.533522] (slam_msgs) StdoutLine: {'line': b'-- Up-to-date symlink: /root/install/slam_msgs/include/slam_msgs/slam_msgs/srv/detail/get_map__rosidl_typesupport_fastrtps_c.h\n'}
[0.534045] (slam_msgs) StdoutLine: {'line': b'-- Up-to-date symlink: /root/install/slam_msgs/include/slam_msgs/slam_msgs/msg/detail/key_frame__builder.hpp\n'}
[0.534137] (slam_msgs) StdoutLine: {'line': b'-- Up-to-date symlink: /root/install/slam_msgs/include/slam_msgs/slam_msgs/msg/detail/key_frame__struct.hpp\n'}
[0.534227] (slam_msgs) StdoutLine: {'line': b'-- Up-to-date symlink: /root/install/slam_msgs/include/slam_msgs/slam_msgs/msg/detail/key_frame__traits.hpp\n'}
[0.534316] (slam_msgs) StdoutLine: {'line': b'-- Up-to-date symlink: /root/install/slam_msgs/include/slam_msgs/slam_msgs/msg/detail/map_data__builder.hpp\n'}
[0.534406] (slam_msgs) StdoutLine: {'line': b'-- Up-to-date symlink: /root/install/slam_msgs/include/slam_msgs/slam_msgs/msg/detail/map_data__struct.hpp\n'}
[0.534493] (slam_msgs) StdoutLine: {'line': b'-- Up-to-date symlink: /root/install/slam_msgs/include/slam_msgs/slam_msgs/msg/detail/map_data__traits.hpp\n'}
[0.534579] (slam_msgs) StdoutLine: {'line': b'-- Up-to-date symlink: /root/install/slam_msgs/include/slam_msgs/slam_msgs/msg/detail/map_graph__builder.hpp\n'}
[0.534668] (slam_msgs) StdoutLine: {'line': b'-- Up-to-date symlink: /root/install/slam_msgs/include/slam_msgs/slam_msgs/msg/detail/map_graph__struct.hpp\n'}
[0.534807] (slam_msgs) StdoutLine: {'line': b'-- Up-to-date symlink: /root/install/slam_msgs/include/slam_msgs/slam_msgs/msg/detail/map_graph__traits.hpp\n'}
[0.534927] (slam_msgs) StdoutLine: {'line': b'-- Up-to-date symlink: /root/install/slam_msgs/include/slam_msgs/slam_msgs/msg/detail/map_point__builder.hpp\n'}
[0.535028] (slam_msgs) StdoutLine: {'line': b'-- Up-to-date symlink: /root/install/slam_msgs/include/slam_msgs/slam_msgs/msg/detail/map_point__struct.hpp\n'}
[0.535123] (slam_msgs) StdoutLine: {'line': b'-- Up-to-date symlink: /root/install/slam_msgs/include/slam_msgs/slam_msgs/msg/detail/map_point__traits.hpp\n'}
[0.535213] (slam_msgs) StdoutLine: {'line': b'-- Up-to-date symlink: /root/install/slam_msgs/include/slam_msgs/slam_msgs/msg/key_frame.hpp\n'}
[0.535301] (slam_msgs) StdoutLine: {'line': b'-- Up-to-date symlink: /root/install/slam_msgs/include/slam_msgs/slam_msgs/msg/map_data.hpp\n'}
[0.535387] (slam_msgs) StdoutLine: {'line': b'-- Up-to-date symlink: /root/install/slam_msgs/include/slam_msgs/slam_msgs/msg/map_graph.hpp\n'}
[0.535472] (slam_msgs) StdoutLine: {'line': b'-- Up-to-date symlink: /root/install/slam_msgs/include/slam_msgs/slam_msgs/msg/map_point.hpp\n'}
[0.535563] (slam_msgs) StdoutLine: {'line': b'-- Up-to-date symlink: /root/install/slam_msgs/include/slam_msgs/slam_msgs/srv/detail/get_all_landmarks_in_map__builder.hpp\n'}
[0.535651] (slam_msgs) StdoutLine: {'line': b'-- Up-to-date symlink: /root/install/slam_msgs/include/slam_msgs/slam_msgs/srv/detail/get_all_landmarks_in_map__struct.hpp\n'}
[0.535744] (slam_msgs) StdoutLine: {'line': b'-- Up-to-date symlink: /root/install/slam_msgs/include/slam_msgs/slam_msgs/srv/detail/get_all_landmarks_in_map__traits.hpp\n'}
[0.535840] (slam_msgs) StdoutLine: {'line': b'-- Up-to-date symlink: /root/install/slam_msgs/include/slam_msgs/slam_msgs/srv/detail/get_global_point_cloud__builder.hpp\n'}
[0.535929] (slam_msgs) StdoutLine: {'line': b'-- Up-to-date symlink: /root/install/slam_msgs/include/slam_msgs/slam_msgs/srv/detail/get_global_point_cloud__struct.hpp\n'}
[0.536017] (slam_msgs) StdoutLine: {'line': b'-- Up-to-date symlink: /root/install/slam_msgs/include/slam_msgs/slam_msgs/srv/detail/get_global_point_cloud__traits.hpp\n'}
[0.536104] (slam_msgs) StdoutLine: {'line': b'-- Up-to-date symlink: /root/install/slam_msgs/include/slam_msgs/slam_msgs/srv/detail/get_landmarks_in_view__builder.hpp\n'}
[0.536191] (slam_msgs) StdoutLine: {'line': b'-- Up-to-date symlink: /root/install/slam_msgs/include/slam_msgs/slam_msgs/srv/detail/get_landmarks_in_view__struct.hpp\n'}
[0.536276] (slam_msgs) StdoutLine: {'line': b'-- Up-to-date symlink: /root/install/slam_msgs/include/slam_msgs/slam_msgs/srv/detail/get_landmarks_in_view__traits.hpp\n'}
[0.536365] (slam_msgs) StdoutLine: {'line': b'-- Up-to-date symlink: /root/install/slam_msgs/include/slam_msgs/slam_msgs/srv/detail/get_map__builder.hpp\n'}
[0.536452] (slam_msgs) StdoutLine: {'line': b'-- Up-to-date symlink: /root/install/slam_msgs/include/slam_msgs/slam_msgs/srv/detail/get_map__struct.hpp\n'}
[0.536540] (slam_msgs) StdoutLine: {'line': b'-- Up-to-date symlink: /root/install/slam_msgs/include/slam_msgs/slam_msgs/srv/detail/get_map__traits.hpp\n'}
[0.536625] (slam_msgs) StdoutLine: {'line': b'-- Up-to-date symlink: /root/install/slam_msgs/include/slam_msgs/slam_msgs/srv/get_all_landmarks_in_map.hpp\n'}
[0.536711] (slam_msgs) StdoutLine: {'line': b'-- Up-to-date symlink: /root/install/slam_msgs/include/slam_msgs/slam_msgs/srv/get_global_point_cloud.hpp\n'}
[0.536811] (slam_msgs) StdoutLine: {'line': b'-- Up-to-date symlink: /root/install/slam_msgs/include/slam_msgs/slam_msgs/srv/get_landmarks_in_view.hpp\n'}
[0.536946] (slam_msgs) StdoutLine: {'line': b'-- Up-to-date symlink: /root/install/slam_msgs/include/slam_msgs/slam_msgs/srv/get_map.hpp\n'}
[0.537580] (slam_msgs) StdoutLine: {'line': b'-- Up-to-date symlink: /root/install/slam_msgs/include/slam_msgs/slam_msgs/msg/detail/key_frame__rosidl_typesupport_fastrtps_cpp.hpp\n'}
[0.537701] (slam_msgs) StdoutLine: {'line': b'-- Up-to-date symlink: /root/install/slam_msgs/include/slam_msgs/slam_msgs/msg/detail/map_data__rosidl_typesupport_fastrtps_cpp.hpp\n'}
[0.537847] (slam_msgs) StdoutLine: {'line': b'-- Up-to-date symlink: /root/install/slam_msgs/include/slam_msgs/slam_msgs/msg/detail/map_graph__rosidl_typesupport_fastrtps_cpp.hpp\n'}
[0.537939] (slam_msgs) StdoutLine: {'line': b'-- Up-to-date symlink: /root/install/slam_msgs/include/slam_msgs/slam_msgs/msg/detail/map_point__rosidl_typesupport_fastrtps_cpp.hpp\n'}
[0.538030] (slam_msgs) StdoutLine: {'line': b'-- Up-to-date symlink: /root/install/slam_msgs/include/slam_msgs/slam_msgs/msg/rosidl_typesupport_fastrtps_cpp__visibility_control.h\n'}
[0.538124] (slam_msgs) StdoutLine: {'line': b'-- Up-to-date symlink: /root/install/slam_msgs/include/slam_msgs/slam_msgs/srv/detail/get_all_landmarks_in_map__rosidl_typesupport_fastrtps_cpp.hpp\n'}
[0.538218] (slam_msgs) StdoutLine: {'line': b'-- Up-to-date symlink: /root/install/slam_msgs/include/slam_msgs/slam_msgs/srv/detail/get_global_point_cloud__rosidl_typesupport_fastrtps_cpp.hpp\n'}
[0.538309] (slam_msgs) StdoutLine: {'line': b'-- Up-to-date symlink: /root/install/slam_msgs/include/slam_msgs/slam_msgs/srv/detail/get_landmarks_in_view__rosidl_typesupport_fastrtps_cpp.hpp\n'}
[0.538400] (slam_msgs) StdoutLine: {'line': b'-- Up-to-date symlink: /root/install/slam_msgs/include/slam_msgs/slam_msgs/srv/detail/get_map__rosidl_typesupport_fastrtps_cpp.hpp\n'}
[0.538767] (slam_msgs) StdoutLine: {'line': b'-- Up-to-date symlink: /root/install/slam_msgs/include/slam_msgs/slam_msgs/msg/detail/key_frame__rosidl_typesupport_introspection_c.h\n'}
[0.538902] (slam_msgs) StdoutLine: {'line': b'-- Up-to-date symlink: /root/install/slam_msgs/include/slam_msgs/slam_msgs/msg/detail/map_data__rosidl_typesupport_introspection_c.h\n'}
[0.538998] (slam_msgs) StdoutLine: {'line': b'-- Up-to-date symlink: /root/install/slam_msgs/include/slam_msgs/slam_msgs/msg/detail/map_graph__rosidl_typesupport_introspection_c.h\n'}
[0.539085] (slam_msgs) StdoutLine: {'line': b'-- Up-to-date symlink: /root/install/slam_msgs/include/slam_msgs/slam_msgs/msg/detail/map_point__rosidl_typesupport_introspection_c.h\n'}
[0.539162] (slam_msgs) StdoutLine: {'line': b'-- Up-to-date symlink: /root/install/slam_msgs/include/slam_msgs/slam_msgs/msg/rosidl_typesupport_introspection_c__visibility_control.h\n'}
[0.539242] (slam_msgs) StdoutLine: {'line': b'-- Up-to-date symlink: /root/install/slam_msgs/include/slam_msgs/slam_msgs/srv/detail/get_all_landmarks_in_map__rosidl_typesupport_introspection_c.h\n'}
[0.539336] (slam_msgs) StdoutLine: {'line': b'-- Up-to-date symlink: /root/install/slam_msgs/include/slam_msgs/slam_msgs/srv/detail/get_global_point_cloud__rosidl_typesupport_introspection_c.h\n'}
[0.539422] (slam_msgs) StdoutLine: {'line': b'-- Up-to-date symlink: /root/install/slam_msgs/include/slam_msgs/slam_msgs/srv/detail/get_landmarks_in_view__rosidl_typesupport_introspection_c.h\n'}
[0.539506] (slam_msgs) StdoutLine: {'line': b'-- Up-to-date symlink: /root/install/slam_msgs/include/slam_msgs/slam_msgs/srv/detail/get_map__rosidl_typesupport_introspection_c.h\n'}
[0.539900] (slam_msgs) StdoutLine: {'line': b'-- Up-to-date symlink: /root/install/slam_msgs/include/slam_msgs/slam_msgs/msg/detail/key_frame__rosidl_typesupport_introspection_cpp.hpp\n'}
[0.539987] (slam_msgs) StdoutLine: {'line': b'-- Up-to-date symlink: /root/install/slam_msgs/include/slam_msgs/slam_msgs/msg/detail/map_data__rosidl_typesupport_introspection_cpp.hpp\n'}
[0.540063] (slam_msgs) StdoutLine: {'line': b'-- Up-to-date symlink: /root/install/slam_msgs/include/slam_msgs/slam_msgs/msg/detail/map_graph__rosidl_typesupport_introspection_cpp.hpp\n'}
[0.540143] (slam_msgs) StdoutLine: {'line': b'-- Up-to-date symlink: /root/install/slam_msgs/include/slam_msgs/slam_msgs/msg/detail/map_point__rosidl_typesupport_introspection_cpp.hpp\n'}
[0.540250] (slam_msgs) StdoutLine: {'line': b'-- Up-to-date symlink: /root/install/slam_msgs/include/slam_msgs/slam_msgs/srv/detail/get_all_landmarks_in_map__rosidl_typesupport_introspection_cpp.hpp\n'}
[0.540341] (slam_msgs) StdoutLine: {'line': b'-- Up-to-date symlink: /root/install/slam_msgs/include/slam_msgs/slam_msgs/srv/detail/get_global_point_cloud__rosidl_typesupport_introspection_cpp.hpp\n'}
[0.540431] (slam_msgs) StdoutLine: {'line': b'-- Up-to-date symlink: /root/install/slam_msgs/include/slam_msgs/slam_msgs/srv/detail/get_landmarks_in_view__rosidl_typesupport_introspection_cpp.hpp\n'}
[0.540523] (slam_msgs) StdoutLine: {'line': b'-- Up-to-date symlink: /root/install/slam_msgs/include/slam_msgs/slam_msgs/srv/detail/get_map__rosidl_typesupport_introspection_cpp.hpp\n'}
[0.540653] (slam_msgs) StdoutLine: {'line': b'-- Up-to-date symlink: /root/install/slam_msgs/share/slam_msgs/environment/pythonpath.sh\n'}
[0.540792] (slam_msgs) StdoutLine: {'line': b'-- Up-to-date symlink: /root/install/slam_msgs/share/slam_msgs/environment/pythonpath.dsv\n'}
[0.541052] (slam_msgs) StdoutLine: {'line': b'-- Up-to-date symlink: /root/install/slam_msgs/local/lib/python3.10/dist-packages/slam_msgs-1.0.0-py3.10.egg-info/PKG-INFO\n'}
[0.541145] (slam_msgs) StdoutLine: {'line': b'-- Up-to-date symlink: /root/install/slam_msgs/local/lib/python3.10/dist-packages/slam_msgs-1.0.0-py3.10.egg-info/SOURCES.txt\n'}
[0.541236] (slam_msgs) StdoutLine: {'line': b'-- Up-to-date symlink: /root/install/slam_msgs/local/lib/python3.10/dist-packages/slam_msgs-1.0.0-py3.10.egg-info/dependency_links.txt\n'}
[0.541324] (slam_msgs) StdoutLine: {'line': b'-- Up-to-date symlink: /root/install/slam_msgs/local/lib/python3.10/dist-packages/slam_msgs-1.0.0-py3.10.egg-info/top_level.txt\n'}
[0.541953] (slam_msgs) StdoutLine: {'line': b'-- Up-to-date symlink: /root/install/slam_msgs/local/lib/python3.10/dist-packages/slam_msgs/__init__.py\n'}
[0.542086] (slam_msgs) StdoutLine: {'line': b'-- Up-to-date symlink: /root/install/slam_msgs/local/lib/python3.10/dist-packages/slam_msgs/_slam_msgs_s.ep.rosidl_typesupport_c.c\n'}
[0.542186] (slam_msgs) StdoutLine: {'line': b'-- Up-to-date symlink: /root/install/slam_msgs/local/lib/python3.10/dist-packages/slam_msgs/_slam_msgs_s.ep.rosidl_typesupport_fastrtps_c.c\n'}
[0.542279] (slam_msgs) StdoutLine: {'line': b'-- Up-to-date symlink: /root/install/slam_msgs/local/lib/python3.10/dist-packages/slam_msgs/_slam_msgs_s.ep.rosidl_typesupport_introspection_c.c\n'}
[0.542367] (slam_msgs) StdoutLine: {'line': b'-- Up-to-date symlink: /root/install/slam_msgs/local/lib/python3.10/dist-packages/slam_msgs/libslam_msgs__rosidl_generator_py.so\n'}
[0.542457] (slam_msgs) StdoutLine: {'line': b'-- Up-to-date symlink: /root/install/slam_msgs/local/lib/python3.10/dist-packages/slam_msgs/msg/__init__.py\n'}
[0.542546] (slam_msgs) StdoutLine: {'line': b'-- Up-to-date symlink: /root/install/slam_msgs/local/lib/python3.10/dist-packages/slam_msgs/msg/_key_frame.py\n'}
[0.542633] (slam_msgs) StdoutLine: {'line': b'-- Up-to-date symlink: /root/install/slam_msgs/local/lib/python3.10/dist-packages/slam_msgs/msg/_key_frame_s.c\n'}
[0.542728] (slam_msgs) StdoutLine: {'line': b'-- Up-to-date symlink: /root/install/slam_msgs/local/lib/python3.10/dist-packages/slam_msgs/msg/_map_data.py\n'}
[0.542831] (slam_msgs) StdoutLine: {'line': b'-- Up-to-date symlink: /root/install/slam_msgs/local/lib/python3.10/dist-packages/slam_msgs/msg/_map_data_s.c\n'}
[0.542907] (slam_msgs) StdoutLine: {'line': b'-- Up-to-date symlink: /root/install/slam_msgs/local/lib/python3.10/dist-packages/slam_msgs/msg/_map_graph.py\n'}
[0.543001] (slam_msgs) StdoutLine: {'line': b'-- Up-to-date symlink: /root/install/slam_msgs/local/lib/python3.10/dist-packages/slam_msgs/msg/_map_graph_s.c\n'}
[0.543077] (slam_msgs) StdoutLine: {'line': b'-- Up-to-date symlink: /root/install/slam_msgs/local/lib/python3.10/dist-packages/slam_msgs/msg/_map_point.py\n'}
[0.543160] (slam_msgs) StdoutLine: {'line': b'-- Up-to-date symlink: /root/install/slam_msgs/local/lib/python3.10/dist-packages/slam_msgs/msg/_map_point_s.c\n'}
[0.543246] (slam_msgs) StdoutLine: {'line': b'-- Up-to-date symlink: /root/install/slam_msgs/local/lib/python3.10/dist-packages/slam_msgs/slam_msgs_s__rosidl_typesupport_c.cpython-310-x86_64-linux-gnu.so\n'}
[0.543334] (slam_msgs) StdoutLine: {'line': b'-- Up-to-date symlink: /root/install/slam_msgs/local/lib/python3.10/dist-packages/slam_msgs/slam_msgs_s__rosidl_typesupport_fastrtps_c.cpython-310-x86_64-linux-gnu.so\n'}
[0.543421] (slam_msgs) StdoutLine: {'line': b'-- Up-to-date symlink: /root/install/slam_msgs/local/lib/python3.10/dist-packages/slam_msgs/slam_msgs_s__rosidl_typesupport_introspection_c.cpython-310-x86_64-linux-gnu.so\n'}
[0.543509] (slam_msgs) StdoutLine: {'line': b'-- Up-to-date symlink: /root/install/slam_msgs/local/lib/python3.10/dist-packages/slam_msgs/srv/__init__.py\n'}
[0.543602] (slam_msgs) StdoutLine: {'line': b'-- Up-to-date symlink: /root/install/slam_msgs/local/lib/python3.10/dist-packages/slam_msgs/srv/_get_all_landmarks_in_map.py\n'}
[0.543689] (slam_msgs) StdoutLine: {'line': b'-- Up-to-date symlink: /root/install/slam_msgs/local/lib/python3.10/dist-packages/slam_msgs/srv/_get_all_landmarks_in_map_s.c\n'}
[0.543782] (slam_msgs) StdoutLine: {'line': b'-- Up-to-date symlink: /root/install/slam_msgs/local/lib/python3.10/dist-packages/slam_msgs/srv/_get_global_point_cloud.py\n'}
[0.543869] (slam_msgs) StdoutLine: {'line': b'-- Up-to-date symlink: /root/install/slam_msgs/local/lib/python3.10/dist-packages/slam_msgs/srv/_get_global_point_cloud_s.c\n'}
[0.543955] (slam_msgs) StdoutLine: {'line': b'-- Up-to-date symlink: /root/install/slam_msgs/local/lib/python3.10/dist-packages/slam_msgs/srv/_get_landmarks_in_view.py\n'}
[0.544040] (slam_msgs) StdoutLine: {'line': b'-- Up-to-date symlink: /root/install/slam_msgs/local/lib/python3.10/dist-packages/slam_msgs/srv/_get_landmarks_in_view_s.c\n'}
[0.544127] (slam_msgs) StdoutLine: {'line': b'-- Up-to-date symlink: /root/install/slam_msgs/local/lib/python3.10/dist-packages/slam_msgs/srv/_get_map.py\n'}
[0.544217] (slam_msgs) StdoutLine: {'line': b'-- Up-to-date symlink: /root/install/slam_msgs/local/lib/python3.10/dist-packages/slam_msgs/srv/_get_map_s.c\n'}
[0.544444] (slam_msgs) StdoutLine: {'line': b'-- Up-to-date symlink: /root/install/slam_msgs/local/lib/python3.10/dist-packages/slam_msgs/slam_msgs_s__rosidl_typesupport_fastrtps_c.cpython-310-x86_64-linux-gnu.so\n'}
[0.544652] (slam_msgs) StdoutLine: {'line': b'-- Up-to-date symlink: /root/install/slam_msgs/local/lib/python3.10/dist-packages/slam_msgs/slam_msgs_s__rosidl_typesupport_introspection_c.cpython-310-x86_64-linux-gnu.so\n'}
[0.544874] (slam_msgs) StdoutLine: {'line': b'-- Up-to-date symlink: /root/install/slam_msgs/local/lib/python3.10/dist-packages/slam_msgs/slam_msgs_s__rosidl_typesupport_c.cpython-310-x86_64-linux-gnu.so\n'}
[0.545011] (slam_msgs) StdoutLine: {'line': b'-- Up-to-date symlink: /root/install/slam_msgs/share/slam_msgs/msg/MapGraph.idl\n'}
[0.545140] (slam_msgs) StdoutLine: {'line': b'-- Up-to-date symlink: /root/install/slam_msgs/share/slam_msgs/msg/MapData.idl\n'}
[0.545265] (slam_msgs) StdoutLine: {'line': b'-- Up-to-date symlink: /root/install/slam_msgs/share/slam_msgs/msg/KeyFrame.idl\n'}
[0.545389] (slam_msgs) StdoutLine: {'line': b'-- Up-to-date symlink: /root/install/slam_msgs/share/slam_msgs/msg/MapPoint.idl\n'}
[0.545515] (slam_msgs) StdoutLine: {'line': b'-- Up-to-date symlink: /root/install/slam_msgs/share/slam_msgs/srv/GetMap.idl\n'}
[0.545640] (slam_msgs) StdoutLine: {'line': b'-- Up-to-date symlink: /root/install/slam_msgs/share/slam_msgs/srv/GetLandmarksInView.idl\n'}
[0.545774] (slam_msgs) StdoutLine: {'line': b'-- Up-to-date symlink: /root/install/slam_msgs/share/slam_msgs/srv/GetAllLandmarksInMap.idl\n'}
[0.545901] (slam_msgs) StdoutLine: {'line': b'-- Up-to-date symlink: /root/install/slam_msgs/share/slam_msgs/srv/GetGlobalPointCloud.idl\n'}
[0.546029] (slam_msgs) StdoutLine: {'line': b'-- Up-to-date symlink: /root/install/slam_msgs/share/slam_msgs/msg/MapGraph.msg\n'}
[0.546150] (slam_msgs) StdoutLine: {'line': b'-- Up-to-date symlink: /root/install/slam_msgs/share/slam_msgs/msg/MapData.msg\n'}
[0.546269] (slam_msgs) StdoutLine: {'line': b'-- Up-to-date symlink: /root/install/slam_msgs/share/slam_msgs/msg/KeyFrame.msg\n'}
[0.546388] (slam_msgs) StdoutLine: {'line': b'-- Up-to-date symlink: /root/install/slam_msgs/share/slam_msgs/msg/MapPoint.msg\n'}
[0.546506] (slam_msgs) StdoutLine: {'line': b'-- Up-to-date symlink: /root/install/slam_msgs/share/slam_msgs/srv/GetMap.srv\n'}
[0.546628] (slam_msgs) StdoutLine: {'line': b'-- Up-to-date symlink: /root/install/slam_msgs/share/slam_msgs/srv/GetMap_Request.msg\n'}
[0.546756] (slam_msgs) StdoutLine: {'line': b'-- Up-to-date symlink: /root/install/slam_msgs/share/slam_msgs/srv/GetMap_Response.msg\n'}
[0.546879] (slam_msgs) StdoutLine: {'line': b'-- Up-to-date symlink: /root/install/slam_msgs/share/slam_msgs/srv/GetLandmarksInView.srv\n'}
[0.547003] (slam_msgs) StdoutLine: {'line': b'-- Up-to-date symlink: /root/install/slam_msgs/share/slam_msgs/srv/GetLandmarksInView_Request.msg\n'}
[0.547125] (slam_msgs) StdoutLine: {'line': b'-- Up-to-date symlink: /root/install/slam_msgs/share/slam_msgs/srv/GetLandmarksInView_Response.msg\n'}
[0.547247] (slam_msgs) StdoutLine: {'line': b'-- Up-to-date symlink: /root/install/slam_msgs/share/slam_msgs/srv/GetAllLandmarksInMap.srv\n'}
[0.547370] (slam_msgs) StdoutLine: {'line': b'-- Up-to-date symlink: /root/install/slam_msgs/share/slam_msgs/srv/GetAllLandmarksInMap_Request.msg\n'}
[0.547491] (slam_msgs) StdoutLine: {'line': b'-- Up-to-date symlink: /root/install/slam_msgs/share/slam_msgs/srv/GetAllLandmarksInMap_Response.msg\n'}
[0.547612] (slam_msgs) StdoutLine: {'line': b'-- Up-to-date symlink: /root/install/slam_msgs/share/slam_msgs/srv/GetGlobalPointCloud.srv\n'}
[0.547737] (slam_msgs) StdoutLine: {'line': b'-- Up-to-date symlink: /root/install/slam_msgs/share/slam_msgs/srv/GetGlobalPointCloud_Request.msg\n'}
[0.547863] (slam_msgs) StdoutLine: {'line': b'-- Up-to-date symlink: /root/install/slam_msgs/share/slam_msgs/srv/GetGlobalPointCloud_Response.msg\n'}
[0.547997] (slam_msgs) StdoutLine: {'line': b'-- Up-to-date symlink: /root/install/slam_msgs/share/ament_index/resource_index/package_run_dependencies/slam_msgs\n'}
[0.548130] (slam_msgs) StdoutLine: {'line': b'-- Up-to-date symlink: /root/install/slam_msgs/share/ament_index/resource_index/parent_prefix_path/slam_msgs\n'}
[0.548266] (slam_msgs) StdoutLine: {'line': b'-- Up-to-date symlink: /root/install/slam_msgs/share/slam_msgs/environment/ament_prefix_path.sh\n'}
[0.548389] (slam_msgs) StdoutLine: {'line': b'-- Up-to-date symlink: /root/install/slam_msgs/share/slam_msgs/environment/ament_prefix_path.dsv\n'}
[0.548526] (slam_msgs) StdoutLine: {'line': b'-- Up-to-date symlink: /root/install/slam_msgs/share/slam_msgs/environment/path.sh\n'}
[0.548648] (slam_msgs) StdoutLine: {'line': b'-- Up-to-date symlink: /root/install/slam_msgs/share/slam_msgs/environment/path.dsv\n'}
[0.548773] (slam_msgs) StdoutLine: {'line': b'-- Up-to-date symlink: /root/install/slam_msgs/share/slam_msgs/local_setup.bash\n'}
[0.548896] (slam_msgs) StdoutLine: {'line': b'-- Up-to-date symlink: /root/install/slam_msgs/share/slam_msgs/local_setup.sh\n'}
[0.549016] (slam_msgs) StdoutLine: {'line': b'-- Up-to-date symlink: /root/install/slam_msgs/share/slam_msgs/local_setup.zsh\n'}
[0.549134] (slam_msgs) StdoutLine: {'line': b'-- Up-to-date symlink: /root/install/slam_msgs/share/slam_msgs/local_setup.dsv\n'}
[0.549227] (slam_msgs) StdoutLine: {'line': b'-- Symlinking: /root/install/slam_msgs/share/slam_msgs/package.dsv\n'}
[0.557076] (slam_msgs) StdoutLine: {'line': b'-- Up-to-date symlink: /root/install/slam_msgs/share/ament_index/resource_index/packages/slam_msgs\n'}
[0.557215] (slam_msgs) StdoutLine: {'line': b'-- Up-to-date symlink: /root/install/slam_msgs/share/slam_msgs/cmake/rosidl_cmake-extras.cmake\n'}
[0.557314] (slam_msgs) StdoutLine: {'line': b'-- Up-to-date symlink: /root/install/slam_msgs/share/slam_msgs/cmake/ament_cmake_export_dependencies-extras.cmake\n'}
[0.557443] (slam_msgs) StdoutLine: {'line': b'-- Up-to-date symlink: /root/install/slam_msgs/share/slam_msgs/cmake/ament_cmake_export_include_directories-extras.cmake\n'}
[0.557568] (slam_msgs) StdoutLine: {'line': b'-- Up-to-date symlink: /root/install/slam_msgs/share/slam_msgs/cmake/ament_cmake_export_libraries-extras.cmake\n'}
[0.557697] (slam_msgs) StdoutLine: {'line': b'-- Up-to-date symlink: /root/install/slam_msgs/share/slam_msgs/cmake/ament_cmake_export_targets-extras.cmake\n'}
[0.557832] (slam_msgs) StdoutLine: {'line': b'-- Up-to-date symlink: /root/install/slam_msgs/share/slam_msgs/cmake/rosidl_cmake_export_typesupport_targets-extras.cmake\n'}
[0.557960] (slam_msgs) StdoutLine: {'line': b'-- Up-to-date symlink: /root/install/slam_msgs/share/slam_msgs/cmake/rosidl_cmake_export_typesupport_libraries-extras.cmake\n'}
[0.558092] (slam_msgs) StdoutLine: {'line': b'-- Up-to-date symlink: /root/install/slam_msgs/share/slam_msgs/cmake/slam_msgsConfig.cmake\n'}
[0.558179] (slam_msgs) StdoutLine: {'line': b'-- Up-to-date symlink: /root/install/slam_msgs/share/slam_msgs/cmake/slam_msgsConfig-version.cmake\n'}
[0.558303] (slam_msgs) StdoutLine: {'line': b'-- Up-to-date symlink: /root/install/slam_msgs/share/slam_msgs/package.xml\n'}
[0.558497] (slam_msgs) StdoutLine: {'line': b'-- Up-to-date: /root/install/slam_msgs/lib/libslam_msgs__rosidl_generator_c.so\n'}
[0.558761] (slam_msgs) StdoutLine: {'line': b'-- Up-to-date: /root/install/slam_msgs/lib/libslam_msgs__rosidl_typesupport_fastrtps_c.so\n'}
[0.559003] (slam_msgs) StdoutLine: {'line': b'-- Up-to-date: /root/install/slam_msgs/lib/libslam_msgs__rosidl_typesupport_fastrtps_cpp.so\n'}
[0.559257] (slam_msgs) StdoutLine: {'line': b'-- Up-to-date: /root/install/slam_msgs/lib/libslam_msgs__rosidl_typesupport_introspection_c.so\n'}
[0.559473] (slam_msgs) StdoutLine: {'line': b'-- Up-to-date: /root/install/slam_msgs/lib/libslam_msgs__rosidl_typesupport_c.so\n'}
[0.559687] (slam_msgs) StdoutLine: {'line': b'-- Up-to-date: /root/install/slam_msgs/lib/libslam_msgs__rosidl_typesupport_introspection_cpp.so\n'}
[0.559918] (slam_msgs) StdoutLine: {'line': b'-- Up-to-date: /root/install/slam_msgs/lib/libslam_msgs__rosidl_typesupport_cpp.so\n'}
[0.583731] (orb_slam3_navigator) Command: {'cmd': ['/usr/bin/python3', '-W', 'ignore:setup.py install is deprecated', 'setup.py', 'develop', '--editable', '--build-directory', '/root/build/orb_slam3_navigator/build', '--no-deps', 'symlink_data'], 'cwd': '/root/build/orb_slam3_navigator', 'env': {'HOSTNAME': 'LP-Boston-11364', 'SHLVL': '1', 'LD_LIBRARY_PATH': '/root/colcon_ws/install/slam_msgs/lib:/opt/ros/humble/opt/rviz_ogre_vendor/lib:/opt/ros/humble/lib/x86_64-linux-gnu:/opt/ros/humble/lib', 'HOME': '/root', 'OLDPWD': '/', 'ROS_PYTHON_VERSION': '3', 'COLCON_PREFIX_PATH': '/root/colcon_ws/install', 'ROS_DISTRO': 'humble', '_': '/usr/bin/colcon', 'ROS_VERSION': '2', 'SCOUT_NAMESPACE': 'scout_2', 'TERM': 'xterm', 'ROS_LOCALHOST_ONLY': '1', 'PATH': '/opt/ros/humble/bin:/usr/local/sbin:/usr/local/bin:/usr/sbin:/usr/bin:/sbin:/bin', 'XDG_RUNTIME_DIR': '/tmp/runtime-root', 'DISPLAY': ':1', 'LANG': 'C.UTF-8', 'LS_COLORS': 'rs=0:di=01;34:ln=01;36:mh=00:pi=40;33:so=01;35:do=01;35:bd=40;33;01:cd=40;33;01:or=40;31;01:mi=00:su=37;41:sg=30;43:ca=30;41:tw=30;42:ow=34;42:st=37;44:ex=01;32:*.tar=01;31:*.tgz=01;31:*.arc=01;31:*.arj=01;31:*.taz=01;31:*.lha=01;31:*.lz4=01;31:*.lzh=01;31:*.lzma=01;31:*.tlz=01;31:*.txz=01;31:*.tzo=01;31:*.t7z=01;31:*.zip=01;31:*.z=01;31:*.dz=01;31:*.gz=01;31:*.lrz=01;31:*.lz=01;31:*.lzo=01;31:*.xz=01;31:*.zst=01;31:*.tzst=01;31:*.bz2=01;31:*.bz=01;31:*.tbz=01;31:*.tbz2=01;31:*.tz=01;31:*.deb=01;31:*.rpm=01;31:*.jar=01;31:*.war=01;31:*.ear=01;31:*.sar=01;31:*.rar=01;31:*.alz=01;31:*.ace=01;31:*.zoo=01;31:*.cpio=01;31:*.7z=01;31:*.rz=01;31:*.cab=01;31:*.wim=01;31:*.swm=01;31:*.dwm=01;31:*.esd=01;31:*.jpg=01;35:*.jpeg=01;35:*.mjpg=01;35:*.mjpeg=01;35:*.gif=01;35:*.bmp=01;35:*.pbm=01;35:*.pgm=01;35:*.ppm=01;35:*.tga=01;35:*.xbm=01;35:*.xpm=01;35:*.tif=01;35:*.tiff=01;35:*.png=01;35:*.svg=01;35:*.svgz=01;35:*.mng=01;35:*.pcx=01;35:*.mov=01;35:*.mpg=01;35:*.mpeg=01;35:*.m2v=01;35:*.mkv=01;35:*.webm=01;35:*.webp=01;35:*.ogm=01;35:*.mp4=01;35:*.m4v=01;35:*.mp4v=01;35:*.vob=01;35:*.qt=01;35:*.nuv=01;35:*.wmv=01;35:*.asf=01;35:*.rm=01;35:*.rmvb=01;35:*.flc=01;35:*.avi=01;35:*.fli=01;35:*.flv=01;35:*.gl=01;35:*.dl=01;35:*.xcf=01;35:*.xwd=01;35:*.yuv=01;35:*.cgm=01;35:*.emf=01;35:*.ogv=01;35:*.ogx=01;35:*.aac=00;36:*.au=00;36:*.flac=00;36:*.m4a=00;36:*.mid=00;36:*.midi=00;36:*.mka=00;36:*.mp3=00;36:*.mpc=00;36:*.ogg=00;36:*.ra=00;36:*.wav=00;36:*.oga=00;36:*.opus=00;36:*.spx=00;36:*.xspf=00;36:', 'ROS_DOMAIN_ID': '55', 'AMENT_PREFIX_PATH': '/root/colcon_ws/install/orb_slam3_ros2_wrapper:/root/colcon_ws/install/orb_slam3_map_generator:/root/colcon_ws/install/slam_msgs:/root/colcon_ws/install/orb_slam3_navigator:/opt/ros/humble', 'PWD': '/root/build/orb_slam3_navigator', 'LC_ALL': 'C.UTF-8', 'RCUTILS_COLORIZED_OUTPUT': '1', 'PYTHONPATH': '/root/build/orb_slam3_navigator/prefix_override:/usr/lib/python3/dist-packages/colcon_core/task/python/colcon_distutils_commands:/root/install/orb_slam3_navigator/lib/python3.10/site-packages:/root/colcon_ws/install/slam_msgs/local/lib/python3.10/dist-packages:/root/colcon_ws/build/orb_slam3_navigator:/root/colcon_ws/install/orb_slam3_navigator/lib/python3.10/site-packages:/opt/ros/humble/lib/python3.10/site-packages:/opt/ros/humble/local/lib/python3.10/dist-packages', 'COLCON': '1', 'CMAKE_PREFIX_PATH': '/root/colcon_ws/install/orb_slam3_ros2_wrapper:/root/colcon_ws/install/orb_slam3_map_generator:/root/colcon_ws/install/slam_msgs'}, 'shell': False}
[0.589744] (slam_msgs) StdoutLine: {'line': b"Listing '/root/install/slam_msgs/local/lib/python3.10/dist-packages/slam_msgs'...\n"}
[0.589861] (slam_msgs) StdoutLine: {'line': b"Listing '/root/install/slam_msgs/local/lib/python3.10/dist-packages/slam_msgs/msg'...\n"}
[0.589927] (slam_msgs) StdoutLine: {'line': b"Listing '/root/install/slam_msgs/local/lib/python3.10/dist-packages/slam_msgs/srv'...\n"}
[0.593246] (slam_msgs) StdoutLine: {'line': b'-- Up-to-date: /root/install/slam_msgs/lib/libslam_msgs__rosidl_generator_py.so\n'}
[0.593477] (slam_msgs) StdoutLine: {'line': b'-- Up-to-date: /root/install/slam_msgs/share/slam_msgs/cmake/export_slam_msgs__rosidl_generator_cExport.cmake\n'}
[0.593590] (slam_msgs) StdoutLine: {'line': b'-- Up-to-date: /root/install/slam_msgs/share/slam_msgs/cmake/export_slam_msgs__rosidl_generator_cExport-noconfig.cmake\n'}
[0.593673] (slam_msgs) StdoutLine: {'line': b'-- Up-to-date: /root/install/slam_msgs/share/slam_msgs/cmake/export_slam_msgs__rosidl_typesupport_fastrtps_cExport.cmake\n'}
[0.593743] (slam_msgs) StdoutLine: {'line': b'-- Up-to-date: /root/install/slam_msgs/share/slam_msgs/cmake/export_slam_msgs__rosidl_typesupport_fastrtps_cExport-noconfig.cmake\n'}
[0.593856] (slam_msgs) StdoutLine: {'line': b'-- Up-to-date: /root/install/slam_msgs/share/slam_msgs/cmake/export_slam_msgs__rosidl_generator_cppExport.cmake\n'}
[0.593920] (slam_msgs) StdoutLine: {'line': b'-- Up-to-date: /root/install/slam_msgs/share/slam_msgs/cmake/export_slam_msgs__rosidl_typesupport_fastrtps_cppExport.cmake\n'}
[0.593984] (slam_msgs) StdoutLine: {'line': b'-- Up-to-date: /root/install/slam_msgs/share/slam_msgs/cmake/export_slam_msgs__rosidl_typesupport_fastrtps_cppExport-noconfig.cmake\n'}
[0.594074] (slam_msgs) StdoutLine: {'line': b'-- Up-to-date: /root/install/slam_msgs/share/slam_msgs/cmake/slam_msgs__rosidl_typesupport_introspection_cExport.cmake\n'}
[0.594138] (slam_msgs) StdoutLine: {'line': b'-- Up-to-date: /root/install/slam_msgs/share/slam_msgs/cmake/slam_msgs__rosidl_typesupport_introspection_cExport-noconfig.cmake\n'}
[0.594200] (slam_msgs) StdoutLine: {'line': b'-- Up-to-date: /root/install/slam_msgs/share/slam_msgs/cmake/slam_msgs__rosidl_typesupport_cExport.cmake\n'}
[0.594287] (slam_msgs) StdoutLine: {'line': b'-- Up-to-date: /root/install/slam_msgs/share/slam_msgs/cmake/slam_msgs__rosidl_typesupport_cExport-noconfig.cmake\n'}
[0.594351] (slam_msgs) StdoutLine: {'line': b'-- Up-to-date: /root/install/slam_msgs/share/slam_msgs/cmake/slam_msgs__rosidl_typesupport_introspection_cppExport.cmake\n'}
[0.594412] (slam_msgs) StdoutLine: {'line': b'-- Up-to-date: /root/install/slam_msgs/share/slam_msgs/cmake/slam_msgs__rosidl_typesupport_introspection_cppExport-noconfig.cmake\n'}
[0.594501] (slam_msgs) StdoutLine: {'line': b'-- Up-to-date: /root/install/slam_msgs/share/slam_msgs/cmake/slam_msgs__rosidl_typesupport_cppExport.cmake\n'}
[0.594569] (slam_msgs) StdoutLine: {'line': b'-- Up-to-date: /root/install/slam_msgs/share/slam_msgs/cmake/slam_msgs__rosidl_typesupport_cppExport-noconfig.cmake\n'}
[0.594623] (slam_msgs) StdoutLine: {'line': b'-- Up-to-date: /root/install/slam_msgs/share/slam_msgs/cmake/export_slam_msgs__rosidl_generator_pyExport.cmake\n'}
[0.594684] (slam_msgs) StdoutLine: {'line': b'-- Up-to-date: /root/install/slam_msgs/share/slam_msgs/cmake/export_slam_msgs__rosidl_generator_pyExport-noconfig.cmake\n'}
[0.596088] (slam_msgs) CommandEnded: {'returncode': 0}
[0.600416] (-) TimerEvent: {}
[0.700917] (-) TimerEvent: {}
[0.752482] (slam_msgs) JobEnded: {'identifier': 'slam_msgs', 'rc': 0}
[0.753297] (orb_slam3_map_generator) JobStarted: {'identifier': 'orb_slam3_map_generator'}
[0.756100] (orb_slam3_ros2_wrapper) JobStarted: {'identifier': 'orb_slam3_ros2_wrapper'}
[0.760895] (orb_slam3_map_generator) JobProgress: {'identifier': 'orb_slam3_map_generator', 'progress': 'cmake'}
[0.761714] (orb_slam3_map_generator) JobProgress: {'identifier': 'orb_slam3_map_generator', 'progress': 'build'}
[0.762101] (orb_slam3_map_generator) Command: {'cmd': ['/usr/bin/cmake', '--build', '/root/build/orb_slam3_map_generator', '--', '-j12', '-l12'], 'cwd': '/root/build/orb_slam3_map_generator', 'env': OrderedDict([('HOSTNAME', 'LP-Boston-11364'), ('SHLVL', '1'), ('LD_LIBRARY_PATH', '/root/install/slam_msgs/lib:/root/colcon_ws/install/slam_msgs/lib:/opt/ros/humble/opt/rviz_ogre_vendor/lib:/opt/ros/humble/lib/x86_64-linux-gnu:/opt/ros/humble/lib'), ('HOME', '/root'), ('OLDPWD', '/'), ('ROS_PYTHON_VERSION', '3'), ('COLCON_PREFIX_PATH', '/root/colcon_ws/install'), ('ROS_DISTRO', 'humble'), ('_', '/usr/bin/colcon'), ('ROS_VERSION', '2'), ('SCOUT_NAMESPACE', 'scout_2'), ('TERM', 'xterm'), ('ROS_LOCALHOST_ONLY', '1'), ('PATH', '/opt/ros/humble/bin:/usr/local/sbin:/usr/local/bin:/usr/sbin:/usr/bin:/sbin:/bin'), ('XDG_RUNTIME_DIR', '/tmp/runtime-root'), ('DISPLAY', ':1'), ('LANG', 'C.UTF-8'), ('LS_COLORS', 'rs=0:di=01;34:ln=01;36:mh=00:pi=40;33:so=01;35:do=01;35:bd=40;33;01:cd=40;33;01:or=40;31;01:mi=00:su=37;41:sg=30;43:ca=30;41:tw=30;42:ow=34;42:st=37;44:ex=01;32:*.tar=01;31:*.tgz=01;31:*.arc=01;31:*.arj=01;31:*.taz=01;31:*.lha=01;31:*.lz4=01;31:*.lzh=01;31:*.lzma=01;31:*.tlz=01;31:*.txz=01;31:*.tzo=01;31:*.t7z=01;31:*.zip=01;31:*.z=01;31:*.dz=01;31:*.gz=01;31:*.lrz=01;31:*.lz=01;31:*.lzo=01;31:*.xz=01;31:*.zst=01;31:*.tzst=01;31:*.bz2=01;31:*.bz=01;31:*.tbz=01;31:*.tbz2=01;31:*.tz=01;31:*.deb=01;31:*.rpm=01;31:*.jar=01;31:*.war=01;31:*.ear=01;31:*.sar=01;31:*.rar=01;31:*.alz=01;31:*.ace=01;31:*.zoo=01;31:*.cpio=01;31:*.7z=01;31:*.rz=01;31:*.cab=01;31:*.wim=01;31:*.swm=01;31:*.dwm=01;31:*.esd=01;31:*.jpg=01;35:*.jpeg=01;35:*.mjpg=01;35:*.mjpeg=01;35:*.gif=01;35:*.bmp=01;35:*.pbm=01;35:*.pgm=01;35:*.ppm=01;35:*.tga=01;35:*.xbm=01;35:*.xpm=01;35:*.tif=01;35:*.tiff=01;35:*.png=01;35:*.svg=01;35:*.svgz=01;35:*.mng=01;35:*.pcx=01;35:*.mov=01;35:*.mpg=01;35:*.mpeg=01;35:*.m2v=01;35:*.mkv=01;35:*.webm=01;35:*.webp=01;35:*.ogm=01;35:*.mp4=01;35:*.m4v=01;35:*.mp4v=01;35:*.vob=01;35:*.qt=01;35:*.nuv=01;35:*.wmv=01;35:*.asf=01;35:*.rm=01;35:*.rmvb=01;35:*.flc=01;35:*.avi=01;35:*.fli=01;35:*.flv=01;35:*.gl=01;35:*.dl=01;35:*.xcf=01;35:*.xwd=01;35:*.yuv=01;35:*.cgm=01;35:*.emf=01;35:*.ogv=01;35:*.ogx=01;35:*.aac=00;36:*.au=00;36:*.flac=00;36:*.m4a=00;36:*.mid=00;36:*.midi=00;36:*.mka=00;36:*.mp3=00;36:*.mpc=00;36:*.ogg=00;36:*.ra=00;36:*.wav=00;36:*.oga=00;36:*.opus=00;36:*.spx=00;36:*.xspf=00;36:'), ('ROS_DOMAIN_ID', '55'), ('AMENT_PREFIX_PATH', '/root/install/slam_msgs:/root/colcon_ws/install/orb_slam3_ros2_wrapper:/root/colcon_ws/install/orb_slam3_map_generator:/root/colcon_ws/install/slam_msgs:/root/colcon_ws/install/orb_slam3_navigator:/opt/ros/humble'), ('PWD', '/root/build/orb_slam3_map_generator'), ('LC_ALL', 'C.UTF-8'), ('RCUTILS_COLORIZED_OUTPUT', '1'), ('PYTHONPATH', '/root/install/slam_msgs/local/lib/python3.10/dist-packages:/root/colcon_ws/install/slam_msgs/local/lib/python3.10/dist-packages:/root/colcon_ws/build/orb_slam3_navigator:/root/colcon_ws/install/orb_slam3_navigator/lib/python3.10/site-packages:/opt/ros/humble/lib/python3.10/site-packages:/opt/ros/humble/local/lib/python3.10/dist-packages'), ('COLCON', '1'), ('CMAKE_PREFIX_PATH', '/root/install/slam_msgs:/root/colcon_ws/install/orb_slam3_ros2_wrapper:/root/colcon_ws/install/orb_slam3_map_generator:/root/colcon_ws/install/slam_msgs:/root/colcon_ws/install/orb_slam3_navigator:/opt/ros/humble')]), 'shell': False}
[0.764558] (orb_slam3_ros2_wrapper) JobProgress: {'identifier': 'orb_slam3_ros2_wrapper', 'progress': 'cmake'}
[0.766042] (orb_slam3_ros2_wrapper) Command: {'cmd': ['/usr/bin/cmake', '/root/colcon_ws/src/orb_slam3_ros2_wrapper', '-DAMENT_CMAKE_SYMLINK_INSTALL=1', '-DCMAKE_INSTALL_PREFIX=/root/install/orb_slam3_ros2_wrapper'], 'cwd': '/root/build/orb_slam3_ros2_wrapper', 'env': OrderedDict([('HOSTNAME', 'LP-Boston-11364'), ('SHLVL', '1'), ('LD_LIBRARY_PATH', '/root/install/slam_msgs/lib:/root/colcon_ws/install/slam_msgs/lib:/opt/ros/humble/opt/rviz_ogre_vendor/lib:/opt/ros/humble/lib/x86_64-linux-gnu:/opt/ros/humble/lib'), ('HOME', '/root'), ('OLDPWD', '/'), ('ROS_PYTHON_VERSION', '3'), ('COLCON_PREFIX_PATH', '/root/colcon_ws/install'), ('ROS_DISTRO', 'humble'), ('_', '/usr/bin/colcon'), ('ROS_VERSION', '2'), ('SCOUT_NAMESPACE', 'scout_2'), ('TERM', 'xterm'), ('ROS_LOCALHOST_ONLY', '1'), ('PATH', '/opt/ros/humble/bin:/usr/local/sbin:/usr/local/bin:/usr/sbin:/usr/bin:/sbin:/bin'), ('XDG_RUNTIME_DIR', '/tmp/runtime-root'), ('DISPLAY', ':1'), ('LANG', 'C.UTF-8'), ('LS_COLORS', 'rs=0:di=01;34:ln=01;36:mh=00:pi=40;33:so=01;35:do=01;35:bd=40;33;01:cd=40;33;01:or=40;31;01:mi=00:su=37;41:sg=30;43:ca=30;41:tw=30;42:ow=34;42:st=37;44:ex=01;32:*.tar=01;31:*.tgz=01;31:*.arc=01;31:*.arj=01;31:*.taz=01;31:*.lha=01;31:*.lz4=01;31:*.lzh=01;31:*.lzma=01;31:*.tlz=01;31:*.txz=01;31:*.tzo=01;31:*.t7z=01;31:*.zip=01;31:*.z=01;31:*.dz=01;31:*.gz=01;31:*.lrz=01;31:*.lz=01;31:*.lzo=01;31:*.xz=01;31:*.zst=01;31:*.tzst=01;31:*.bz2=01;31:*.bz=01;31:*.tbz=01;31:*.tbz2=01;31:*.tz=01;31:*.deb=01;31:*.rpm=01;31:*.jar=01;31:*.war=01;31:*.ear=01;31:*.sar=01;31:*.rar=01;31:*.alz=01;31:*.ace=01;31:*.zoo=01;31:*.cpio=01;31:*.7z=01;31:*.rz=01;31:*.cab=01;31:*.wim=01;31:*.swm=01;31:*.dwm=01;31:*.esd=01;31:*.jpg=01;35:*.jpeg=01;35:*.mjpg=01;35:*.mjpeg=01;35:*.gif=01;35:*.bmp=01;35:*.pbm=01;35:*.pgm=01;35:*.ppm=01;35:*.tga=01;35:*.xbm=01;35:*.xpm=01;35:*.tif=01;35:*.tiff=01;35:*.png=01;35:*.svg=01;35:*.svgz=01;35:*.mng=01;35:*.pcx=01;35:*.mov=01;35:*.mpg=01;35:*.mpeg=01;35:*.m2v=01;35:*.mkv=01;35:*.webm=01;35:*.webp=01;35:*.ogm=01;35:*.mp4=01;35:*.m4v=01;35:*.mp4v=01;35:*.vob=01;35:*.qt=01;35:*.nuv=01;35:*.wmv=01;35:*.asf=01;35:*.rm=01;35:*.rmvb=01;35:*.flc=01;35:*.avi=01;35:*.fli=01;35:*.flv=01;35:*.gl=01;35:*.dl=01;35:*.xcf=01;35:*.xwd=01;35:*.yuv=01;35:*.cgm=01;35:*.emf=01;35:*.ogv=01;35:*.ogx=01;35:*.aac=00;36:*.au=00;36:*.flac=00;36:*.m4a=00;36:*.mid=00;36:*.midi=00;36:*.mka=00;36:*.mp3=00;36:*.mpc=00;36:*.ogg=00;36:*.ra=00;36:*.wav=00;36:*.oga=00;36:*.opus=00;36:*.spx=00;36:*.xspf=00;36:'), ('ROS_DOMAIN_ID', '55'), ('AMENT_PREFIX_PATH', '/root/install/slam_msgs:/root/colcon_ws/install/orb_slam3_ros2_wrapper:/root/colcon_ws/install/orb_slam3_map_generator:/root/colcon_ws/install/slam_msgs:/root/colcon_ws/install/orb_slam3_navigator:/opt/ros/humble'), ('PWD', '/root/build/orb_slam3_ros2_wrapper'), ('LC_ALL', 'C.UTF-8'), ('RCUTILS_COLORIZED_OUTPUT', '1'), ('PYTHONPATH', '/root/install/slam_msgs/local/lib/python3.10/dist-packages:/root/colcon_ws/install/slam_msgs/local/lib/python3.10/dist-packages:/root/colcon_ws/build/orb_slam3_navigator:/root/colcon_ws/install/orb_slam3_navigator/lib/python3.10/site-packages:/opt/ros/humble/lib/python3.10/site-packages:/opt/ros/humble/local/lib/python3.10/dist-packages'), ('COLCON', '1'), ('CMAKE_PREFIX_PATH', '/root/install/slam_msgs:/root/colcon_ws/install/orb_slam3_ros2_wrapper:/root/colcon_ws/install/orb_slam3_map_generator:/root/colcon_ws/install/slam_msgs:/root/colcon_ws/install/orb_slam3_navigator:/opt/ros/humble')]), 'shell': False}
[0.777804] (orb_slam3_ros2_wrapper) StderrLine: {'line': b'\x1b[0mBuild type: Release\x1b[0m\n'}
[0.778000] (orb_slam3_ros2_wrapper) StdoutLine: {'line': b'-- Found ament_cmake_auto: 1.3.10 (/opt/ros/humble/share/ament_cmake_auto/cmake)\n'}
[0.801000] (-) TimerEvent: {}
[0.811371] (orb_slam3_map_generator) StdoutLine: {'line': b'[ 16%] \x1b[32mBuilding CXX object CMakeFiles/get_landmarks_simulator.dir/src/get_landmarks_simulator.cpp.o\x1b[0m\n'}
[0.811554] (orb_slam3_map_generator) StdoutLine: {'line': b'[ 33%] \x1b[32mBuilding CXX object CMakeFiles/color_pcl.dir/src/color_pcl.cpp.o\x1b[0m\n'}
[0.813455] (orb_slam3_map_generator) StdoutLine: {'line': b'[ 50%] \x1b[32mBuilding CXX object CMakeFiles/pointcloud_stitcher.dir/src/stitch_pcl.cpp.o\x1b[0m\n'}
[0.821062] (orb_slam3_navigator) StdoutLine: {'line': b'running develop\n'}
[0.821480] (orb_slam3_navigator) StderrLine: {'line': b'/usr/lib/python3/dist-packages/setuptools/command/easy_install.py:158: EasyInstallDeprecationWarning: easy_install command is deprecated. Use build and pip and other standards-based tools.\n'}
[0.821591] (orb_slam3_navigator) StderrLine: {'line': b'  warnings.warn(\n'}
[0.901095] (-) TimerEvent: {}
[0.903526] (orb_slam3_ros2_wrapper) StdoutLine: {'line': b'-- Override CMake install command with custom implementation using symlinks instead of copying resources\n'}
[0.914144] (orb_slam3_ros2_wrapper) StdoutLine: {'line': b'-- Found rclcpp: 16.0.10 (/opt/ros/humble/share/rclcpp/cmake)\n'}
[0.957418] (orb_slam3_ros2_wrapper) StdoutLine: {'line': b'-- Found rosidl_generator_c: 3.1.5 (/opt/ros/humble/share/rosidl_generator_c/cmake)\n'}
[0.961827] (orb_slam3_ros2_wrapper) StdoutLine: {'line': b'-- Found rosidl_adapter: 3.1.5 (/opt/ros/humble/share/rosidl_adapter/cmake)\n'}
[0.971190] (orb_slam3_ros2_wrapper) StdoutLine: {'line': b'-- Found rosidl_generator_cpp: 3.1.5 (/opt/ros/humble/share/rosidl_generator_cpp/cmake)\n'}
[0.987260] (orb_slam3_ros2_wrapper) StdoutLine: {'line': b'-- Using all available rosidl_typesupport_c: rosidl_typesupport_fastrtps_c;rosidl_typesupport_introspection_c\n'}
[1.001185] (-) TimerEvent: {}
[1.004428] (orb_slam3_navigator) StdoutLine: {'line': b'running egg_info\n'}
[1.004656] (orb_slam3_navigator) StdoutLine: {'line': b'writing orb_slam3_navigator.egg-info/PKG-INFO\n'}
[1.004875] (orb_slam3_navigator) StdoutLine: {'line': b'writing dependency_links to orb_slam3_navigator.egg-info/dependency_links.txt\n'}
[1.005085] (orb_slam3_navigator) StdoutLine: {'line': b'writing entry points to orb_slam3_navigator.egg-info/entry_points.txt\n'}
[1.005380] (orb_slam3_navigator) StdoutLine: {'line': b'writing requirements to orb_slam3_navigator.egg-info/requires.txt\n'}
[1.005501] (orb_slam3_navigator) StdoutLine: {'line': b'writing top-level names to orb_slam3_navigator.egg-info/top_level.txt\n'}
[1.007333] (orb_slam3_navigator) StdoutLine: {'line': b"reading manifest file 'orb_slam3_navigator.egg-info/SOURCES.txt'\n"}
[1.007868] (orb_slam3_ros2_wrapper) StdoutLine: {'line': b'-- Using all available rosidl_typesupport_cpp: rosidl_typesupport_fastrtps_cpp;rosidl_typesupport_introspection_cpp\n'}
[1.008243] (orb_slam3_navigator) StdoutLine: {'line': b"writing manifest file 'orb_slam3_navigator.egg-info/SOURCES.txt'\n"}
[1.009808] (orb_slam3_navigator) StdoutLine: {'line': b'running build_ext\n'}
[1.010090] (orb_slam3_navigator) StdoutLine: {'line': b'Creating /root/install/orb_slam3_navigator/lib/python3.10/site-packages/orb-slam3-navigator.egg-link (link to .)\n'}
[1.011168] (orb_slam3_navigator) StdoutLine: {'line': b'Installing orb_slam3_navigator script to /root/install/orb_slam3_navigator/lib/orb_slam3_navigator\n'}
[1.011487] (orb_slam3_navigator) StdoutLine: {'line': b'\n'}
[1.011807] (orb_slam3_navigator) StdoutLine: {'line': b'Installed /root/build/orb_slam3_navigator\n'}
[1.011943] (orb_slam3_navigator) StdoutLine: {'line': b'running symlink_data\n'}
[1.042153] (orb_slam3_navigator) CommandEnded: {'returncode': 0}
[1.051532] (orb_slam3_navigator) JobEnded: {'identifier': 'orb_slam3_navigator', 'rc': 0}
[1.061688] (orb_slam3_ros2_wrapper) StdoutLine: {'line': b'-- Found rmw_implementation_cmake: 6.1.2 (/opt/ros/humble/share/rmw_implementation_cmake/cmake)\n'}
[1.063988] (orb_slam3_ros2_wrapper) StdoutLine: {'line': b'-- Found rmw_fastrtps_cpp: 6.2.7 (/opt/ros/humble/share/rmw_fastrtps_cpp/cmake)\n'}
[1.101267] (-) TimerEvent: {}
[1.192034] (orb_slam3_ros2_wrapper) StdoutLine: {'line': b"-- Using RMW implementation 'rmw_fastrtps_cpp' as default\n"}
[1.201369] (-) TimerEvent: {}
[1.240772] (orb_slam3_ros2_wrapper) StdoutLine: {'line': b'-- Found sensor_msgs: 4.2.4 (/opt/ros/humble/share/sensor_msgs/cmake)\n'}
[1.269035] (orb_slam3_ros2_wrapper) StdoutLine: {'line': b'-- Found cv_bridge: 3.2.1 (/opt/ros/humble/share/cv_bridge/cmake)\n'}
[1.273434] (orb_slam3_ros2_wrapper) StdoutLine: {'line': b'-- Found message_filters: 4.3.5 (/opt/ros/humble/share/message_filters/cmake)\n'}
[1.280385] (orb_slam3_ros2_wrapper) StdoutLine: {'line': b'-- Found tf2_ros: 0.25.7 (/opt/ros/humble/share/tf2_ros/cmake)\n'}
[1.300329] (orb_slam3_map_generator) StderrLine: {'line': b'In file included from \x1b[01m\x1b[K/root/colcon_ws/src/orb_slam3_map_generator/src/stitch_pcl.cpp:10\x1b[m\x1b[K:\n'}
[1.300508] (orb_slam3_map_generator) StderrLine: {'line': b'\x1b[01m\x1b[K/opt/ros/humble/include/tf2_eigen/tf2_eigen/tf2_eigen.h:32:2:\x1b[m\x1b[K \x1b[01;35m\x1b[Kwarning: \x1b[m\x1b[K#warning This header is obsolete, please include tf2_eigen/tf2_eigen.hpp instead [\x1b[01;35m\x1b[K-Wcpp\x1b[m\x1b[K]\n'}
[1.300593] (orb_slam3_map_generator) StderrLine: {'line': b'   32 | #\x1b[01;35m\x1b[Kwarning\x1b[m\x1b[K This header is obsolete, please include tf2_eigen/tf2_eigen.hpp instead\n'}
[1.300668] (orb_slam3_map_generator) StderrLine: {'line': b'      |  \x1b[01;35m\x1b[K^~~~~~~\x1b[m\x1b[K\n'}
[1.301430] (-) TimerEvent: {}
[1.351220] (orb_slam3_ros2_wrapper) StdoutLine: {'line': b'-- Found tf2_eigen: 0.25.7 (/opt/ros/humble/share/tf2_eigen/cmake)\n'}
[1.353244] (orb_slam3_ros2_wrapper) StdoutLine: {'line': b'-- Found slam_msgs: 1.0.0 (/root/colcon_ws/install/slam_msgs/share/slam_msgs/cmake)\n'}
[1.369391] (orb_slam3_ros2_wrapper) StdoutLine: {'line': b'-- Found nav_msgs: 4.2.4 (/opt/ros/humble/share/nav_msgs/cmake)\n'}
[1.387526] (orb_slam3_ros2_wrapper) StdoutLine: {'line': b'-- Found tf2_geometry_msgs: 0.25.7 (/opt/ros/humble/share/tf2_geometry_msgs/cmake)\n'}
[1.390739] (orb_slam3_ros2_wrapper) StdoutLine: {'line': b'-- Found eigen3_cmake_module: 0.1.1 (/opt/ros/humble/share/eigen3_cmake_module/cmake)\n'}
[1.392254] (orb_slam3_ros2_wrapper) StdoutLine: {'line': b'-- Found Eigen3: TRUE (found version "3.4.0") \n'}
[1.392378] (orb_slam3_ros2_wrapper) StdoutLine: {'line': b'-- Ensuring Eigen3 include directory is part of orocos-kdl CMake target\n'}
[1.401520] (-) TimerEvent: {}
[1.433308] (orb_slam3_ros2_wrapper) StdoutLine: {'line': b'-- FLANN found (include: /usr/include, lib: /usr/lib/x86_64-linux-gnu/libflann_cpp.so)\n'}
[1.501647] (-) TimerEvent: {}
[1.585329] (orb_slam3_ros2_wrapper) StdoutLine: {'line': b'-- Found Eigen3: /usr/include/eigen3 (found version "3.4.0") \n'}
[1.601758] (-) TimerEvent: {}
[1.676921] (orb_slam3_ros2_wrapper) StdoutLine: {'line': b'-- OpenNI found (version: 1.5.4.0, include: /usr/include/ni, lib: /usr/lib/libOpenNI.so;libusb::libusb)\n'}
[1.683256] (orb_slam3_ros2_wrapper) StdoutLine: {'line': b'-- OpenNI2 found (version: 2.2.0.33, include: /usr/include/openni2, lib: /usr/lib/x86_64-linux-gnu/libOpenNI2.so;libusb::libusb)\n'}
[1.683449] (orb_slam3_ros2_wrapper) StderrLine: {'line': b'\x1b[0m** WARNING ** io features related to pcap will be disabled\x1b[0m\n'}
[1.701848] (-) TimerEvent: {}
[1.802124] (-) TimerEvent: {}
[1.818622] (orb_slam3_ros2_wrapper) StdoutLine: {'line': b'-- OpenNI found (version: 1.5.4.0, include: /usr/include/ni, lib: /usr/lib/libOpenNI.so;libusb::libusb)\n'}
[1.824317] (orb_slam3_ros2_wrapper) StdoutLine: {'line': b'-- OpenNI2 found (version: 2.2.0.33, include: /usr/include/openni2, lib: /usr/lib/x86_64-linux-gnu/libOpenNI2.so;libusb::libusb)\n'}
[1.902220] (-) TimerEvent: {}
[1.948144] (orb_slam3_ros2_wrapper) StdoutLine: {'line': b'-- Found Qhull version 8.0.2\n'}
[2.002314] (-) TimerEvent: {}
[2.076763] (orb_slam3_ros2_wrapper) StdoutLine: {'line': b'-- OpenNI found (version: 1.5.4.0, include: /usr/include/ni, lib: /usr/lib/libOpenNI.so;libusb::libusb)\n'}
[2.102408] (-) TimerEvent: {}
[2.200774] (orb_slam3_ros2_wrapper) StdoutLine: {'line': b'-- looking for PCL_COMMON\n'}
[2.201107] (orb_slam3_ros2_wrapper) StdoutLine: {'line': b'-- looking for PCL_KDTREE\n'}
[2.201443] (orb_slam3_ros2_wrapper) StdoutLine: {'line': b'-- looking for PCL_OCTREE\n'}
[2.201949] (orb_slam3_ros2_wrapper) StdoutLine: {'line': b'-- looking for PCL_SEARCH\n'}
[2.202104] (orb_slam3_ros2_wrapper) StdoutLine: {'line': b'-- looking for PCL_SAMPLE_CONSENSUS\n'}
[2.202453] (orb_slam3_ros2_wrapper) StdoutLine: {'line': b'-- looking for PCL_FILTERS\n'}
[2.202544] (-) TimerEvent: {}
[2.202855] (orb_slam3_ros2_wrapper) StdoutLine: {'line': b'-- looking for PCL_2D\n'}
[2.203185] (orb_slam3_ros2_wrapper) StdoutLine: {'line': b'-- looking for PCL_GEOMETRY\n'}
[2.203447] (orb_slam3_ros2_wrapper) StdoutLine: {'line': b'-- looking for PCL_IO\n'}
[2.203880] (orb_slam3_ros2_wrapper) StdoutLine: {'line': b'-- looking for PCL_FEATURES\n'}
[2.204276] (orb_slam3_ros2_wrapper) StdoutLine: {'line': b'-- looking for PCL_ML\n'}
[2.204610] (orb_slam3_ros2_wrapper) StdoutLine: {'line': b'-- looking for PCL_SEGMENTATION\n'}
[2.205070] (orb_slam3_ros2_wrapper) StdoutLine: {'line': b'-- looking for PCL_VISUALIZATION\n'}
[2.205504] (orb_slam3_ros2_wrapper) StdoutLine: {'line': b'-- looking for PCL_SURFACE\n'}
[2.205917] (orb_slam3_ros2_wrapper) StdoutLine: {'line': b'-- looking for PCL_REGISTRATION\n'}
[2.206348] (orb_slam3_ros2_wrapper) StdoutLine: {'line': b'-- looking for PCL_KEYPOINTS\n'}
[2.206764] (orb_slam3_ros2_wrapper) StdoutLine: {'line': b'-- looking for PCL_TRACKING\n'}
[2.207165] (orb_slam3_ros2_wrapper) StdoutLine: {'line': b'-- looking for PCL_RECOGNITION\n'}
[2.207644] (orb_slam3_ros2_wrapper) StdoutLine: {'line': b'-- looking for PCL_STEREO\n'}
[2.208021] (orb_slam3_ros2_wrapper) StdoutLine: {'line': b'-- looking for PCL_APPS\n'}
[2.208788] (orb_slam3_ros2_wrapper) StdoutLine: {'line': b'-- looking for PCL_IN_HAND_SCANNER\n'}
[2.209069] (orb_slam3_ros2_wrapper) StdoutLine: {'line': b'-- looking for PCL_MODELER\n'}
[2.209343] (orb_slam3_ros2_wrapper) StdoutLine: {'line': b'-- looking for PCL_POINT_CLOUD_EDITOR\n'}
[2.209588] (orb_slam3_ros2_wrapper) StdoutLine: {'line': b'-- looking for PCL_OUTOFCORE\n'}
[2.210045] (orb_slam3_ros2_wrapper) StdoutLine: {'line': b'-- looking for PCL_PEOPLE\n'}
[2.211346] (orb_slam3_ros2_wrapper) StdoutLine: {'line': b'-- Found pcl_ros: 2.4.5 (/opt/ros/humble/share/pcl_ros/cmake)\n'}
[2.281553] (orb_slam3_ros2_wrapper) StderrLine: {'line': b'\x1b[33mCMake Warning at CMakeLists.txt:110 (find_package):\n'}
[2.281705] (orb_slam3_ros2_wrapper) StderrLine: {'line': b'  By not providing "Findgtest.cmake" in CMAKE_MODULE_PATH this project has\n'}
[2.281793] (orb_slam3_ros2_wrapper) StderrLine: {'line': b'  asked CMake to find a package configuration file provided by "gtest", but\n'}
[2.281859] (orb_slam3_ros2_wrapper) StderrLine: {'line': b'  CMake did not find one.\n'}
[2.281920] (orb_slam3_ros2_wrapper) StderrLine: {'line': b'\n'}
[2.281979] (orb_slam3_ros2_wrapper) StderrLine: {'line': b'  Could not find a package configuration file provided by "gtest" with any of\n'}
[2.282037] (orb_slam3_ros2_wrapper) StderrLine: {'line': b'  the following names:\n'}
[2.282095] (orb_slam3_ros2_wrapper) StderrLine: {'line': b'\n'}
[2.282152] (orb_slam3_ros2_wrapper) StderrLine: {'line': b'    gtestConfig.cmake\n'}
[2.282208] (orb_slam3_ros2_wrapper) StderrLine: {'line': b'    gtest-config.cmake\n'}
[2.282264] (orb_slam3_ros2_wrapper) StderrLine: {'line': b'\n'}
[2.282319] (orb_slam3_ros2_wrapper) StderrLine: {'line': b'  Add the installation prefix of "gtest" to CMAKE_PREFIX_PATH or set\n'}
[2.282376] (orb_slam3_ros2_wrapper) StderrLine: {'line': b'  "gtest_DIR" to a directory containing one of the above files.  If "gtest"\n'}
[2.282433] (orb_slam3_ros2_wrapper) StderrLine: {'line': b'  provides a separate development package or SDK, be sure it has been\n'}
[2.282540] (orb_slam3_ros2_wrapper) StderrLine: {'line': b'  installed.\n'}
[2.282594] (orb_slam3_ros2_wrapper) StderrLine: {'line': b'\n'}
[2.282647] (orb_slam3_ros2_wrapper) StderrLine: {'line': b'\x1b[0m\n'}
[2.282700] (orb_slam3_ros2_wrapper) StdoutLine: {'line': b'-- Found ament_cmake_gtest: 1.3.10 (/opt/ros/humble/share/ament_cmake_gtest/cmake)\n'}
[2.282775] (orb_slam3_ros2_wrapper) StdoutLine: {'line': b"-- Found gtest sources under '/opt/ros/humble/src/gtest_vendor': C++ tests using 'Google Test' will be built\n"}
[2.302649] (-) TimerEvent: {}
[2.361420] (orb_slam3_ros2_wrapper) StdoutLine: {'line': b'-- Configuring done\n'}
[2.402751] (-) TimerEvent: {}
[2.503029] (-) TimerEvent: {}
[2.513650] (orb_slam3_ros2_wrapper) StdoutLine: {'line': b'-- Generating done\n'}
[2.516433] (orb_slam3_ros2_wrapper) StdoutLine: {'line': b'-- Build files have been written to: /root/build/orb_slam3_ros2_wrapper\n'}
[2.533357] (orb_slam3_ros2_wrapper) CommandEnded: {'returncode': 0}
[2.533979] (orb_slam3_ros2_wrapper) JobProgress: {'identifier': 'orb_slam3_ros2_wrapper', 'progress': 'build'}
[2.534401] (orb_slam3_ros2_wrapper) Command: {'cmd': ['/usr/bin/cmake', '--build', '/root/build/orb_slam3_ros2_wrapper', '--', '-j12', '-l12'], 'cwd': '/root/build/orb_slam3_ros2_wrapper', 'env': OrderedDict([('HOSTNAME', 'LP-Boston-11364'), ('SHLVL', '1'), ('LD_LIBRARY_PATH', '/root/install/slam_msgs/lib:/root/colcon_ws/install/slam_msgs/lib:/opt/ros/humble/opt/rviz_ogre_vendor/lib:/opt/ros/humble/lib/x86_64-linux-gnu:/opt/ros/humble/lib'), ('HOME', '/root'), ('OLDPWD', '/'), ('ROS_PYTHON_VERSION', '3'), ('COLCON_PREFIX_PATH', '/root/colcon_ws/install'), ('ROS_DISTRO', 'humble'), ('_', '/usr/bin/colcon'), ('ROS_VERSION', '2'), ('SCOUT_NAMESPACE', 'scout_2'), ('TERM', 'xterm'), ('ROS_LOCALHOST_ONLY', '1'), ('PATH', '/opt/ros/humble/bin:/usr/local/sbin:/usr/local/bin:/usr/sbin:/usr/bin:/sbin:/bin'), ('XDG_RUNTIME_DIR', '/tmp/runtime-root'), ('DISPLAY', ':1'), ('LANG', 'C.UTF-8'), ('LS_COLORS', 'rs=0:di=01;34:ln=01;36:mh=00:pi=40;33:so=01;35:do=01;35:bd=40;33;01:cd=40;33;01:or=40;31;01:mi=00:su=37;41:sg=30;43:ca=30;41:tw=30;42:ow=34;42:st=37;44:ex=01;32:*.tar=01;31:*.tgz=01;31:*.arc=01;31:*.arj=01;31:*.taz=01;31:*.lha=01;31:*.lz4=01;31:*.lzh=01;31:*.lzma=01;31:*.tlz=01;31:*.txz=01;31:*.tzo=01;31:*.t7z=01;31:*.zip=01;31:*.z=01;31:*.dz=01;31:*.gz=01;31:*.lrz=01;31:*.lz=01;31:*.lzo=01;31:*.xz=01;31:*.zst=01;31:*.tzst=01;31:*.bz2=01;31:*.bz=01;31:*.tbz=01;31:*.tbz2=01;31:*.tz=01;31:*.deb=01;31:*.rpm=01;31:*.jar=01;31:*.war=01;31:*.ear=01;31:*.sar=01;31:*.rar=01;31:*.alz=01;31:*.ace=01;31:*.zoo=01;31:*.cpio=01;31:*.7z=01;31:*.rz=01;31:*.cab=01;31:*.wim=01;31:*.swm=01;31:*.dwm=01;31:*.esd=01;31:*.jpg=01;35:*.jpeg=01;35:*.mjpg=01;35:*.mjpeg=01;35:*.gif=01;35:*.bmp=01;35:*.pbm=01;35:*.pgm=01;35:*.ppm=01;35:*.tga=01;35:*.xbm=01;35:*.xpm=01;35:*.tif=01;35:*.tiff=01;35:*.png=01;35:*.svg=01;35:*.svgz=01;35:*.mng=01;35:*.pcx=01;35:*.mov=01;35:*.mpg=01;35:*.mpeg=01;35:*.m2v=01;35:*.mkv=01;35:*.webm=01;35:*.webp=01;35:*.ogm=01;35:*.mp4=01;35:*.m4v=01;35:*.mp4v=01;35:*.vob=01;35:*.qt=01;35:*.nuv=01;35:*.wmv=01;35:*.asf=01;35:*.rm=01;35:*.rmvb=01;35:*.flc=01;35:*.avi=01;35:*.fli=01;35:*.flv=01;35:*.gl=01;35:*.dl=01;35:*.xcf=01;35:*.xwd=01;35:*.yuv=01;35:*.cgm=01;35:*.emf=01;35:*.ogv=01;35:*.ogx=01;35:*.aac=00;36:*.au=00;36:*.flac=00;36:*.m4a=00;36:*.mid=00;36:*.midi=00;36:*.mka=00;36:*.mp3=00;36:*.mpc=00;36:*.ogg=00;36:*.ra=00;36:*.wav=00;36:*.oga=00;36:*.opus=00;36:*.spx=00;36:*.xspf=00;36:'), ('ROS_DOMAIN_ID', '55'), ('AMENT_PREFIX_PATH', '/root/install/slam_msgs:/root/colcon_ws/install/orb_slam3_ros2_wrapper:/root/colcon_ws/install/orb_slam3_map_generator:/root/colcon_ws/install/slam_msgs:/root/colcon_ws/install/orb_slam3_navigator:/opt/ros/humble'), ('PWD', '/root/build/orb_slam3_ros2_wrapper'), ('LC_ALL', 'C.UTF-8'), ('RCUTILS_COLORIZED_OUTPUT', '1'), ('PYTHONPATH', '/root/install/slam_msgs/local/lib/python3.10/dist-packages:/root/colcon_ws/install/slam_msgs/local/lib/python3.10/dist-packages:/root/colcon_ws/build/orb_slam3_navigator:/root/colcon_ws/install/orb_slam3_navigator/lib/python3.10/site-packages:/opt/ros/humble/lib/python3.10/site-packages:/opt/ros/humble/local/lib/python3.10/dist-packages'), ('COLCON', '1'), ('CMAKE_PREFIX_PATH', '/root/install/slam_msgs:/root/colcon_ws/install/orb_slam3_ros2_wrapper:/root/colcon_ws/install/orb_slam3_map_generator:/root/colcon_ws/install/slam_msgs:/root/colcon_ws/install/orb_slam3_navigator:/opt/ros/humble')]), 'shell': False}
[2.589859] (orb_slam3_ros2_wrapper) StdoutLine: {'line': b'[  6%] \x1b[32mBuilding CXX object gtest/CMakeFiles/gtest.dir/src/gtest-all.cc.o\x1b[0m\n'}
[2.590172] (orb_slam3_ros2_wrapper) StdoutLine: {'line': b'[ 13%] \x1b[32mBuilding CXX object CMakeFiles/rgbd.dir/src/orb_slam3_interface.cpp.o\x1b[0m\n'}
[2.590586] (orb_slam3_ros2_wrapper) StdoutLine: {'line': b'[ 20%] \x1b[32mBuilding CXX object CMakeFiles/rgbd.dir/src/rgbd/rgbd.cpp.o\x1b[0m\n'}
[2.594240] (orb_slam3_ros2_wrapper) StdoutLine: {'line': b'[ 26%] \x1b[32mBuilding CXX object CMakeFiles/rgbd.dir/src/rgbd/rgbd-slam-node.cpp.o\x1b[0m\n'}
[2.594696] (orb_slam3_ros2_wrapper) StdoutLine: {'line': b'[ 33%] \x1b[32mBuilding CXX object CMakeFiles/rgbd.dir/src/type_conversion.cpp.o\x1b[0m\n'}
[2.597173] (orb_slam3_ros2_wrapper) StdoutLine: {'line': b'[ 40%] \x1b[32mBuilding CXX object gtest/CMakeFiles/gtest_main.dir/src/gtest_main.cc.o\x1b[0m\n'}
[2.599917] (orb_slam3_ros2_wrapper) StdoutLine: {'line': b'[ 53%] \x1b[32mBuilding CXX object CMakeFiles/orb_slam3_multi_map_fusion.dir/src/multi_map_fusion/multi_map_fusion.cpp.o\x1b[0m\n'}
[2.601129] (orb_slam3_ros2_wrapper) StdoutLine: {'line': b'[ 53%] \x1b[32mBuilding CXX object CMakeFiles/orb_slam3_multi_map_fusion.dir/src/multi_map_fusion/orb_slam3_multi_map_fusion.cpp.o\x1b[0m\n'}
[2.603111] (-) TimerEvent: {}
[2.627650] (orb_slam3_ros2_wrapper) StdoutLine: {'line': b'[ 60%] \x1b[32m\x1b[1mLinking CXX executable orb_slam3_multi_map_fusion\x1b[0m\n'}
[2.703214] (-) TimerEvent: {}
[2.806796] (-) TimerEvent: {}
[2.907372] (-) TimerEvent: {}
[3.007795] (-) TimerEvent: {}
[3.108126] (-) TimerEvent: {}
[3.208876] (-) TimerEvent: {}
[3.310787] (-) TimerEvent: {}
[3.411322] (-) TimerEvent: {}
[3.512782] (-) TimerEvent: {}
[3.613171] (-) TimerEvent: {}
[3.714950] (-) TimerEvent: {}
[3.815284] (-) TimerEvent: {}
[3.916788] (-) TimerEvent: {}
[4.017136] (-) TimerEvent: {}
[4.117522] (-) TimerEvent: {}
[4.117869] (orb_slam3_ros2_wrapper) StdoutLine: {'line': b'[ 66%] \x1b[32m\x1b[1mLinking CXX static library libgtest_main.a\x1b[0m\n'}
[4.162972] (orb_slam3_ros2_wrapper) StdoutLine: {'line': b'[ 66%] Built target gtest_main\n'}
[4.217634] (-) TimerEvent: {}
[4.317988] (-) TimerEvent: {}
[4.418340] (-) TimerEvent: {}
[4.518619] (-) TimerEvent: {}
[4.618936] (-) TimerEvent: {}
[4.719447] (-) TimerEvent: {}
[4.819790] (-) TimerEvent: {}
[4.920123] (-) TimerEvent: {}
[5.020464] (-) TimerEvent: {}
[5.122557] (-) TimerEvent: {}
[5.222902] (-) TimerEvent: {}
[5.323251] (-) TimerEvent: {}
[5.423592] (-) TimerEvent: {}
[5.426892] (orb_slam3_map_generator) StderrLine: {'line': b'\x1b[01m\x1b[K/root/colcon_ws/src/orb_slam3_map_generator/src/get_landmarks_simulator.cpp:\x1b[m\x1b[K In member function \xe2\x80\x98\x1b[01m\x1b[Kvoid MapPointsNode::handleGetLandmarksInView(std::shared_ptr<slam_msgs::srv::GetLandmarksInView_Request_<std::allocator<void> > >, std::shared_ptr<slam_msgs::srv::GetLandmarksInView_Response_<std::allocator<void> > >)\x1b[m\x1b[K\xe2\x80\x99:\n'}
[5.427144] (orb_slam3_map_generator) StderrLine: {'line': b'\x1b[01m\x1b[K/root/colcon_ws/src/orb_slam3_map_generator/src/get_landmarks_simulator.cpp:157:20:\x1b[m\x1b[K \x1b[01;35m\x1b[Kwarning: \x1b[m\x1b[Kunused variable \xe2\x80\x98\x1b[01m\x1b[Kdz\x1b[m\x1b[K\xe2\x80\x99 [\x1b[01;35m\x1b[K-Wunused-variable\x1b[m\x1b[K]\n'}
[5.427275] (orb_slam3_map_generator) StderrLine: {'line': b'  157 |             double \x1b[01;35m\x1b[Kdz\x1b[m\x1b[K = map_point.position.z - pose_z;\n'}
[5.427390] (orb_slam3_map_generator) StderrLine: {'line': b'      |                    \x1b[01;35m\x1b[K^~\x1b[m\x1b[K\n'}
[5.523706] (-) TimerEvent: {}
[5.624263] (-) TimerEvent: {}
[5.724785] (-) TimerEvent: {}
[5.825122] (-) TimerEvent: {}
[5.925677] (-) TimerEvent: {}
[6.026257] (-) TimerEvent: {}
[6.126793] (-) TimerEvent: {}
[6.227374] (-) TimerEvent: {}
[6.327716] (-) TimerEvent: {}
[6.430794] (-) TimerEvent: {}
[6.531307] (-) TimerEvent: {}
[6.631656] (-) TimerEvent: {}
[6.732209] (-) TimerEvent: {}
[6.832558] (-) TimerEvent: {}
[6.932926] (-) TimerEvent: {}
[7.033273] (-) TimerEvent: {}
[7.133622] (-) TimerEvent: {}
[7.233970] (-) TimerEvent: {}
[7.334314] (-) TimerEvent: {}
[7.434665] (-) TimerEvent: {}
[7.535023] (-) TimerEvent: {}
[7.635373] (-) TimerEvent: {}
[7.735929] (-) TimerEvent: {}
[7.836271] (-) TimerEvent: {}
[7.936809] (-) TimerEvent: {}
[8.037152] (-) TimerEvent: {}
[8.137502] (-) TimerEvent: {}
[8.237853] (-) TimerEvent: {}
[8.338205] (-) TimerEvent: {}
[8.438561] (-) TimerEvent: {}
[8.538943] (-) TimerEvent: {}
[8.639318] (-) TimerEvent: {}
[8.739674] (-) TimerEvent: {}
[8.840234] (-) TimerEvent: {}
[8.940578] (-) TimerEvent: {}
[9.040934] (-) TimerEvent: {}
[9.141288] (-) TimerEvent: {}
[9.241648] (-) TimerEvent: {}
[9.342004] (-) TimerEvent: {}
[9.442355] (-) TimerEvent: {}
[9.542730] (-) TimerEvent: {}
[9.643084] (-) TimerEvent: {}
[9.743468] (-) TimerEvent: {}
[9.750668] (orb_slam3_map_generator) StderrLine: {'line': b'\x1b[01m\x1b[K/root/colcon_ws/src/orb_slam3_map_generator/src/stitch_pcl.cpp:\x1b[m\x1b[K In constructor \xe2\x80\x98\x1b[01m\x1b[KPosePointCloudCollector::PosePointCloudCollector()\x1b[m\x1b[K\xe2\x80\x99:\n'}
[9.751129] (orb_slam3_map_generator) StderrLine: {'line': b'\x1b[01m\x1b[K/root/colcon_ws/src/orb_slam3_map_generator/src/stitch_pcl.cpp:335:12:\x1b[m\x1b[K \x1b[01;35m\x1b[Kwarning: \x1b[m\x1b[K\xe2\x80\x98\x1b[01m\x1b[KPosePointCloudCollector::buffer_duration_\x1b[m\x1b[K\xe2\x80\x99 will be initialized after [\x1b[01;35m\x1b[K-Wreorder\x1b[m\x1b[K]\n'}
[9.751265] (orb_slam3_map_generator) StderrLine: {'line': b'  335 |     double \x1b[01;35m\x1b[Kbuffer_duration_\x1b[m\x1b[K;\n'}
[9.751384] (orb_slam3_map_generator) StderrLine: {'line': b'      |            \x1b[01;35m\x1b[K^~~~~~~~~~~~~~~~\x1b[m\x1b[K\n'}
[9.751500] (orb_slam3_map_generator) StderrLine: {'line': b'\x1b[01m\x1b[K/root/colcon_ws/src/orb_slam3_map_generator/src/stitch_pcl.cpp:330:21:\x1b[m\x1b[K \x1b[01;35m\x1b[Kwarning: \x1b[m\x1b[K  \xe2\x80\x98\x1b[01m\x1b[Ktf2_ros::Buffer PosePointCloudCollector::tf_buffer_\x1b[m\x1b[K\xe2\x80\x99 [\x1b[01;35m\x1b[K-Wreorder\x1b[m\x1b[K]\n'}
[9.751616] (orb_slam3_map_generator) StderrLine: {'line': b'  330 |     tf2_ros::Buffer \x1b[01;35m\x1b[Ktf_buffer_\x1b[m\x1b[K;\n'}
[9.751734] (orb_slam3_map_generator) StderrLine: {'line': b'      |                     \x1b[01;35m\x1b[K^~~~~~~~~~\x1b[m\x1b[K\n'}
[9.751854] (orb_slam3_map_generator) StderrLine: {'line': b'\x1b[01m\x1b[K/root/colcon_ws/src/orb_slam3_map_generator/src/stitch_pcl.cpp:29:5:\x1b[m\x1b[K \x1b[01;35m\x1b[Kwarning: \x1b[m\x1b[K  when initialized here [\x1b[01;35m\x1b[K-Wreorder\x1b[m\x1b[K]\n'}
[9.751969] (orb_slam3_map_generator) StderrLine: {'line': b'   29 |     \x1b[01;35m\x1b[KPosePointCloudCollector\x1b[m\x1b[K()\n'}
[9.759259] (orb_slam3_map_generator) StderrLine: {'line': b'      |     \x1b[01;35m\x1b[K^~~~~~~~~~~~~~~~~~~~~~~\x1b[m\x1b[K\n'}
[9.843795] (-) TimerEvent: {}
[9.945098] (-) TimerEvent: {}
[10.045699] (-) TimerEvent: {}
[10.092085] (orb_slam3_ros2_wrapper) StderrLine: {'line': b'In file included from \x1b[01m\x1b[K/home/orb/ORB_SLAM3/include/Frame.h:30\x1b[m\x1b[K,\n'}
[10.093114] (orb_slam3_ros2_wrapper) StderrLine: {'line': b'                 from \x1b[01m\x1b[K/home/orb/ORB_SLAM3/include/KeyFrame.h:28\x1b[m\x1b[K,\n'}
[10.094096] (orb_slam3_ros2_wrapper) StderrLine: {'line': b'                 from \x1b[01m\x1b[K/home/orb/ORB_SLAM3/include/MapPoint.h:23\x1b[m\x1b[K,\n'}
[10.095077] (orb_slam3_ros2_wrapper) StderrLine: {'line': b'                 from \x1b[01m\x1b[K/root/colcon_ws/src/orb_slam3_ros2_wrapper/include/orb_slam3_ros2_wrapper/type_conversion.hpp:26\x1b[m\x1b[K,\n'}
[10.096065] (orb_slam3_ros2_wrapper) StderrLine: {'line': b'                 from \x1b[01m\x1b[K/root/colcon_ws/src/orb_slam3_ros2_wrapper/src/rgbd/rgbd-slam-node.hpp:37\x1b[m\x1b[K,\n'}
[10.096969] (orb_slam3_ros2_wrapper) StderrLine: {'line': b'                 from \x1b[01m\x1b[K/root/colcon_ws/src/orb_slam3_ros2_wrapper/src/rgbd/rgbd.cpp:7\x1b[m\x1b[K:\n'}
[10.097908] (orb_slam3_ros2_wrapper) StderrLine: {'line': b'\x1b[01m\x1b[K/home/orb/ORB_SLAM3/include/ImuTypes.h:\x1b[m\x1b[K In member function \xe2\x80\x98\x1b[01m\x1b[Kvoid ORB_SLAM3::IMU::Preintegrated::printMeasurements() const\x1b[m\x1b[K\xe2\x80\x99:\n'}
[10.098835] (orb_slam3_ros2_wrapper) StderrLine: {'line': b'\x1b[01m\x1b[K/home/orb/ORB_SLAM3/include/ImuTypes.h:204:23:\x1b[m\x1b[K \x1b[01;35m\x1b[Kwarning: \x1b[m\x1b[Kcomparison of integer expressions of different signedness: \xe2\x80\x98\x1b[01m\x1b[Kint\x1b[m\x1b[K\xe2\x80\x99 and \xe2\x80\x98\x1b[01m\x1b[Kstd::vector<ORB_SLAM3::IMU::Preintegrated::integrable>::size_type\x1b[m\x1b[K\xe2\x80\x99 {aka \xe2\x80\x98\x1b[01m\x1b[Klong unsigned int\x1b[m\x1b[K\xe2\x80\x99} [\x1b[01;35m\x1b[K-Wsign-compare\x1b[m\x1b[K]\n'}
[10.099794] (orb_slam3_ros2_wrapper) StderrLine: {'line': b'  204 |         for(int i=0; \x1b[01;35m\x1b[Ki<mvMeasurements.size()\x1b[m\x1b[K; i++){\n'}
[10.100109] (orb_slam3_ros2_wrapper) StderrLine: {'line': b'      |                      \x1b[01;35m\x1b[K~^~~~~~~~~~~~~~~~~~~~~~\x1b[m\x1b[K\n'}
[10.145796] (-) TimerEvent: {}
[10.174114] (orb_slam3_ros2_wrapper) StderrLine: {'line': b'In file included from \x1b[01m\x1b[K/home/orb/ORB_SLAM3/Thirdparty/g2o/g2o/types/types_six_dof_expmap.h:37\x1b[m\x1b[K,\n'}
[10.175240] (orb_slam3_ros2_wrapper) StderrLine: {'line': b'                 from \x1b[01m\x1b[K/home/orb/ORB_SLAM3/include/Converter.h:26\x1b[m\x1b[K,\n'}
[10.176248] (orb_slam3_ros2_wrapper) StderrLine: {'line': b'                 from \x1b[01m\x1b[K/home/orb/ORB_SLAM3/include/Frame.h:33\x1b[m\x1b[K,\n'}
[10.176596] (orb_slam3_ros2_wrapper) StderrLine: {'line': b'                 from \x1b[01m\x1b[K/home/orb/ORB_SLAM3/include/KeyFrame.h:28\x1b[m\x1b[K,\n'}
[10.176718] (orb_slam3_ros2_wrapper) StderrLine: {'line': b'                 from \x1b[01m\x1b[K/home/orb/ORB_SLAM3/include/MapPoint.h:23\x1b[m\x1b[K,\n'}
[10.179100] (orb_slam3_ros2_wrapper) StderrLine: {'line': b'                 from \x1b[01m\x1b[K/root/colcon_ws/src/orb_slam3_ros2_wrapper/include/orb_slam3_ros2_wrapper/type_conversion.hpp:26\x1b[m\x1b[K,\n'}
[10.180074] (orb_slam3_ros2_wrapper) StderrLine: {'line': b'                 from \x1b[01m\x1b[K/root/colcon_ws/src/orb_slam3_ros2_wrapper/src/rgbd/rgbd-slam-node.hpp:37\x1b[m\x1b[K,\n'}
[10.181069] (orb_slam3_ros2_wrapper) StderrLine: {'line': b'                 from \x1b[01m\x1b[K/root/colcon_ws/src/orb_slam3_ros2_wrapper/src/rgbd/rgbd.cpp:7\x1b[m\x1b[K:\n'}
[10.182061] (orb_slam3_ros2_wrapper) StderrLine: {'line': b'\x1b[01m\x1b[K/home/orb/ORB_SLAM3/Thirdparty/g2o/g2o/types/../core/base_vertex.h:\x1b[m\x1b[K At global scope:\n'}
[10.183013] (orb_slam3_ros2_wrapper) StderrLine: {'line': b'\x1b[01m\x1b[K/home/orb/ORB_SLAM3/Thirdparty/g2o/g2o/types/../core/base_vertex.h:62:74:\x1b[m\x1b[K \x1b[01;35m\x1b[Kwarning: \x1b[m\x1b[K\xe2\x80\x98\x1b[01m\x1b[KEigen::AlignedBit\x1b[m\x1b[K\xe2\x80\x99 is deprecated [\x1b[01;35m\x1b[K-Wdeprecated-declarations\x1b[m\x1b[K]\n'}
[10.183997] (orb_slam3_ros2_wrapper) StderrLine: {'line': b'   62 |     typedef Eigen::Map<Matrix<double, D, D>, Matrix<double,D,D>::Flags & \x1b[01;35m\x1b[KAlignedBit\x1b[m\x1b[K ? Aligned : Unaligned >  HessianBlockType;\n'}
[10.184344] (orb_slam3_ros2_wrapper) StderrLine: {'line': b'      |                                                                          \x1b[01;35m\x1b[K^~~~~~~~~~\x1b[m\x1b[K\n'}
[10.184465] (orb_slam3_ros2_wrapper) StderrLine: {'line': b'In file included from \x1b[01m\x1b[K/usr/include/eigen3/Eigen/Core:161\x1b[m\x1b[K,\n'}
[10.184583] (orb_slam3_ros2_wrapper) StderrLine: {'line': b'                 from \x1b[01m\x1b[K/root/colcon_ws/src/orb_slam3_ros2_wrapper/include/orb_slam3_ros2_wrapper/type_conversion.hpp:10\x1b[m\x1b[K,\n'}
[10.184727] (orb_slam3_ros2_wrapper) StderrLine: {'line': b'                 from \x1b[01m\x1b[K/root/colcon_ws/src/orb_slam3_ros2_wrapper/src/rgbd/rgbd-slam-node.hpp:37\x1b[m\x1b[K,\n'}
[10.184849] (orb_slam3_ros2_wrapper) StderrLine: {'line': b'                 from \x1b[01m\x1b[K/root/colcon_ws/src/orb_slam3_ros2_wrapper/src/rgbd/rgbd.cpp:7\x1b[m\x1b[K:\n'}
[10.184966] (orb_slam3_ros2_wrapper) StderrLine: {'line': b'\x1b[01m\x1b[K/usr/include/eigen3/Eigen/src/Core/util/Constants.h:167:37:\x1b[m\x1b[K \x1b[01;36m\x1b[Knote: \x1b[m\x1b[Kdeclared here\n'}
[10.185095] (orb_slam3_ros2_wrapper) StderrLine: {'line': b'  167 | EIGEN_DEPRECATED const unsigned int \x1b[01;36m\x1b[KAlignedBit\x1b[m\x1b[K = 0x80;\n'}
[10.185208] (orb_slam3_ros2_wrapper) StderrLine: {'line': b'      |                                     \x1b[01;36m\x1b[K^~~~~~~~~~\x1b[m\x1b[K\n'}
[10.185319] (orb_slam3_ros2_wrapper) StderrLine: {'line': b'In file included from \x1b[01m\x1b[K/home/orb/ORB_SLAM3/Thirdparty/g2o/g2o/types/types_six_dof_expmap.h:38\x1b[m\x1b[K,\n'}
[10.185433] (orb_slam3_ros2_wrapper) StderrLine: {'line': b'                 from \x1b[01m\x1b[K/home/orb/ORB_SLAM3/include/Converter.h:26\x1b[m\x1b[K,\n'}
[10.185555] (orb_slam3_ros2_wrapper) StderrLine: {'line': b'                 from \x1b[01m\x1b[K/home/orb/ORB_SLAM3/include/Frame.h:33\x1b[m\x1b[K,\n'}
[10.185665] (orb_slam3_ros2_wrapper) StderrLine: {'line': b'                 from \x1b[01m\x1b[K/home/orb/ORB_SLAM3/include/KeyFrame.h:28\x1b[m\x1b[K,\n'}
[10.185787] (orb_slam3_ros2_wrapper) StderrLine: {'line': b'                 from \x1b[01m\x1b[K/home/orb/ORB_SLAM3/include/MapPoint.h:23\x1b[m\x1b[K,\n'}
[10.185902] (orb_slam3_ros2_wrapper) StderrLine: {'line': b'                 from \x1b[01m\x1b[K/root/colcon_ws/src/orb_slam3_ros2_wrapper/include/orb_slam3_ros2_wrapper/type_conversion.hpp:26\x1b[m\x1b[K,\n'}
[10.186013] (orb_slam3_ros2_wrapper) StderrLine: {'line': b'                 from \x1b[01m\x1b[K/root/colcon_ws/src/orb_slam3_ros2_wrapper/src/rgbd/rgbd-slam-node.hpp:37\x1b[m\x1b[K,\n'}
[10.186117] (orb_slam3_ros2_wrapper) StderrLine: {'line': b'                 from \x1b[01m\x1b[K/root/colcon_ws/src/orb_slam3_ros2_wrapper/src/rgbd/rgbd.cpp:7\x1b[m\x1b[K:\n'}
[10.186225] (orb_slam3_ros2_wrapper) StderrLine: {'line': b'\x1b[01m\x1b[K/home/orb/ORB_SLAM3/Thirdparty/g2o/g2o/types/../core/base_binary_edge.h:59:82:\x1b[m\x1b[K \x1b[01;35m\x1b[Kwarning: \x1b[m\x1b[K\xe2\x80\x98\x1b[01m\x1b[KEigen::AlignedBit\x1b[m\x1b[K\xe2\x80\x99 is deprecated [\x1b[01;35m\x1b[K-Wdeprecated-declarations\x1b[m\x1b[K]\n'}
[10.186347] (orb_slam3_ros2_wrapper) StderrLine: {'line': b'   59 |       typedef Eigen::Map<Matrix<double, Di, Dj>, Matrix<double, Di, Dj>::Flags & \x1b[01;35m\x1b[KAlignedBit\x1b[m\x1b[K ? Aligned : Unaligned > HessianBlockType;\n'}
[10.186457] (orb_slam3_ros2_wrapper) StderrLine: {'line': b'      |                                                                                  \x1b[01;35m\x1b[K^~~~~~~~~~\x1b[m\x1b[K\n'}
[10.186565] (orb_slam3_ros2_wrapper) StderrLine: {'line': b'In file included from \x1b[01m\x1b[K/usr/include/eigen3/Eigen/Core:161\x1b[m\x1b[K,\n'}
[10.186674] (orb_slam3_ros2_wrapper) StderrLine: {'line': b'                 from \x1b[01m\x1b[K/root/colcon_ws/src/orb_slam3_ros2_wrapper/include/orb_slam3_ros2_wrapper/type_conversion.hpp:10\x1b[m\x1b[K,\n'}
[10.186802] (orb_slam3_ros2_wrapper) StderrLine: {'line': b'                 from \x1b[01m\x1b[K/root/colcon_ws/src/orb_slam3_ros2_wrapper/src/rgbd/rgbd-slam-node.hpp:37\x1b[m\x1b[K,\n'}
[10.186916] (orb_slam3_ros2_wrapper) StderrLine: {'line': b'                 from \x1b[01m\x1b[K/root/colcon_ws/src/orb_slam3_ros2_wrapper/src/rgbd/rgbd.cpp:7\x1b[m\x1b[K:\n'}
[10.187021] (orb_slam3_ros2_wrapper) StderrLine: {'line': b'\x1b[01m\x1b[K/usr/include/eigen3/Eigen/src/Core/util/Constants.h:167:37:\x1b[m\x1b[K \x1b[01;36m\x1b[Knote: \x1b[m\x1b[Kdeclared here\n'}
[10.187130] (orb_slam3_ros2_wrapper) StderrLine: {'line': b'  167 | EIGEN_DEPRECATED const unsigned int \x1b[01;36m\x1b[KAlignedBit\x1b[m\x1b[K = 0x80;\n'}
[10.187250] (orb_slam3_ros2_wrapper) StderrLine: {'line': b'      |                                     \x1b[01;36m\x1b[K^~~~~~~~~~\x1b[m\x1b[K\n'}
[10.187357] (orb_slam3_ros2_wrapper) StderrLine: {'line': b'In file included from \x1b[01m\x1b[K/home/orb/ORB_SLAM3/Thirdparty/g2o/g2o/types/types_six_dof_expmap.h:38\x1b[m\x1b[K,\n'}
[10.187466] (orb_slam3_ros2_wrapper) StderrLine: {'line': b'                 from \x1b[01m\x1b[K/home/orb/ORB_SLAM3/include/Converter.h:26\x1b[m\x1b[K,\n'}
[10.187572] (orb_slam3_ros2_wrapper) StderrLine: {'line': b'                 from \x1b[01m\x1b[K/home/orb/ORB_SLAM3/include/Frame.h:33\x1b[m\x1b[K,\n'}
[10.187671] (orb_slam3_ros2_wrapper) StderrLine: {'line': b'                 from \x1b[01m\x1b[K/home/orb/ORB_SLAM3/include/KeyFrame.h:28\x1b[m\x1b[K,\n'}
[10.208535] (orb_slam3_ros2_wrapper) StderrLine: {'line': b'                 from \x1b[01m\x1b[K/home/orb/ORB_SLAM3/include/MapPoint.h:23\x1b[m\x1b[K,\n'}
[10.209484] (orb_slam3_ros2_wrapper) StderrLine: {'line': b'                 from \x1b[01m\x1b[K/root/colcon_ws/src/orb_slam3_ros2_wrapper/include/orb_slam3_ros2_wrapper/type_conversion.hpp:26\x1b[m\x1b[K,\n'}
[10.210414] (orb_slam3_ros2_wrapper) StderrLine: {'line': b'                 from \x1b[01m\x1b[K/root/colcon_ws/src/orb_slam3_ros2_wrapper/src/rgbd/rgbd-slam-node.hpp:37\x1b[m\x1b[K,\n'}
[10.211335] (orb_slam3_ros2_wrapper) StderrLine: {'line': b'                 from \x1b[01m\x1b[K/root/colcon_ws/src/orb_slam3_ros2_wrapper/src/rgbd/rgbd.cpp:7\x1b[m\x1b[K:\n'}
[10.212257] (orb_slam3_ros2_wrapper) StderrLine: {'line': b'\x1b[01m\x1b[K/home/orb/ORB_SLAM3/Thirdparty/g2o/g2o/types/../core/base_binary_edge.h:60:82:\x1b[m\x1b[K \x1b[01;35m\x1b[Kwarning: \x1b[m\x1b[K\xe2\x80\x98\x1b[01m\x1b[KEigen::AlignedBit\x1b[m\x1b[K\xe2\x80\x99 is deprecated [\x1b[01;35m\x1b[K-Wdeprecated-declarations\x1b[m\x1b[K]\n'}
[10.213170] (orb_slam3_ros2_wrapper) StderrLine: {'line': b'   60 |       typedef Eigen::Map<Matrix<double, Dj, Di>, Matrix<double, Dj, Di>::Flags & \x1b[01;35m\x1b[KAlignedBit\x1b[m\x1b[K ? Aligned : Unaligned > HessianBlockTransposedType;\n'}
[10.214121] (orb_slam3_ros2_wrapper) StderrLine: {'line': b'      |                                                                                  \x1b[01;35m\x1b[K^~~~~~~~~~\x1b[m\x1b[K\n'}
[10.215046] (orb_slam3_ros2_wrapper) StderrLine: {'line': b'In file included from \x1b[01m\x1b[K/usr/include/eigen3/Eigen/Core:161\x1b[m\x1b[K,\n'}
[10.215978] (orb_slam3_ros2_wrapper) StderrLine: {'line': b'                 from \x1b[01m\x1b[K/root/colcon_ws/src/orb_slam3_ros2_wrapper/include/orb_slam3_ros2_wrapper/type_conversion.hpp:10\x1b[m\x1b[K,\n'}
[10.216908] (orb_slam3_ros2_wrapper) StderrLine: {'line': b'                 from \x1b[01m\x1b[K/root/colcon_ws/src/orb_slam3_ros2_wrapper/src/rgbd/rgbd-slam-node.hpp:37\x1b[m\x1b[K,\n'}
[10.217848] (orb_slam3_ros2_wrapper) StderrLine: {'line': b'                 from \x1b[01m\x1b[K/root/colcon_ws/src/orb_slam3_ros2_wrapper/src/rgbd/rgbd.cpp:7\x1b[m\x1b[K:\n'}
[10.218006] (orb_slam3_ros2_wrapper) StderrLine: {'line': b'\x1b[01m\x1b[K/usr/include/eigen3/Eigen/src/Core/util/Constants.h:167:37:\x1b[m\x1b[K \x1b[01;36m\x1b[Knote: \x1b[m\x1b[Kdeclared here\n'}
[10.218122] (orb_slam3_ros2_wrapper) StderrLine: {'line': b'  167 | EIGEN_DEPRECATED const unsigned int \x1b[01;36m\x1b[KAlignedBit\x1b[m\x1b[K = 0x80;\n'}
[10.218228] (orb_slam3_ros2_wrapper) StderrLine: {'line': b'      |                                     \x1b[01;36m\x1b[K^~~~~~~~~~\x1b[m\x1b[K\n'}
[10.243311] (orb_slam3_ros2_wrapper) StderrLine: {'line': b'In file included from \x1b[01m\x1b[K/home/orb/ORB_SLAM3/Thirdparty/g2o/g2o/types/types_six_dof_expmap.h:41\x1b[m\x1b[K,\n'}
[10.243555] (orb_slam3_ros2_wrapper) StderrLine: {'line': b'                 from \x1b[01m\x1b[K/home/orb/ORB_SLAM3/include/Converter.h:26\x1b[m\x1b[K,\n'}
[10.243670] (orb_slam3_ros2_wrapper) StderrLine: {'line': b'                 from \x1b[01m\x1b[K/home/orb/ORB_SLAM3/include/Frame.h:33\x1b[m\x1b[K,\n'}
[10.243791] (orb_slam3_ros2_wrapper) StderrLine: {'line': b'                 from \x1b[01m\x1b[K/home/orb/ORB_SLAM3/include/KeyFrame.h:28\x1b[m\x1b[K,\n'}
[10.243918] (orb_slam3_ros2_wrapper) StderrLine: {'line': b'                 from \x1b[01m\x1b[K/home/orb/ORB_SLAM3/include/MapPoint.h:23\x1b[m\x1b[K,\n'}
[10.244029] (orb_slam3_ros2_wrapper) StderrLine: {'line': b'                 from \x1b[01m\x1b[K/root/colcon_ws/src/orb_slam3_ros2_wrapper/include/orb_slam3_ros2_wrapper/type_conversion.hpp:26\x1b[m\x1b[K,\n'}
[10.244132] (orb_slam3_ros2_wrapper) StderrLine: {'line': b'                 from \x1b[01m\x1b[K/root/colcon_ws/src/orb_slam3_ros2_wrapper/src/rgbd/rgbd-slam-node.hpp:37\x1b[m\x1b[K,\n'}
[10.244230] (orb_slam3_ros2_wrapper) StderrLine: {'line': b'                 from \x1b[01m\x1b[K/root/colcon_ws/src/orb_slam3_ros2_wrapper/src/rgbd/rgbd.cpp:7\x1b[m\x1b[K:\n'}
[10.244339] (orb_slam3_ros2_wrapper) StderrLine: {'line': b'\x1b[01m\x1b[K/home/orb/ORB_SLAM3/Thirdparty/g2o/g2o/types/se3quat.h:43:38:\x1b[m\x1b[K \x1b[01;35m\x1b[Kwarning: \x1b[m\x1b[Kextra \xe2\x80\x98\x1b[01m\x1b[K;\x1b[m\x1b[K\xe2\x80\x99 [\x1b[01;35m\x1b[K-Wpedantic\x1b[m\x1b[K]\n'}
[10.244444] (orb_slam3_ros2_wrapper) StderrLine: {'line': b'   43 |       EIGEN_MAKE_ALIGNED_OPERATOR_NEW\x1b[01;35m\x1b[K;\x1b[m\x1b[K\n'}
[10.244549] (orb_slam3_ros2_wrapper) StderrLine: {'line': b'      |                                      \x1b[01;35m\x1b[K^\x1b[m\x1b[K\n'}
[10.244651] (orb_slam3_ros2_wrapper) StderrLine: {'line': b'      |                                      \x1b[31m\x1b[K-\x1b[m\x1b[K\n'}
[10.252330] (-) TimerEvent: {}
[10.352797] (-) TimerEvent: {}
[10.453152] (-) TimerEvent: {}
[10.553521] (-) TimerEvent: {}
[10.578163] (orb_slam3_ros2_wrapper) StderrLine: {'line': b'In file included from \x1b[01m\x1b[K/home/orb/ORB_SLAM3/Thirdparty/g2o/g2o/types/types_six_dof_expmap.h:37\x1b[m\x1b[K,\n'}
[10.578620] (orb_slam3_ros2_wrapper) StderrLine: {'line': b'                 from \x1b[01m\x1b[K/home/orb/ORB_SLAM3/include/Converter.h:26\x1b[m\x1b[K,\n'}
[10.578768] (orb_slam3_ros2_wrapper) StderrLine: {'line': b'                 from \x1b[01m\x1b[K/home/orb/ORB_SLAM3/include/Frame.h:33\x1b[m\x1b[K,\n'}
[10.578901] (orb_slam3_ros2_wrapper) StderrLine: {'line': b'                 from \x1b[01m\x1b[K/home/orb/ORB_SLAM3/include/KeyFrame.h:28\x1b[m\x1b[K,\n'}
[10.579020] (orb_slam3_ros2_wrapper) StderrLine: {'line': b'                 from \x1b[01m\x1b[K/home/orb/ORB_SLAM3/include/MapPoint.h:23\x1b[m\x1b[K,\n'}
[10.583614] (orb_slam3_ros2_wrapper) StderrLine: {'line': b'                 from \x1b[01m\x1b[K/root/colcon_ws/src/orb_slam3_ros2_wrapper/include/orb_slam3_ros2_wrapper/type_conversion.hpp:26\x1b[m\x1b[K,\n'}
[10.584600] (orb_slam3_ros2_wrapper) StderrLine: {'line': b'                 from \x1b[01m\x1b[K/root/colcon_ws/src/orb_slam3_ros2_wrapper/src/rgbd/rgbd-slam-node.hpp:37\x1b[m\x1b[K,\n'}
[10.585594] (orb_slam3_ros2_wrapper) StderrLine: {'line': b'                 from \x1b[01m\x1b[K/root/colcon_ws/src/orb_slam3_ros2_wrapper/src/rgbd/rgbd.cpp:7\x1b[m\x1b[K:\n'}
[10.586564] (orb_slam3_ros2_wrapper) StderrLine: {'line': b'/home/orb/ORB_SLAM3/Thirdparty/g2o/g2o/types/../core/base_vertex.h: In instantiation of \xe2\x80\x98\x1b[01m\x1b[Kclass g2o::BaseVertex<3, Eigen::Matrix<double, 3, 1> >\x1b[m\x1b[K\xe2\x80\x99:\n'}
[10.587144] (orb_slam3_ros2_wrapper) StderrLine: {'line': b'\x1b[01m\x1b[K/home/orb/ORB_SLAM3/Thirdparty/g2o/g2o/types/types_sba.h:40:35:\x1b[m\x1b[K   required from here\n'}
[10.587285] (orb_slam3_ros2_wrapper) StderrLine: {'line': b'\x1b[01m\x1b[K/home/orb/ORB_SLAM3/Thirdparty/g2o/g2o/types/../core/base_vertex.h:62:72:\x1b[m\x1b[K \x1b[01;35m\x1b[Kwarning: \x1b[m\x1b[K\xe2\x80\x98\x1b[01m\x1b[KEigen::AlignedBit\x1b[m\x1b[K\xe2\x80\x99 is deprecated [\x1b[01;35m\x1b[K-Wdeprecated-declarations\x1b[m\x1b[K]\n'}
[10.587405] (orb_slam3_ros2_wrapper) StderrLine: {'line': b'   62 |     typedef Eigen::Map<Matrix<double, D, D>, Matrix<double,D,D>::\x1b[01;35m\x1b[KFlags & AlignedBit\x1b[m\x1b[K ? Aligned : Unaligned >  HessianBlockType;\n'}
[10.587534] (orb_slam3_ros2_wrapper) StderrLine: {'line': b'      |                                                                  \x1b[01;35m\x1b[K~~~~~~^~~~~~~~~~~~\x1b[m\x1b[K\n'}
[10.587670] (orb_slam3_ros2_wrapper) StderrLine: {'line': b'In file included from \x1b[01m\x1b[K/usr/include/eigen3/Eigen/Core:161\x1b[m\x1b[K,\n'}
[10.587803] (orb_slam3_ros2_wrapper) StderrLine: {'line': b'                 from \x1b[01m\x1b[K/root/colcon_ws/src/orb_slam3_ros2_wrapper/include/orb_slam3_ros2_wrapper/type_conversion.hpp:10\x1b[m\x1b[K,\n'}
[10.587923] (orb_slam3_ros2_wrapper) StderrLine: {'line': b'                 from \x1b[01m\x1b[K/root/colcon_ws/src/orb_slam3_ros2_wrapper/src/rgbd/rgbd-slam-node.hpp:37\x1b[m\x1b[K,\n'}
[10.588041] (orb_slam3_ros2_wrapper) StderrLine: {'line': b'                 from \x1b[01m\x1b[K/root/colcon_ws/src/orb_slam3_ros2_wrapper/src/rgbd/rgbd.cpp:7\x1b[m\x1b[K:\n'}
[10.588154] (orb_slam3_ros2_wrapper) StderrLine: {'line': b'\x1b[01m\x1b[K/usr/include/eigen3/Eigen/src/Core/util/Constants.h:167:37:\x1b[m\x1b[K \x1b[01;36m\x1b[Knote: \x1b[m\x1b[Kdeclared here\n'}
[10.588268] (orb_slam3_ros2_wrapper) StderrLine: {'line': b'  167 | EIGEN_DEPRECATED const unsigned int \x1b[01;36m\x1b[KAlignedBit\x1b[m\x1b[K = 0x80;\n'}
[10.588383] (orb_slam3_ros2_wrapper) StderrLine: {'line': b'      |                                     \x1b[01;36m\x1b[K^~~~~~~~~~\x1b[m\x1b[K\n'}
[10.612538] (orb_slam3_ros2_wrapper) StderrLine: {'line': b'In file included from \x1b[01m\x1b[K/home/orb/ORB_SLAM3/Thirdparty/g2o/g2o/types/types_six_dof_expmap.h:37\x1b[m\x1b[K,\n'}
[10.612932] (orb_slam3_ros2_wrapper) StderrLine: {'line': b'                 from \x1b[01m\x1b[K/home/orb/ORB_SLAM3/include/Converter.h:26\x1b[m\x1b[K,\n'}
[10.613042] (orb_slam3_ros2_wrapper) StderrLine: {'line': b'                 from \x1b[01m\x1b[K/home/orb/ORB_SLAM3/include/Frame.h:33\x1b[m\x1b[K,\n'}
[10.613145] (orb_slam3_ros2_wrapper) StderrLine: {'line': b'                 from \x1b[01m\x1b[K/home/orb/ORB_SLAM3/include/KeyFrame.h:28\x1b[m\x1b[K,\n'}
[10.613237] (orb_slam3_ros2_wrapper) StderrLine: {'line': b'                 from \x1b[01m\x1b[K/home/orb/ORB_SLAM3/include/MapPoint.h:23\x1b[m\x1b[K,\n'}
[10.613327] (orb_slam3_ros2_wrapper) StderrLine: {'line': b'                 from \x1b[01m\x1b[K/root/colcon_ws/src/orb_slam3_ros2_wrapper/include/orb_slam3_ros2_wrapper/type_conversion.hpp:26\x1b[m\x1b[K,\n'}
[10.613420] (orb_slam3_ros2_wrapper) StderrLine: {'line': b'                 from \x1b[01m\x1b[K/root/colcon_ws/src/orb_slam3_ros2_wrapper/src/rgbd/rgbd-slam-node.hpp:37\x1b[m\x1b[K,\n'}
[10.613507] (orb_slam3_ros2_wrapper) StderrLine: {'line': b'                 from \x1b[01m\x1b[K/root/colcon_ws/src/orb_slam3_ros2_wrapper/src/rgbd/rgbd.cpp:7\x1b[m\x1b[K:\n'}
[10.613593] (orb_slam3_ros2_wrapper) StderrLine: {'line': b'/home/orb/ORB_SLAM3/Thirdparty/g2o/g2o/types/../core/base_vertex.h: In instantiation of \xe2\x80\x98\x1b[01m\x1b[Kclass g2o::BaseVertex<6, g2o::SE3Quat>\x1b[m\x1b[K\xe2\x80\x99:\n'}
[10.613698] (orb_slam3_ros2_wrapper) StderrLine: {'line': b'\x1b[01m\x1b[K/home/orb/ORB_SLAM3/Thirdparty/g2o/g2o/types/types_six_dof_expmap.h:59:33:\x1b[m\x1b[K   required from here\n'}
[10.613805] (orb_slam3_ros2_wrapper) StderrLine: {'line': b'\x1b[01m\x1b[K/home/orb/ORB_SLAM3/Thirdparty/g2o/g2o/types/../core/base_vertex.h:62:72:\x1b[m\x1b[K \x1b[01;35m\x1b[Kwarning: \x1b[m\x1b[K\xe2\x80\x98\x1b[01m\x1b[KEigen::AlignedBit\x1b[m\x1b[K\xe2\x80\x99 is deprecated [\x1b[01;35m\x1b[K-Wdeprecated-declarations\x1b[m\x1b[K]\n'}
[10.613921] (orb_slam3_ros2_wrapper) StderrLine: {'line': b'   62 |     typedef Eigen::Map<Matrix<double, D, D>, Matrix<double,D,D>::\x1b[01;35m\x1b[KFlags & AlignedBit\x1b[m\x1b[K ? Aligned : Unaligned >  HessianBlockType;\n'}
[10.614019] (orb_slam3_ros2_wrapper) StderrLine: {'line': b'      |                                                                  \x1b[01;35m\x1b[K~~~~~~^~~~~~~~~~~~\x1b[m\x1b[K\n'}
[10.614121] (orb_slam3_ros2_wrapper) StderrLine: {'line': b'In file included from \x1b[01m\x1b[K/usr/include/eigen3/Eigen/Core:161\x1b[m\x1b[K,\n'}
[10.614227] (orb_slam3_ros2_wrapper) StderrLine: {'line': b'                 from \x1b[01m\x1b[K/root/colcon_ws/src/orb_slam3_ros2_wrapper/include/orb_slam3_ros2_wrapper/type_conversion.hpp:10\x1b[m\x1b[K,\n'}
[10.614323] (orb_slam3_ros2_wrapper) StderrLine: {'line': b'                 from \x1b[01m\x1b[K/root/colcon_ws/src/orb_slam3_ros2_wrapper/src/rgbd/rgbd-slam-node.hpp:37\x1b[m\x1b[K,\n'}
[10.614421] (orb_slam3_ros2_wrapper) StderrLine: {'line': b'                 from \x1b[01m\x1b[K/root/colcon_ws/src/orb_slam3_ros2_wrapper/src/rgbd/rgbd.cpp:7\x1b[m\x1b[K:\n'}
[10.614518] (orb_slam3_ros2_wrapper) StderrLine: {'line': b'\x1b[01m\x1b[K/usr/include/eigen3/Eigen/src/Core/util/Constants.h:167:37:\x1b[m\x1b[K \x1b[01;36m\x1b[Knote: \x1b[m\x1b[Kdeclared here\n'}
[10.614613] (orb_slam3_ros2_wrapper) StderrLine: {'line': b'  167 | EIGEN_DEPRECATED const unsigned int \x1b[01;36m\x1b[KAlignedBit\x1b[m\x1b[K = 0x80;\n'}
[10.614704] (orb_slam3_ros2_wrapper) StderrLine: {'line': b'      |                                     \x1b[01;36m\x1b[K^~~~~~~~~~\x1b[m\x1b[K\n'}
[10.645851] (orb_slam3_ros2_wrapper) StderrLine: {'line': b'In file included from \x1b[01m\x1b[K/home/orb/ORB_SLAM3/Thirdparty/g2o/g2o/types/types_six_dof_expmap.h:38\x1b[m\x1b[K,\n'}
[10.646259] (orb_slam3_ros2_wrapper) StderrLine: {'line': b'                 from \x1b[01m\x1b[K/home/orb/ORB_SLAM3/include/Converter.h:26\x1b[m\x1b[K,\n'}
[10.646377] (orb_slam3_ros2_wrapper) StderrLine: {'line': b'                 from \x1b[01m\x1b[K/home/orb/ORB_SLAM3/include/Frame.h:33\x1b[m\x1b[K,\n'}
[10.646474] (orb_slam3_ros2_wrapper) StderrLine: {'line': b'                 from \x1b[01m\x1b[K/home/orb/ORB_SLAM3/include/KeyFrame.h:28\x1b[m\x1b[K,\n'}
[10.646570] (orb_slam3_ros2_wrapper) StderrLine: {'line': b'                 from \x1b[01m\x1b[K/home/orb/ORB_SLAM3/include/MapPoint.h:23\x1b[m\x1b[K,\n'}
[10.646666] (orb_slam3_ros2_wrapper) StderrLine: {'line': b'                 from \x1b[01m\x1b[K/root/colcon_ws/src/orb_slam3_ros2_wrapper/include/orb_slam3_ros2_wrapper/type_conversion.hpp:26\x1b[m\x1b[K,\n'}
[10.646778] (orb_slam3_ros2_wrapper) StderrLine: {'line': b'                 from \x1b[01m\x1b[K/root/colcon_ws/src/orb_slam3_ros2_wrapper/src/rgbd/rgbd-slam-node.hpp:37\x1b[m\x1b[K,\n'}
[10.646886] (orb_slam3_ros2_wrapper) StderrLine: {'line': b'                 from \x1b[01m\x1b[K/root/colcon_ws/src/orb_slam3_ros2_wrapper/src/rgbd/rgbd.cpp:7\x1b[m\x1b[K:\n'}
[10.646983] (orb_slam3_ros2_wrapper) StderrLine: {'line': b'/home/orb/ORB_SLAM3/Thirdparty/g2o/g2o/types/../core/base_binary_edge.h: In instantiation of \xe2\x80\x98\x1b[01m\x1b[Kclass g2o::BaseBinaryEdge<6, g2o::SE3Quat, g2o::VertexSE3Expmap, g2o::VertexSE3Expmap>\x1b[m\x1b[K\xe2\x80\x99:\n'}
[10.647079] (orb_slam3_ros2_wrapper) StderrLine: {'line': b'\x1b[01m\x1b[K/home/orb/ORB_SLAM3/Thirdparty/g2o/g2o/types/types_six_dof_expmap.h:83:24:\x1b[m\x1b[K   required from here\n'}
[10.647165] (orb_slam3_ros2_wrapper) StderrLine: {'line': b'\x1b[01m\x1b[K/home/orb/ORB_SLAM3/Thirdparty/g2o/g2o/types/../core/base_binary_edge.h:59:80:\x1b[m\x1b[K \x1b[01;35m\x1b[Kwarning: \x1b[m\x1b[K\xe2\x80\x98\x1b[01m\x1b[KEigen::AlignedBit\x1b[m\x1b[K\xe2\x80\x99 is deprecated [\x1b[01;35m\x1b[K-Wdeprecated-declarations\x1b[m\x1b[K]\n'}
[10.647261] (orb_slam3_ros2_wrapper) StderrLine: {'line': b'   59 |       typedef Eigen::Map<Matrix<double, Di, Dj>, Matrix<double, Di, Dj>::\x1b[01;35m\x1b[KFlags & AlignedBit\x1b[m\x1b[K ? Aligned : Unaligned > HessianBlockType;\n'}
[10.647354] (orb_slam3_ros2_wrapper) StderrLine: {'line': b'      |                                                                          \x1b[01;35m\x1b[K~~~~~~^~~~~~~~~~~~\x1b[m\x1b[K\n'}
[10.647448] (orb_slam3_ros2_wrapper) StderrLine: {'line': b'In file included from \x1b[01m\x1b[K/usr/include/eigen3/Eigen/Core:161\x1b[m\x1b[K,\n'}
[10.647540] (orb_slam3_ros2_wrapper) StderrLine: {'line': b'                 from \x1b[01m\x1b[K/root/colcon_ws/src/orb_slam3_ros2_wrapper/include/orb_slam3_ros2_wrapper/type_conversion.hpp:10\x1b[m\x1b[K,\n'}
[10.647638] (orb_slam3_ros2_wrapper) StderrLine: {'line': b'                 from \x1b[01m\x1b[K/root/colcon_ws/src/orb_slam3_ros2_wrapper/src/rgbd/rgbd-slam-node.hpp:37\x1b[m\x1b[K,\n'}
[10.647760] (orb_slam3_ros2_wrapper) StderrLine: {'line': b'                 from \x1b[01m\x1b[K/root/colcon_ws/src/orb_slam3_ros2_wrapper/src/rgbd/rgbd.cpp:7\x1b[m\x1b[K:\n'}
[10.647857] (orb_slam3_ros2_wrapper) StderrLine: {'line': b'\x1b[01m\x1b[K/usr/include/eigen3/Eigen/src/Core/util/Constants.h:167:37:\x1b[m\x1b[K \x1b[01;36m\x1b[Knote: \x1b[m\x1b[Kdeclared here\n'}
[10.647954] (orb_slam3_ros2_wrapper) StderrLine: {'line': b'  167 | EIGEN_DEPRECATED const unsigned int \x1b[01;36m\x1b[KAlignedBit\x1b[m\x1b[K = 0x80;\n'}
[10.648053] (orb_slam3_ros2_wrapper) StderrLine: {'line': b'      |                                     \x1b[01;36m\x1b[K^~~~~~~~~~\x1b[m\x1b[K\n'}
[10.648157] (orb_slam3_ros2_wrapper) StderrLine: {'line': b'In file included from \x1b[01m\x1b[K/home/orb/ORB_SLAM3/Thirdparty/g2o/g2o/types/types_six_dof_expmap.h:38\x1b[m\x1b[K,\n'}
[10.648261] (orb_slam3_ros2_wrapper) StderrLine: {'line': b'                 from \x1b[01m\x1b[K/home/orb/ORB_SLAM3/include/Converter.h:26\x1b[m\x1b[K,\n'}
[10.648364] (orb_slam3_ros2_wrapper) StderrLine: {'line': b'                 from \x1b[01m\x1b[K/home/orb/ORB_SLAM3/include/Frame.h:33\x1b[m\x1b[K,\n'}
[10.648466] (orb_slam3_ros2_wrapper) StderrLine: {'line': b'                 from \x1b[01m\x1b[K/home/orb/ORB_SLAM3/include/KeyFrame.h:28\x1b[m\x1b[K,\n'}
[10.648566] (orb_slam3_ros2_wrapper) StderrLine: {'line': b'                 from \x1b[01m\x1b[K/home/orb/ORB_SLAM3/include/MapPoint.h:23\x1b[m\x1b[K,\n'}
[10.648665] (orb_slam3_ros2_wrapper) StderrLine: {'line': b'                 from \x1b[01m\x1b[K/root/colcon_ws/src/orb_slam3_ros2_wrapper/include/orb_slam3_ros2_wrapper/type_conversion.hpp:26\x1b[m\x1b[K,\n'}
[10.665418] (-) TimerEvent: {}
[10.665767] (orb_slam3_ros2_wrapper) StderrLine: {'line': b'                 from \x1b[01m\x1b[K/root/colcon_ws/src/orb_slam3_ros2_wrapper/src/rgbd/rgbd-slam-node.hpp:37\x1b[m\x1b[K,\n'}
[10.666933] (orb_slam3_ros2_wrapper) StderrLine: {'line': b'                 from \x1b[01m\x1b[K/root/colcon_ws/src/orb_slam3_ros2_wrapper/src/rgbd/rgbd.cpp:7\x1b[m\x1b[K:\n'}
[10.667855] (orb_slam3_ros2_wrapper) StderrLine: {'line': b'\x1b[01m\x1b[K/home/orb/ORB_SLAM3/Thirdparty/g2o/g2o/types/../core/base_binary_edge.h:60:80:\x1b[m\x1b[K \x1b[01;35m\x1b[Kwarning: \x1b[m\x1b[K\xe2\x80\x98\x1b[01m\x1b[KEigen::AlignedBit\x1b[m\x1b[K\xe2\x80\x99 is deprecated [\x1b[01;35m\x1b[K-Wdeprecated-declarations\x1b[m\x1b[K]\n'}
[10.668806] (orb_slam3_ros2_wrapper) StderrLine: {'line': b'   60 |       typedef Eigen::Map<Matrix<double, Dj, Di>, Matrix<double, Dj, Di>::\x1b[01;35m\x1b[KFlags & AlignedBit\x1b[m\x1b[K ? Aligned : Unaligned > HessianBlockTransposedType;\n'}
[10.669749] (orb_slam3_ros2_wrapper) StderrLine: {'line': b'      |                                                                          \x1b[01;35m\x1b[K~~~~~~^~~~~~~~~~~~\x1b[m\x1b[K\n'}
[10.670660] (orb_slam3_ros2_wrapper) StderrLine: {'line': b'In file included from \x1b[01m\x1b[K/usr/include/eigen3/Eigen/Core:161\x1b[m\x1b[K,\n'}
[10.671589] (orb_slam3_ros2_wrapper) StderrLine: {'line': b'                 from \x1b[01m\x1b[K/root/colcon_ws/src/orb_slam3_ros2_wrapper/include/orb_slam3_ros2_wrapper/type_conversion.hpp:10\x1b[m\x1b[K,\n'}
[10.672512] (orb_slam3_ros2_wrapper) StderrLine: {'line': b'                 from \x1b[01m\x1b[K/root/colcon_ws/src/orb_slam3_ros2_wrapper/src/rgbd/rgbd-slam-node.hpp:37\x1b[m\x1b[K,\n'}
[10.673482] (orb_slam3_ros2_wrapper) StderrLine: {'line': b'                 from \x1b[01m\x1b[K/root/colcon_ws/src/orb_slam3_ros2_wrapper/src/rgbd/rgbd.cpp:7\x1b[m\x1b[K:\n'}
[10.674422] (orb_slam3_ros2_wrapper) StderrLine: {'line': b'\x1b[01m\x1b[K/usr/include/eigen3/Eigen/src/Core/util/Constants.h:167:37:\x1b[m\x1b[K \x1b[01;36m\x1b[Knote: \x1b[m\x1b[Kdeclared here\n'}
[10.675345] (orb_slam3_ros2_wrapper) StderrLine: {'line': b'  167 | EIGEN_DEPRECATED const unsigned int \x1b[01;36m\x1b[KAlignedBit\x1b[m\x1b[K = 0x80;\n'}
[10.676277] (orb_slam3_ros2_wrapper) StderrLine: {'line': b'      |                                     \x1b[01;36m\x1b[K^~~~~~~~~~\x1b[m\x1b[K\n'}
[10.685326] (orb_slam3_ros2_wrapper) StderrLine: {'line': b'In file included from \x1b[01m\x1b[K/home/orb/ORB_SLAM3/include/Frame.h:30\x1b[m\x1b[K,\n'}
[10.686428] (orb_slam3_ros2_wrapper) StderrLine: {'line': b'                 from \x1b[01m\x1b[K/home/orb/ORB_SLAM3/include/KeyFrame.h:28\x1b[m\x1b[K,\n'}
[10.687393] (orb_slam3_ros2_wrapper) StderrLine: {'line': b'                 from \x1b[01m\x1b[K/home/orb/ORB_SLAM3/include/MapPoint.h:23\x1b[m\x1b[K,\n'}
[10.688326] (orb_slam3_ros2_wrapper) StderrLine: {'line': b'                 from \x1b[01m\x1b[K/root/colcon_ws/src/orb_slam3_ros2_wrapper/include/orb_slam3_ros2_wrapper/type_conversion.hpp:26\x1b[m\x1b[K,\n'}
[10.688603] (orb_slam3_ros2_wrapper) StderrLine: {'line': b'                 from \x1b[01m\x1b[K/root/colcon_ws/src/orb_slam3_ros2_wrapper/src/rgbd/rgbd-slam-node.hpp:37\x1b[m\x1b[K,\n'}
[10.688704] (orb_slam3_ros2_wrapper) StderrLine: {'line': b'                 from \x1b[01m\x1b[K/root/colcon_ws/src/orb_slam3_ros2_wrapper/src/rgbd/rgbd-slam-node.cpp:6\x1b[m\x1b[K:\n'}
[10.688821] (orb_slam3_ros2_wrapper) StderrLine: {'line': b'\x1b[01m\x1b[K/home/orb/ORB_SLAM3/include/ImuTypes.h:\x1b[m\x1b[K In member function \xe2\x80\x98\x1b[01m\x1b[Kvoid ORB_SLAM3::IMU::Preintegrated::printMeasurements() const\x1b[m\x1b[K\xe2\x80\x99:\n'}
[10.688936] (orb_slam3_ros2_wrapper) StderrLine: {'line': b'\x1b[01m\x1b[K/home/orb/ORB_SLAM3/include/ImuTypes.h:204:23:\x1b[m\x1b[K \x1b[01;35m\x1b[Kwarning: \x1b[m\x1b[Kcomparison of integer expressions of different signedness: \xe2\x80\x98\x1b[01m\x1b[Kint\x1b[m\x1b[K\xe2\x80\x99 and \xe2\x80\x98\x1b[01m\x1b[Kstd::vector<ORB_SLAM3::IMU::Preintegrated::integrable>::size_type\x1b[m\x1b[K\xe2\x80\x99 {aka \xe2\x80\x98\x1b[01m\x1b[Klong unsigned int\x1b[m\x1b[K\xe2\x80\x99} [\x1b[01;35m\x1b[K-Wsign-compare\x1b[m\x1b[K]\n'}
[10.689056] (orb_slam3_ros2_wrapper) StderrLine: {'line': b'  204 |         for(int i=0; \x1b[01;35m\x1b[Ki<mvMeasurements.size()\x1b[m\x1b[K; i++){\n'}
[10.689165] (orb_slam3_ros2_wrapper) StderrLine: {'line': b'      |                      \x1b[01;35m\x1b[K~^~~~~~~~~~~~~~~~~~~~~~\x1b[m\x1b[K\n'}
[10.730159] (orb_slam3_ros2_wrapper) StderrLine: {'line': b'In file included from \x1b[01m\x1b[K/home/orb/ORB_SLAM3/Thirdparty/g2o/g2o/types/types_six_dof_expmap.h:38\x1b[m\x1b[K,\n'}
[10.730582] (orb_slam3_ros2_wrapper) StderrLine: {'line': b'                 from \x1b[01m\x1b[K/home/orb/ORB_SLAM3/include/Converter.h:26\x1b[m\x1b[K,\n'}
[10.730699] (orb_slam3_ros2_wrapper) StderrLine: {'line': b'                 from \x1b[01m\x1b[K/home/orb/ORB_SLAM3/include/Frame.h:33\x1b[m\x1b[K,\n'}
[10.730817] (orb_slam3_ros2_wrapper) StderrLine: {'line': b'                 from \x1b[01m\x1b[K/home/orb/ORB_SLAM3/include/KeyFrame.h:28\x1b[m\x1b[K,\n'}
[10.730918] (orb_slam3_ros2_wrapper) StderrLine: {'line': b'                 from \x1b[01m\x1b[K/home/orb/ORB_SLAM3/include/MapPoint.h:23\x1b[m\x1b[K,\n'}
[10.731020] (orb_slam3_ros2_wrapper) StderrLine: {'line': b'                 from \x1b[01m\x1b[K/root/colcon_ws/src/orb_slam3_ros2_wrapper/include/orb_slam3_ros2_wrapper/type_conversion.hpp:26\x1b[m\x1b[K,\n'}
[10.731119] (orb_slam3_ros2_wrapper) StderrLine: {'line': b'                 from \x1b[01m\x1b[K/root/colcon_ws/src/orb_slam3_ros2_wrapper/src/rgbd/rgbd-slam-node.hpp:37\x1b[m\x1b[K,\n'}
[10.731220] (orb_slam3_ros2_wrapper) StderrLine: {'line': b'                 from \x1b[01m\x1b[K/root/colcon_ws/src/orb_slam3_ros2_wrapper/src/rgbd/rgbd.cpp:7\x1b[m\x1b[K:\n'}
[10.731320] (orb_slam3_ros2_wrapper) StderrLine: {'line': b'/home/orb/ORB_SLAM3/Thirdparty/g2o/g2o/types/../core/base_binary_edge.h: In instantiation of \xe2\x80\x98\x1b[01m\x1b[Kclass g2o::BaseBinaryEdge<2, Eigen::Matrix<double, 2, 1>, g2o::VertexSBAPointXYZ, g2o::VertexSE3Expmap>\x1b[m\x1b[K\xe2\x80\x99:\n'}
[10.731421] (orb_slam3_ros2_wrapper) StderrLine: {'line': b'\x1b[01m\x1b[K/home/orb/ORB_SLAM3/Thirdparty/g2o/g2o/types/types_six_dof_expmap.h:114:35:\x1b[m\x1b[K   required from here\n'}
[10.731541] (orb_slam3_ros2_wrapper) StderrLine: {'line': b'\x1b[01m\x1b[K/home/orb/ORB_SLAM3/Thirdparty/g2o/g2o/types/../core/base_binary_edge.h:59:80:\x1b[m\x1b[K \x1b[01;35m\x1b[Kwarning: \x1b[m\x1b[K\xe2\x80\x98\x1b[01m\x1b[KEigen::AlignedBit\x1b[m\x1b[K\xe2\x80\x99 is deprecated [\x1b[01;35m\x1b[K-Wdeprecated-declarations\x1b[m\x1b[K]\n'}
[10.731656] (orb_slam3_ros2_wrapper) StderrLine: {'line': b'   59 |       typedef Eigen::Map<Matrix<double, Di, Dj>, Matrix<double, Di, Dj>::\x1b[01;35m\x1b[KFlags & AlignedBit\x1b[m\x1b[K ? Aligned : Unaligned > HessianBlockType;\n'}
[10.731787] (orb_slam3_ros2_wrapper) StderrLine: {'line': b'      |                                                                          \x1b[01;35m\x1b[K~~~~~~^~~~~~~~~~~~\x1b[m\x1b[K\n'}
[10.731896] (orb_slam3_ros2_wrapper) StderrLine: {'line': b'In file included from \x1b[01m\x1b[K/usr/include/eigen3/Eigen/Core:161\x1b[m\x1b[K,\n'}
[10.731997] (orb_slam3_ros2_wrapper) StderrLine: {'line': b'                 from \x1b[01m\x1b[K/root/colcon_ws/src/orb_slam3_ros2_wrapper/include/orb_slam3_ros2_wrapper/type_conversion.hpp:10\x1b[m\x1b[K,\n'}
[10.732107] (orb_slam3_ros2_wrapper) StderrLine: {'line': b'                 from \x1b[01m\x1b[K/root/colcon_ws/src/orb_slam3_ros2_wrapper/src/rgbd/rgbd-slam-node.hpp:37\x1b[m\x1b[K,\n'}
[10.732206] (orb_slam3_ros2_wrapper) StderrLine: {'line': b'                 from \x1b[01m\x1b[K/root/colcon_ws/src/orb_slam3_ros2_wrapper/src/rgbd/rgbd.cpp:7\x1b[m\x1b[K:\n'}
[10.732307] (orb_slam3_ros2_wrapper) StderrLine: {'line': b'\x1b[01m\x1b[K/usr/include/eigen3/Eigen/src/Core/util/Constants.h:167:37:\x1b[m\x1b[K \x1b[01;36m\x1b[Knote: \x1b[m\x1b[Kdeclared here\n'}
[10.732408] (orb_slam3_ros2_wrapper) StderrLine: {'line': b'  167 | EIGEN_DEPRECATED const unsigned int \x1b[01;36m\x1b[KAlignedBit\x1b[m\x1b[K = 0x80;\n'}
[10.732508] (orb_slam3_ros2_wrapper) StderrLine: {'line': b'      |                                     \x1b[01;36m\x1b[K^~~~~~~~~~\x1b[m\x1b[K\n'}
[10.747398] (orb_slam3_ros2_wrapper) StderrLine: {'line': b'In file included from \x1b[01m\x1b[K/home/orb/ORB_SLAM3/Thirdparty/g2o/g2o/types/types_six_dof_expmap.h:38\x1b[m\x1b[K,\n'}
[10.747825] (orb_slam3_ros2_wrapper) StderrLine: {'line': b'                 from \x1b[01m\x1b[K/home/orb/ORB_SLAM3/include/Converter.h:26\x1b[m\x1b[K,\n'}
[10.747952] (orb_slam3_ros2_wrapper) StderrLine: {'line': b'                 from \x1b[01m\x1b[K/home/orb/ORB_SLAM3/include/Frame.h:33\x1b[m\x1b[K,\n'}
[10.748058] (orb_slam3_ros2_wrapper) StderrLine: {'line': b'                 from \x1b[01m\x1b[K/home/orb/ORB_SLAM3/include/KeyFrame.h:28\x1b[m\x1b[K,\n'}
[10.748162] (orb_slam3_ros2_wrapper) StderrLine: {'line': b'                 from \x1b[01m\x1b[K/home/orb/ORB_SLAM3/include/MapPoint.h:23\x1b[m\x1b[K,\n'}
[10.748261] (orb_slam3_ros2_wrapper) StderrLine: {'line': b'                 from \x1b[01m\x1b[K/root/colcon_ws/src/orb_slam3_ros2_wrapper/include/orb_slam3_ros2_wrapper/type_conversion.hpp:26\x1b[m\x1b[K,\n'}
[10.748362] (orb_slam3_ros2_wrapper) StderrLine: {'line': b'                 from \x1b[01m\x1b[K/root/colcon_ws/src/orb_slam3_ros2_wrapper/src/rgbd/rgbd-slam-node.hpp:37\x1b[m\x1b[K,\n'}
[10.748463] (orb_slam3_ros2_wrapper) StderrLine: {'line': b'                 from \x1b[01m\x1b[K/root/colcon_ws/src/orb_slam3_ros2_wrapper/src/rgbd/rgbd.cpp:7\x1b[m\x1b[K:\n'}
[10.748563] (orb_slam3_ros2_wrapper) StderrLine: {'line': b'\x1b[01m\x1b[K/home/orb/ORB_SLAM3/Thirdparty/g2o/g2o/types/../core/base_binary_edge.h:60:80:\x1b[m\x1b[K \x1b[01;35m\x1b[Kwarning: \x1b[m\x1b[K\xe2\x80\x98\x1b[01m\x1b[KEigen::AlignedBit\x1b[m\x1b[K\xe2\x80\x99 is deprecated [\x1b[01;35m\x1b[K-Wdeprecated-declarations\x1b[m\x1b[K]\n'}
[10.748661] (orb_slam3_ros2_wrapper) StderrLine: {'line': b'   60 |       typedef Eigen::Map<Matrix<double, Dj, Di>, Matrix<double, Dj, Di>::\x1b[01;35m\x1b[KFlags & AlignedBit\x1b[m\x1b[K ? Aligned : Unaligned > HessianBlockTransposedType;\n'}
[10.748771] (orb_slam3_ros2_wrapper) StderrLine: {'line': b'      |                                                                          \x1b[01;35m\x1b[K~~~~~~^~~~~~~~~~~~\x1b[m\x1b[K\n'}
[10.748896] (orb_slam3_ros2_wrapper) StderrLine: {'line': b'In file included from \x1b[01m\x1b[K/usr/include/eigen3/Eigen/Core:161\x1b[m\x1b[K,\n'}
[10.748996] (orb_slam3_ros2_wrapper) StderrLine: {'line': b'                 from \x1b[01m\x1b[K/root/colcon_ws/src/orb_slam3_ros2_wrapper/include/orb_slam3_ros2_wrapper/type_conversion.hpp:10\x1b[m\x1b[K,\n'}
[10.749096] (orb_slam3_ros2_wrapper) StderrLine: {'line': b'                 from \x1b[01m\x1b[K/root/colcon_ws/src/orb_slam3_ros2_wrapper/src/rgbd/rgbd-slam-node.hpp:37\x1b[m\x1b[K,\n'}
[10.749195] (orb_slam3_ros2_wrapper) StderrLine: {'line': b'                 from \x1b[01m\x1b[K/root/colcon_ws/src/orb_slam3_ros2_wrapper/src/rgbd/rgbd.cpp:7\x1b[m\x1b[K:\n'}
[10.749302] (orb_slam3_ros2_wrapper) StderrLine: {'line': b'\x1b[01m\x1b[K/usr/include/eigen3/Eigen/src/Core/util/Constants.h:167:37:\x1b[m\x1b[K \x1b[01;36m\x1b[Knote: \x1b[m\x1b[Kdeclared here\n'}
[10.749408] (orb_slam3_ros2_wrapper) StderrLine: {'line': b'  167 | EIGEN_DEPRECATED const unsigned int \x1b[01;36m\x1b[KAlignedBit\x1b[m\x1b[K = 0x80;\n'}
[10.749514] (orb_slam3_ros2_wrapper) StderrLine: {'line': b'      |                                     \x1b[01;36m\x1b[K^~~~~~~~~~\x1b[m\x1b[K\n'}
[10.765245] (orb_slam3_ros2_wrapper) StderrLine: {'line': b'In file included from \x1b[01m\x1b[K/home/orb/ORB_SLAM3/Thirdparty/g2o/g2o/types/types_six_dof_expmap.h:37\x1b[m\x1b[K,\n'}
[10.765640] (-) TimerEvent: {}
[10.765803] (orb_slam3_ros2_wrapper) StderrLine: {'line': b'                 from \x1b[01m\x1b[K/home/orb/ORB_SLAM3/include/Converter.h:26\x1b[m\x1b[K,\n'}
[10.765943] (orb_slam3_ros2_wrapper) StderrLine: {'line': b'                 from \x1b[01m\x1b[K/home/orb/ORB_SLAM3/include/Frame.h:33\x1b[m\x1b[K,\n'}
[10.766055] (orb_slam3_ros2_wrapper) StderrLine: {'line': b'                 from \x1b[01m\x1b[K/home/orb/ORB_SLAM3/include/KeyFrame.h:28\x1b[m\x1b[K,\n'}
[10.766157] (orb_slam3_ros2_wrapper) StderrLine: {'line': b'                 from \x1b[01m\x1b[K/home/orb/ORB_SLAM3/include/MapPoint.h:23\x1b[m\x1b[K,\n'}
[10.766256] (orb_slam3_ros2_wrapper) StderrLine: {'line': b'                 from \x1b[01m\x1b[K/root/colcon_ws/src/orb_slam3_ros2_wrapper/include/orb_slam3_ros2_wrapper/type_conversion.hpp:26\x1b[m\x1b[K,\n'}
[10.766359] (orb_slam3_ros2_wrapper) StderrLine: {'line': b'                 from \x1b[01m\x1b[K/root/colcon_ws/src/orb_slam3_ros2_wrapper/src/rgbd/rgbd-slam-node.hpp:37\x1b[m\x1b[K,\n'}
[10.766461] (orb_slam3_ros2_wrapper) StderrLine: {'line': b'                 from \x1b[01m\x1b[K/root/colcon_ws/src/orb_slam3_ros2_wrapper/src/rgbd/rgbd-slam-node.cpp:6\x1b[m\x1b[K:\n'}
[10.766576] (orb_slam3_ros2_wrapper) StderrLine: {'line': b'\x1b[01m\x1b[K/home/orb/ORB_SLAM3/Thirdparty/g2o/g2o/types/../core/base_vertex.h:\x1b[m\x1b[K At global scope:\n'}
[10.766680] (orb_slam3_ros2_wrapper) StderrLine: {'line': b'\x1b[01m\x1b[K/home/orb/ORB_SLAM3/Thirdparty/g2o/g2o/types/../core/base_vertex.h:62:74:\x1b[m\x1b[K \x1b[01;35m\x1b[Kwarning: \x1b[m\x1b[K\xe2\x80\x98\x1b[01m\x1b[KEigen::AlignedBit\x1b[m\x1b[K\xe2\x80\x99 is deprecated [\x1b[01;35m\x1b[K-Wdeprecated-declarations\x1b[m\x1b[K]\n'}
[10.766799] (orb_slam3_ros2_wrapper) StderrLine: {'line': b'   62 |     typedef Eigen::Map<Matrix<double, D, D>, Matrix<double,D,D>::Flags & \x1b[01;35m\x1b[KAlignedBit\x1b[m\x1b[K ? Aligned : Unaligned >  HessianBlockType;\n'}
[10.766908] (orb_slam3_ros2_wrapper) StderrLine: {'line': b'      |                                                                          \x1b[01;35m\x1b[K^~~~~~~~~~\x1b[m\x1b[K\n'}
[10.767024] (orb_slam3_ros2_wrapper) StderrLine: {'line': b'In file included from \x1b[01m\x1b[K/usr/include/eigen3/Eigen/Core:161\x1b[m\x1b[K,\n'}
[10.767127] (orb_slam3_ros2_wrapper) StderrLine: {'line': b'                 from \x1b[01m\x1b[K/root/colcon_ws/src/orb_slam3_ros2_wrapper/include/orb_slam3_ros2_wrapper/type_conversion.hpp:10\x1b[m\x1b[K,\n'}
[10.767231] (orb_slam3_ros2_wrapper) StderrLine: {'line': b'                 from \x1b[01m\x1b[K/root/colcon_ws/src/orb_slam3_ros2_wrapper/src/rgbd/rgbd-slam-node.hpp:37\x1b[m\x1b[K,\n'}
[10.767350] (orb_slam3_ros2_wrapper) StderrLine: {'line': b'                 from \x1b[01m\x1b[K/root/colcon_ws/src/orb_slam3_ros2_wrapper/src/rgbd/rgbd-slam-node.cpp:6\x1b[m\x1b[K:\n'}
[10.767454] (orb_slam3_ros2_wrapper) StderrLine: {'line': b'\x1b[01m\x1b[K/usr/include/eigen3/Eigen/src/Core/util/Constants.h:167:37:\x1b[m\x1b[K \x1b[01;36m\x1b[Knote: \x1b[m\x1b[Kdeclared here\n'}
[10.767556] (orb_slam3_ros2_wrapper) StderrLine: {'line': b'  167 | EIGEN_DEPRECATED const unsigned int \x1b[01;36m\x1b[KAlignedBit\x1b[m\x1b[K = 0x80;\n'}
[10.767655] (orb_slam3_ros2_wrapper) StderrLine: {'line': b'      |                                     \x1b[01;36m\x1b[K^~~~~~~~~~\x1b[m\x1b[K\n'}
[10.774498] (orb_slam3_ros2_wrapper) StderrLine: {'line': b'In file included from \x1b[01m\x1b[K/home/orb/ORB_SLAM3/Thirdparty/g2o/g2o/types/types_six_dof_expmap.h:38\x1b[m\x1b[K,\n'}
[10.774739] (orb_slam3_ros2_wrapper) StderrLine: {'line': b'                 from \x1b[01m\x1b[K/home/orb/ORB_SLAM3/include/Converter.h:26\x1b[m\x1b[K,\n'}
[10.774871] (orb_slam3_ros2_wrapper) StderrLine: {'line': b'                 from \x1b[01m\x1b[K/home/orb/ORB_SLAM3/include/Frame.h:33\x1b[m\x1b[K,\n'}
[10.774981] (orb_slam3_ros2_wrapper) StderrLine: {'line': b'                 from \x1b[01m\x1b[K/home/orb/ORB_SLAM3/include/KeyFrame.h:28\x1b[m\x1b[K,\n'}
[10.775075] (orb_slam3_ros2_wrapper) StderrLine: {'line': b'                 from \x1b[01m\x1b[K/home/orb/ORB_SLAM3/include/MapPoint.h:23\x1b[m\x1b[K,\n'}
[10.775165] (orb_slam3_ros2_wrapper) StderrLine: {'line': b'                 from \x1b[01m\x1b[K/root/colcon_ws/src/orb_slam3_ros2_wrapper/include/orb_slam3_ros2_wrapper/type_conversion.hpp:26\x1b[m\x1b[K,\n'}
[10.775256] (orb_slam3_ros2_wrapper) StderrLine: {'line': b'                 from \x1b[01m\x1b[K/root/colcon_ws/src/orb_slam3_ros2_wrapper/src/rgbd/rgbd-slam-node.hpp:37\x1b[m\x1b[K,\n'}
[10.775355] (orb_slam3_ros2_wrapper) StderrLine: {'line': b'                 from \x1b[01m\x1b[K/root/colcon_ws/src/orb_slam3_ros2_wrapper/src/rgbd/rgbd-slam-node.cpp:6\x1b[m\x1b[K:\n'}
[10.775458] (orb_slam3_ros2_wrapper) StderrLine: {'line': b'\x1b[01m\x1b[K/home/orb/ORB_SLAM3/Thirdparty/g2o/g2o/types/../core/base_binary_edge.h:59:82:\x1b[m\x1b[K \x1b[01;35m\x1b[Kwarning: \x1b[m\x1b[K\xe2\x80\x98\x1b[01m\x1b[KEigen::AlignedBit\x1b[m\x1b[K\xe2\x80\x99 is deprecated [\x1b[01;35m\x1b[K-Wdeprecated-declarations\x1b[m\x1b[K]\n'}
[10.775565] (orb_slam3_ros2_wrapper) StderrLine: {'line': b'   59 |       typedef Eigen::Map<Matrix<double, Di, Dj>, Matrix<double, Di, Dj>::Flags & \x1b[01;35m\x1b[KAlignedBit\x1b[m\x1b[K ? Aligned : Unaligned > HessianBlockType;\n'}
[10.775668] (orb_slam3_ros2_wrapper) StderrLine: {'line': b'      |                                                                                  \x1b[01;35m\x1b[K^~~~~~~~~~\x1b[m\x1b[K\n'}
[10.775788] (orb_slam3_ros2_wrapper) StderrLine: {'line': b'In file included from \x1b[01m\x1b[K/usr/include/eigen3/Eigen/Core:161\x1b[m\x1b[K,\n'}
[10.775894] (orb_slam3_ros2_wrapper) StderrLine: {'line': b'                 from \x1b[01m\x1b[K/root/colcon_ws/src/orb_slam3_ros2_wrapper/include/orb_slam3_ros2_wrapper/type_conversion.hpp:10\x1b[m\x1b[K,\n'}
[10.775996] (orb_slam3_ros2_wrapper) StderrLine: {'line': b'                 from \x1b[01m\x1b[K/root/colcon_ws/src/orb_slam3_ros2_wrapper/src/rgbd/rgbd-slam-node.hpp:37\x1b[m\x1b[K,\n'}
[10.776099] (orb_slam3_ros2_wrapper) StderrLine: {'line': b'                 from \x1b[01m\x1b[K/root/colcon_ws/src/orb_slam3_ros2_wrapper/src/rgbd/rgbd-slam-node.cpp:6\x1b[m\x1b[K:\n'}
[10.776206] (orb_slam3_ros2_wrapper) StderrLine: {'line': b'\x1b[01m\x1b[K/usr/include/eigen3/Eigen/src/Core/util/Constants.h:167:37:\x1b[m\x1b[K \x1b[01;36m\x1b[Knote: \x1b[m\x1b[Kdeclared here\n'}
[10.776302] (orb_slam3_ros2_wrapper) StderrLine: {'line': b'  167 | EIGEN_DEPRECATED const unsigned int \x1b[01;36m\x1b[KAlignedBit\x1b[m\x1b[K = 0x80;\n'}
[10.776394] (orb_slam3_ros2_wrapper) StderrLine: {'line': b'      |                                     \x1b[01;36m\x1b[K^~~~~~~~~~\x1b[m\x1b[K\n'}
[10.776511] (orb_slam3_ros2_wrapper) StderrLine: {'line': b'In file included from \x1b[01m\x1b[K/home/orb/ORB_SLAM3/Thirdparty/g2o/g2o/types/types_six_dof_expmap.h:38\x1b[m\x1b[K,\n'}
[10.776613] (orb_slam3_ros2_wrapper) StderrLine: {'line': b'                 from \x1b[01m\x1b[K/home/orb/ORB_SLAM3/include/Converter.h:26\x1b[m\x1b[K,\n'}
[10.776712] (orb_slam3_ros2_wrapper) StderrLine: {'line': b'                 from \x1b[01m\x1b[K/home/orb/ORB_SLAM3/include/Frame.h:33\x1b[m\x1b[K,\n'}
[10.776828] (orb_slam3_ros2_wrapper) StderrLine: {'line': b'                 from \x1b[01m\x1b[K/home/orb/ORB_SLAM3/include/KeyFrame.h:28\x1b[m\x1b[K,\n'}
[10.776937] (orb_slam3_ros2_wrapper) StderrLine: {'line': b'                 from \x1b[01m\x1b[K/home/orb/ORB_SLAM3/include/MapPoint.h:23\x1b[m\x1b[K,\n'}
[10.777041] (orb_slam3_ros2_wrapper) StderrLine: {'line': b'                 from \x1b[01m\x1b[K/root/colcon_ws/src/orb_slam3_ros2_wrapper/include/orb_slam3_ros2_wrapper/type_conversion.hpp:26\x1b[m\x1b[K,\n'}
[10.777153] (orb_slam3_ros2_wrapper) StderrLine: {'line': b'                 from \x1b[01m\x1b[K/root/colcon_ws/src/orb_slam3_ros2_wrapper/src/rgbd/rgbd-slam-node.hpp:37\x1b[m\x1b[K,\n'}
[10.777256] (orb_slam3_ros2_wrapper) StderrLine: {'line': b'                 from \x1b[01m\x1b[K/root/colcon_ws/src/orb_slam3_ros2_wrapper/src/rgbd/rgbd-slam-node.cpp:6\x1b[m\x1b[K:\n'}
[10.777360] (orb_slam3_ros2_wrapper) StderrLine: {'line': b'\x1b[01m\x1b[K/home/orb/ORB_SLAM3/Thirdparty/g2o/g2o/types/../core/base_binary_edge.h:60:82:\x1b[m\x1b[K \x1b[01;35m\x1b[Kwarning: \x1b[m\x1b[K\xe2\x80\x98\x1b[01m\x1b[KEigen::AlignedBit\x1b[m\x1b[K\xe2\x80\x99 is deprecated [\x1b[01;35m\x1b[K-Wdeprecated-declarations\x1b[m\x1b[K]\n'}
[10.777454] (orb_slam3_ros2_wrapper) StderrLine: {'line': b'   60 |       typedef Eigen::Map<Matrix<double, Dj, Di>, Matrix<double, Dj, Di>::Flags & \x1b[01;35m\x1b[KAlignedBit\x1b[m\x1b[K ? Aligned : Unaligned > HessianBlockTransposedType;\n'}
[10.777546] (orb_slam3_ros2_wrapper) StderrLine: {'line': b'      |                                                                                  \x1b[01;35m\x1b[K^~~~~~~~~~\x1b[m\x1b[K\n'}
[10.777638] (orb_slam3_ros2_wrapper) StderrLine: {'line': b'In file included from \x1b[01m\x1b[K/usr/include/eigen3/Eigen/Core:161\x1b[m\x1b[K,\n'}
[10.777755] (orb_slam3_ros2_wrapper) StderrLine: {'line': b'                 from \x1b[01m\x1b[K/root/colcon_ws/src/orb_slam3_ros2_wrapper/include/orb_slam3_ros2_wrapper/type_conversion.hpp:10\x1b[m\x1b[K,\n'}
[10.777870] (orb_slam3_ros2_wrapper) StderrLine: {'line': b'                 from \x1b[01m\x1b[K/root/colcon_ws/src/orb_slam3_ros2_wrapper/src/rgbd/rgbd-slam-node.hpp:37\x1b[m\x1b[K,\n'}
[10.777975] (orb_slam3_ros2_wrapper) StderrLine: {'line': b'                 from \x1b[01m\x1b[K/root/colcon_ws/src/orb_slam3_ros2_wrapper/src/rgbd/rgbd-slam-node.cpp:6\x1b[m\x1b[K:\n'}
[10.778076] (orb_slam3_ros2_wrapper) StderrLine: {'line': b'\x1b[01m\x1b[K/usr/include/eigen3/Eigen/src/Core/util/Constants.h:167:37:\x1b[m\x1b[K \x1b[01;36m\x1b[Knote: \x1b[m\x1b[Kdeclared here\n'}
[10.778191] (orb_slam3_ros2_wrapper) StderrLine: {'line': b'  167 | EIGEN_DEPRECATED const unsigned int \x1b[01;36m\x1b[KAlignedBit\x1b[m\x1b[K = 0x80;\n'}
[10.778279] (orb_slam3_ros2_wrapper) StderrLine: {'line': b'      |                                     \x1b[01;36m\x1b[K^~~~~~~~~~\x1b[m\x1b[K\n'}
[10.819088] (orb_slam3_ros2_wrapper) StderrLine: {'line': b'In file included from \x1b[01m\x1b[K/home/orb/ORB_SLAM3/Thirdparty/g2o/g2o/types/types_six_dof_expmap.h:38\x1b[m\x1b[K,\n'}
[10.819672] (orb_slam3_ros2_wrapper) StderrLine: {'line': b'                 from \x1b[01m\x1b[K/home/orb/ORB_SLAM3/include/Converter.h:26\x1b[m\x1b[K,\n'}
[10.819818] (orb_slam3_ros2_wrapper) StderrLine: {'line': b'                 from \x1b[01m\x1b[K/home/orb/ORB_SLAM3/include/Frame.h:33\x1b[m\x1b[K,\n'}
[10.819929] (orb_slam3_ros2_wrapper) StderrLine: {'line': b'                 from \x1b[01m\x1b[K/home/orb/ORB_SLAM3/include/KeyFrame.h:28\x1b[m\x1b[K,\n'}
[10.820051] (orb_slam3_ros2_wrapper) StderrLine: {'line': b'                 from \x1b[01m\x1b[K/home/orb/ORB_SLAM3/include/MapPoint.h:23\x1b[m\x1b[K,\n'}
[10.820153] (orb_slam3_ros2_wrapper) StderrLine: {'line': b'                 from \x1b[01m\x1b[K/root/colcon_ws/src/orb_slam3_ros2_wrapper/include/orb_slam3_ros2_wrapper/type_conversion.hpp:26\x1b[m\x1b[K,\n'}
[10.820258] (orb_slam3_ros2_wrapper) StderrLine: {'line': b'                 from \x1b[01m\x1b[K/root/colcon_ws/src/orb_slam3_ros2_wrapper/src/rgbd/rgbd-slam-node.hpp:37\x1b[m\x1b[K,\n'}
[10.820363] (orb_slam3_ros2_wrapper) StderrLine: {'line': b'                 from \x1b[01m\x1b[K/root/colcon_ws/src/orb_slam3_ros2_wrapper/src/rgbd/rgbd.cpp:7\x1b[m\x1b[K:\n'}
[10.820466] (orb_slam3_ros2_wrapper) StderrLine: {'line': b'/home/orb/ORB_SLAM3/Thirdparty/g2o/g2o/types/../core/base_binary_edge.h: In instantiation of \xe2\x80\x98\x1b[01m\x1b[Kclass g2o::BaseBinaryEdge<3, Eigen::Matrix<double, 3, 1>, g2o::VertexSBAPointXYZ, g2o::VertexSE3Expmap>\x1b[m\x1b[K\xe2\x80\x99:\n'}
[10.820570] (orb_slam3_ros2_wrapper) StderrLine: {'line': b'\x1b[01m\x1b[K/home/orb/ORB_SLAM3/Thirdparty/g2o/g2o/types/types_six_dof_expmap.h:146:41:\x1b[m\x1b[K   required from here\n'}
[10.820674] (orb_slam3_ros2_wrapper) StderrLine: {'line': b'\x1b[01m\x1b[K/home/orb/ORB_SLAM3/Thirdparty/g2o/g2o/types/../core/base_binary_edge.h:59:80:\x1b[m\x1b[K \x1b[01;35m\x1b[Kwarning: \x1b[m\x1b[K\xe2\x80\x98\x1b[01m\x1b[KEigen::AlignedBit\x1b[m\x1b[K\xe2\x80\x99 is deprecated [\x1b[01;35m\x1b[K-Wdeprecated-declarations\x1b[m\x1b[K]\n'}
[10.820801] (orb_slam3_ros2_wrapper) StderrLine: {'line': b'   59 |       typedef Eigen::Map<Matrix<double, Di, Dj>, Matrix<double, Di, Dj>::\x1b[01;35m\x1b[KFlags & AlignedBit\x1b[m\x1b[K ? Aligned : Unaligned > HessianBlockType;\n'}
[10.820908] (orb_slam3_ros2_wrapper) StderrLine: {'line': b'      |                                                                          \x1b[01;35m\x1b[K~~~~~~^~~~~~~~~~~~\x1b[m\x1b[K\n'}
[10.821013] (orb_slam3_ros2_wrapper) StderrLine: {'line': b'In file included from \x1b[01m\x1b[K/usr/include/eigen3/Eigen/Core:161\x1b[m\x1b[K,\n'}
[10.821113] (orb_slam3_ros2_wrapper) StderrLine: {'line': b'                 from \x1b[01m\x1b[K/root/colcon_ws/src/orb_slam3_ros2_wrapper/include/orb_slam3_ros2_wrapper/type_conversion.hpp:10\x1b[m\x1b[K,\n'}
[10.821216] (orb_slam3_ros2_wrapper) StderrLine: {'line': b'                 from \x1b[01m\x1b[K/root/colcon_ws/src/orb_slam3_ros2_wrapper/src/rgbd/rgbd-slam-node.hpp:37\x1b[m\x1b[K,\n'}
[10.821319] (orb_slam3_ros2_wrapper) StderrLine: {'line': b'                 from \x1b[01m\x1b[K/root/colcon_ws/src/orb_slam3_ros2_wrapper/src/rgbd/rgbd.cpp:7\x1b[m\x1b[K:\n'}
[10.821418] (orb_slam3_ros2_wrapper) StderrLine: {'line': b'\x1b[01m\x1b[K/usr/include/eigen3/Eigen/src/Core/util/Constants.h:167:37:\x1b[m\x1b[K \x1b[01;36m\x1b[Knote: \x1b[m\x1b[Kdeclared here\n'}
[10.821524] (orb_slam3_ros2_wrapper) StderrLine: {'line': b'  167 | EIGEN_DEPRECATED const unsigned int \x1b[01;36m\x1b[KAlignedBit\x1b[m\x1b[K = 0x80;\n'}
[10.821624] (orb_slam3_ros2_wrapper) StderrLine: {'line': b'      |                                     \x1b[01;36m\x1b[K^~~~~~~~~~\x1b[m\x1b[K\n'}
[10.821747] (orb_slam3_ros2_wrapper) StderrLine: {'line': b'In file included from \x1b[01m\x1b[K/home/orb/ORB_SLAM3/Thirdparty/g2o/g2o/types/types_six_dof_expmap.h:38\x1b[m\x1b[K,\n'}
[10.821863] (orb_slam3_ros2_wrapper) StderrLine: {'line': b'                 from \x1b[01m\x1b[K/home/orb/ORB_SLAM3/include/Converter.h:26\x1b[m\x1b[K,\n'}
[10.821968] (orb_slam3_ros2_wrapper) StderrLine: {'line': b'                 from \x1b[01m\x1b[K/home/orb/ORB_SLAM3/include/Frame.h:33\x1b[m\x1b[K,\n'}
[10.822069] (orb_slam3_ros2_wrapper) StderrLine: {'line': b'                 from \x1b[01m\x1b[K/home/orb/ORB_SLAM3/include/KeyFrame.h:28\x1b[m\x1b[K,\n'}
[10.822172] (orb_slam3_ros2_wrapper) StderrLine: {'line': b'                 from \x1b[01m\x1b[K/home/orb/ORB_SLAM3/include/MapPoint.h:23\x1b[m\x1b[K,\n'}
[10.822287] (orb_slam3_ros2_wrapper) StderrLine: {'line': b'                 from \x1b[01m\x1b[K/root/colcon_ws/src/orb_slam3_ros2_wrapper/include/orb_slam3_ros2_wrapper/type_conversion.hpp:26\x1b[m\x1b[K,\n'}
[10.822391] (orb_slam3_ros2_wrapper) StderrLine: {'line': b'                 from \x1b[01m\x1b[K/root/colcon_ws/src/orb_slam3_ros2_wrapper/src/rgbd/rgbd-slam-node.hpp:37\x1b[m\x1b[K,\n'}
[10.822492] (orb_slam3_ros2_wrapper) StderrLine: {'line': b'                 from \x1b[01m\x1b[K/root/colcon_ws/src/orb_slam3_ros2_wrapper/src/rgbd/rgbd.cpp:7\x1b[m\x1b[K:\n'}
[10.822593] (orb_slam3_ros2_wrapper) StderrLine: {'line': b'\x1b[01m\x1b[K/home/orb/ORB_SLAM3/Thirdparty/g2o/g2o/types/../core/base_binary_edge.h:60:80:\x1b[m\x1b[K \x1b[01;35m\x1b[Kwarning: \x1b[m\x1b[K\xe2\x80\x98\x1b[01m\x1b[KEigen::AlignedBit\x1b[m\x1b[K\xe2\x80\x99 is deprecated [\x1b[01;35m\x1b[K-Wdeprecated-declarations\x1b[m\x1b[K]\n'}
[10.822696] (orb_slam3_ros2_wrapper) StderrLine: {'line': b'   60 |       typedef Eigen::Map<Matrix<double, Dj, Di>, Matrix<double, Dj, Di>::\x1b[01;35m\x1b[KFlags & AlignedBit\x1b[m\x1b[K ? Aligned : Unaligned > HessianBlockTransposedType;\n'}
[10.822816] (orb_slam3_ros2_wrapper) StderrLine: {'line': b'      |                                                                          \x1b[01;35m\x1b[K~~~~~~^~~~~~~~~~~~\x1b[m\x1b[K\n'}
[10.822934] (orb_slam3_ros2_wrapper) StderrLine: {'line': b'In file included from \x1b[01m\x1b[K/usr/include/eigen3/Eigen/Core:161\x1b[m\x1b[K,\n'}
[10.823037] (orb_slam3_ros2_wrapper) StderrLine: {'line': b'                 from \x1b[01m\x1b[K/root/colcon_ws/src/orb_slam3_ros2_wrapper/include/orb_slam3_ros2_wrapper/type_conversion.hpp:10\x1b[m\x1b[K,\n'}
[10.823140] (orb_slam3_ros2_wrapper) StderrLine: {'line': b'                 from \x1b[01m\x1b[K/root/colcon_ws/src/orb_slam3_ros2_wrapper/src/rgbd/rgbd-slam-node.hpp:37\x1b[m\x1b[K,\n'}
[10.823254] (orb_slam3_ros2_wrapper) StderrLine: {'line': b'                 from \x1b[01m\x1b[K/root/colcon_ws/src/orb_slam3_ros2_wrapper/src/rgbd/rgbd.cpp:7\x1b[m\x1b[K:\n'}
[10.823356] (orb_slam3_ros2_wrapper) StderrLine: {'line': b'\x1b[01m\x1b[K/usr/include/eigen3/Eigen/src/Core/util/Constants.h:167:37:\x1b[m\x1b[K \x1b[01;36m\x1b[Knote: \x1b[m\x1b[Kdeclared here\n'}
[10.823457] (orb_slam3_ros2_wrapper) StderrLine: {'line': b'  167 | EIGEN_DEPRECATED const unsigned int \x1b[01;36m\x1b[KAlignedBit\x1b[m\x1b[K = 0x80;\n'}
[10.823558] (orb_slam3_ros2_wrapper) StderrLine: {'line': b'      |                                     \x1b[01;36m\x1b[K^~~~~~~~~~\x1b[m\x1b[K\n'}
[10.836619] (orb_slam3_ros2_wrapper) StderrLine: {'line': b'In file included from \x1b[01m\x1b[K/home/orb/ORB_SLAM3/Thirdparty/g2o/g2o/types/types_six_dof_expmap.h:41\x1b[m\x1b[K,\n'}
[10.836847] (orb_slam3_ros2_wrapper) StderrLine: {'line': b'                 from \x1b[01m\x1b[K/home/orb/ORB_SLAM3/include/Converter.h:26\x1b[m\x1b[K,\n'}
[10.836970] (orb_slam3_ros2_wrapper) StderrLine: {'line': b'                 from \x1b[01m\x1b[K/home/orb/ORB_SLAM3/include/Frame.h:33\x1b[m\x1b[K,\n'}
[10.837080] (orb_slam3_ros2_wrapper) StderrLine: {'line': b'                 from \x1b[01m\x1b[K/home/orb/ORB_SLAM3/include/KeyFrame.h:28\x1b[m\x1b[K,\n'}
[10.837207] (orb_slam3_ros2_wrapper) StderrLine: {'line': b'                 from \x1b[01m\x1b[K/home/orb/ORB_SLAM3/include/MapPoint.h:23\x1b[m\x1b[K,\n'}
[10.837309] (orb_slam3_ros2_wrapper) StderrLine: {'line': b'                 from \x1b[01m\x1b[K/root/colcon_ws/src/orb_slam3_ros2_wrapper/include/orb_slam3_ros2_wrapper/type_conversion.hpp:26\x1b[m\x1b[K,\n'}
[10.837416] (orb_slam3_ros2_wrapper) StderrLine: {'line': b'                 from \x1b[01m\x1b[K/root/colcon_ws/src/orb_slam3_ros2_wrapper/src/rgbd/rgbd-slam-node.hpp:37\x1b[m\x1b[K,\n'}
[10.837518] (orb_slam3_ros2_wrapper) StderrLine: {'line': b'                 from \x1b[01m\x1b[K/root/colcon_ws/src/orb_slam3_ros2_wrapper/src/rgbd/rgbd-slam-node.cpp:6\x1b[m\x1b[K:\n'}
[10.837618] (orb_slam3_ros2_wrapper) StderrLine: {'line': b'\x1b[01m\x1b[K/home/orb/ORB_SLAM3/Thirdparty/g2o/g2o/types/se3quat.h:43:38:\x1b[m\x1b[K \x1b[01;35m\x1b[Kwarning: \x1b[m\x1b[Kextra \xe2\x80\x98\x1b[01m\x1b[K;\x1b[m\x1b[K\xe2\x80\x99 [\x1b[01;35m\x1b[K-Wpedantic\x1b[m\x1b[K]\n'}
[10.837745] (orb_slam3_ros2_wrapper) StderrLine: {'line': b'   43 |       EIGEN_MAKE_ALIGNED_OPERATOR_NEW\x1b[01;35m\x1b[K;\x1b[m\x1b[K\n'}
[10.837860] (orb_slam3_ros2_wrapper) StderrLine: {'line': b'      |                                      \x1b[01;35m\x1b[K^\x1b[m\x1b[K\n'}
[10.837963] (orb_slam3_ros2_wrapper) StderrLine: {'line': b'      |                                      \x1b[31m\x1b[K-\x1b[m\x1b[K\n'}
[10.845148] (orb_slam3_ros2_wrapper) StderrLine: {'line': b'In file included from \x1b[01m\x1b[K/home/orb/ORB_SLAM3/include/Frame.h:30\x1b[m\x1b[K,\n'}
[10.845372] (orb_slam3_ros2_wrapper) StderrLine: {'line': b'                 from \x1b[01m\x1b[K/home/orb/ORB_SLAM3/include/KeyFrame.h:28\x1b[m\x1b[K,\n'}
[10.845487] (orb_slam3_ros2_wrapper) StderrLine: {'line': b'                 from \x1b[01m\x1b[K/home/orb/ORB_SLAM3/include/MapPoint.h:23\x1b[m\x1b[K,\n'}
[10.845592] (orb_slam3_ros2_wrapper) StderrLine: {'line': b'                 from \x1b[01m\x1b[K/root/colcon_ws/src/orb_slam3_ros2_wrapper/include/orb_slam3_ros2_wrapper/type_conversion.hpp:26\x1b[m\x1b[K,\n'}
[10.845693] (orb_slam3_ros2_wrapper) StderrLine: {'line': b'                 from \x1b[01m\x1b[K/root/colcon_ws/src/orb_slam3_ros2_wrapper/src/type_conversion.cpp:7\x1b[m\x1b[K:\n'}
[10.845809] (orb_slam3_ros2_wrapper) StderrLine: {'line': b'\x1b[01m\x1b[K/home/orb/ORB_SLAM3/include/ImuTypes.h:\x1b[m\x1b[K In member function \xe2\x80\x98\x1b[01m\x1b[Kvoid ORB_SLAM3::IMU::Preintegrated::printMeasurements() const\x1b[m\x1b[K\xe2\x80\x99:\n'}
[10.845915] (orb_slam3_ros2_wrapper) StderrLine: {'line': b'\x1b[01m\x1b[K/home/orb/ORB_SLAM3/include/ImuTypes.h:204:23:\x1b[m\x1b[K \x1b[01;35m\x1b[Kwarning: \x1b[m\x1b[Kcomparison of integer expressions of different signedness: \xe2\x80\x98\x1b[01m\x1b[Kint\x1b[m\x1b[K\xe2\x80\x99 and \xe2\x80\x98\x1b[01m\x1b[Kstd::vector<ORB_SLAM3::IMU::Preintegrated::integrable>::size_type\x1b[m\x1b[K\xe2\x80\x99 {aka \xe2\x80\x98\x1b[01m\x1b[Klong unsigned int\x1b[m\x1b[K\xe2\x80\x99} [\x1b[01;35m\x1b[K-Wsign-compare\x1b[m\x1b[K]\n'}
[10.846036] (orb_slam3_ros2_wrapper) StderrLine: {'line': b'  204 |         for(int i=0; \x1b[01;35m\x1b[Ki<mvMeasurements.size()\x1b[m\x1b[K; i++){\n'}
[10.846136] (orb_slam3_ros2_wrapper) StderrLine: {'line': b'      |                      \x1b[01;35m\x1b[K~^~~~~~~~~~~~~~~~~~~~~~\x1b[m\x1b[K\n'}
[10.865765] (-) TimerEvent: {}
[10.966105] (-) TimerEvent: {}
[11.063901] (orb_slam3_ros2_wrapper) StderrLine: {'line': b'In file included from \x1b[01m\x1b[K/home/orb/ORB_SLAM3/Thirdparty/g2o/g2o/types/types_six_dof_expmap.h:37\x1b[m\x1b[K,\n'}
[11.064190] (orb_slam3_ros2_wrapper) StderrLine: {'line': b'                 from \x1b[01m\x1b[K/home/orb/ORB_SLAM3/include/Converter.h:26\x1b[m\x1b[K,\n'}
[11.064325] (orb_slam3_ros2_wrapper) StderrLine: {'line': b'                 from \x1b[01m\x1b[K/home/orb/ORB_SLAM3/include/Frame.h:33\x1b[m\x1b[K,\n'}
[11.064443] (orb_slam3_ros2_wrapper) StderrLine: {'line': b'                 from \x1b[01m\x1b[K/home/orb/ORB_SLAM3/include/KeyFrame.h:28\x1b[m\x1b[K,\n'}
[11.064556] (orb_slam3_ros2_wrapper) StderrLine: {'line': b'                 from \x1b[01m\x1b[K/home/orb/ORB_SLAM3/include/MapPoint.h:23\x1b[m\x1b[K,\n'}
[11.064661] (orb_slam3_ros2_wrapper) StderrLine: {'line': b'                 from \x1b[01m\x1b[K/root/colcon_ws/src/orb_slam3_ros2_wrapper/include/orb_slam3_ros2_wrapper/type_conversion.hpp:26\x1b[m\x1b[K,\n'}
[11.064786] (orb_slam3_ros2_wrapper) StderrLine: {'line': b'                 from \x1b[01m\x1b[K/root/colcon_ws/src/orb_slam3_ros2_wrapper/src/type_conversion.cpp:7\x1b[m\x1b[K:\n'}
[11.064902] (orb_slam3_ros2_wrapper) StderrLine: {'line': b'\x1b[01m\x1b[K/home/orb/ORB_SLAM3/Thirdparty/g2o/g2o/types/../core/base_vertex.h:\x1b[m\x1b[K At global scope:\n'}
[11.065012] (orb_slam3_ros2_wrapper) StderrLine: {'line': b'\x1b[01m\x1b[K/home/orb/ORB_SLAM3/Thirdparty/g2o/g2o/types/../core/base_vertex.h:62:74:\x1b[m\x1b[K \x1b[01;35m\x1b[Kwarning: \x1b[m\x1b[K\xe2\x80\x98\x1b[01m\x1b[KEigen::AlignedBit\x1b[m\x1b[K\xe2\x80\x99 is deprecated [\x1b[01;35m\x1b[K-Wdeprecated-declarations\x1b[m\x1b[K]\n'}
[11.065142] (orb_slam3_ros2_wrapper) StderrLine: {'line': b'   62 | igen::Map<Matrix<double, D, D>, Matrix<double,D,D>::Flags & \x1b[01;35m\x1b[KAlignedBit\x1b[m\x1b[K ? Aligned : Unaligned >  HessianBlockType;\n'}
[11.065266] (orb_slam3_ros2_wrapper) StderrLine: {'line': b'      |                                                             \x1b[01;35m\x1b[K^~~~~~~~~~\x1b[m\x1b[K\n'}
[11.065377] (orb_slam3_ros2_wrapper) StderrLine: {'line': b'\n'}
[11.065490] (orb_slam3_ros2_wrapper) StderrLine: {'line': b'In file included from \x1b[01m\x1b[K/usr/include/eigen3/Eigen/Core:161\x1b[m\x1b[K,\n'}
[11.065601] (orb_slam3_ros2_wrapper) StderrLine: {'line': b'                 from \x1b[01m\x1b[K/root/colcon_ws/src/orb_slam3_ros2_wrapper/include/orb_slam3_ros2_wrapper/type_conversion.hpp:10\x1b[m\x1b[K,\n'}
[11.065713] (orb_slam3_ros2_wrapper) StderrLine: {'line': b'                 from \x1b[01m\x1b[K/root/colcon_ws/src/orb_slam3_ros2_wrapper/src/type_conversion.cpp:7\x1b[m\x1b[K:\n'}
[11.065857] (orb_slam3_ros2_wrapper) StderrLine: {'line': b'\x1b[01m\x1b[K/usr/include/eigen3/Eigen/src/Core/util/Constants.h:167:37:\x1b[m\x1b[K \x1b[01;36m\x1b[Knote: \x1b[m\x1b[Kdeclared here\n'}
[11.065960] (orb_slam3_ros2_wrapper) StderrLine: {'line': b'  167 | EIGEN_DEPRECATED const unsigned int \x1b[01;36m\x1b[KAlignedBit\x1b[m\x1b[K = 0x80;\n'}
[11.066064] (orb_slam3_ros2_wrapper) StderrLine: {'line': b'      |                                     \x1b[01;36m\x1b[K^~~~~~~~~~\x1b[m\x1b[K\n'}
[11.066171] (-) TimerEvent: {}
[11.079251] (orb_slam3_ros2_wrapper) StderrLine: {'line': b'In file included from \x1b[01m\x1b[K/home/orb/ORB_SLAM3/Thirdparty/g2o/g2o/types/types_six_dof_expmap.h:38\x1b[m\x1b[K,\n'}
[11.079648] (orb_slam3_ros2_wrapper) StderrLine: {'line': b'                 from \x1b[01m\x1b[K/home/orb/ORB_SLAM3/include/Converter.h:26\x1b[m\x1b[K,\n'}
[11.079790] (orb_slam3_ros2_wrapper) StderrLine: {'line': b'                 from \x1b[01m\x1b[K/home/orb/ORB_SLAM3/include/Frame.h:33\x1b[m\x1b[K,\n'}
[11.079907] (orb_slam3_ros2_wrapper) StderrLine: {'line': b'                 from \x1b[01m\x1b[K/home/orb/ORB_SLAM3/include/KeyFrame.h:28\x1b[m\x1b[K,\n'}
[11.080016] (orb_slam3_ros2_wrapper) StderrLine: {'line': b'                 from \x1b[01m\x1b[K/home/orb/ORB_SLAM3/include/MapPoint.h:23\x1b[m\x1b[K,\n'}
[11.080120] (orb_slam3_ros2_wrapper) StderrLine: {'line': b'                 from \x1b[01m\x1b[K/root/colcon_ws/src/orb_slam3_ros2_wrapper/include/orb_slam3_ros2_wrapper/type_conversion.hpp:26\x1b[m\x1b[K,\n'}
[11.080227] (orb_slam3_ros2_wrapper) StderrLine: {'line': b'                 from \x1b[01m\x1b[K/root/colcon_ws/src/orb_slam3_ros2_wrapper/src/type_conversion.cpp:7\x1b[m\x1b[K:\n'}
[11.080335] (orb_slam3_ros2_wrapper) StderrLine: {'line': b'\x1b[01m\x1b[K/home/orb/ORB_SLAM3/Thirdparty/g2o/g2o/types/../core/base_binary_edge.h:59:82:\x1b[m\x1b[K \x1b[01;35m\x1b[Kwarning: \x1b[m\x1b[K\xe2\x80\x98\x1b[01m\x1b[KEigen::AlignedBit\x1b[m\x1b[K\xe2\x80\x99 is deprecated [\x1b[01;35m\x1b[K-Wdeprecated-declarations\x1b[m\x1b[K]\n'}
[11.080446] (orb_slam3_ros2_wrapper) StderrLine: {'line': b'   59 | Map<Matrix<double, Di, Dj>, Matrix<double, Di, Dj>::Flags & \x1b[01;35m\x1b[KAlignedBit\x1b[m\x1b[K ? Aligned : Unaligned > HessianBlockType;\n'}
[11.080555] (orb_slam3_ros2_wrapper) StderrLine: {'line': b'      |                                                             \x1b[01;35m\x1b[K^~~~~~~~~~\x1b[m\x1b[K\n'}
[11.080659] (orb_slam3_ros2_wrapper) StderrLine: {'line': b'\n'}
[11.080779] (orb_slam3_ros2_wrapper) StderrLine: {'line': b'In file included from \x1b[01m\x1b[K/usr/include/eigen3/Eigen/Core:161\x1b[m\x1b[K,\n'}
[11.080890] (orb_slam3_ros2_wrapper) StderrLine: {'line': b'                 from \x1b[01m\x1b[K/root/colcon_ws/src/orb_slam3_ros2_wrapper/include/orb_slam3_ros2_wrapper/type_conversion.hpp:10\x1b[m\x1b[K,\n'}
[11.080984] (orb_slam3_ros2_wrapper) StderrLine: {'line': b'                 from \x1b[01m\x1b[K/root/colcon_ws/src/orb_slam3_ros2_wrapper/src/type_conversion.cpp:7\x1b[m\x1b[K:\n'}
[11.081106] (orb_slam3_ros2_wrapper) StderrLine: {'line': b'\x1b[01m\x1b[K/usr/include/eigen3/Eigen/src/Core/util/Constants.h:167:37:\x1b[m\x1b[K \x1b[01;36m\x1b[Knote: \x1b[m\x1b[Kdeclared here\n'}
[11.081217] (orb_slam3_ros2_wrapper) StderrLine: {'line': b'  167 | EIGEN_DEPRECATED const unsigned int \x1b[01;36m\x1b[KAlignedBit\x1b[m\x1b[K = 0x80;\n'}
[11.081317] (orb_slam3_ros2_wrapper) StderrLine: {'line': b'      |                                     \x1b[01;36m\x1b[K^~~~~~~~~~\x1b[m\x1b[K\n'}
[11.081414] (orb_slam3_ros2_wrapper) StderrLine: {'line': b'In file included from \x1b[01m\x1b[K/home/orb/ORB_SLAM3/Thirdparty/g2o/g2o/types/types_six_dof_expmap.h:38\x1b[m\x1b[K,\n'}
[11.081513] (orb_slam3_ros2_wrapper) StderrLine: {'line': b'                 from \x1b[01m\x1b[K/home/orb/ORB_SLAM3/include/Converter.h:26\x1b[m\x1b[K,\n'}
[11.081616] (orb_slam3_ros2_wrapper) StderrLine: {'line': b'                 from \x1b[01m\x1b[K/home/orb/ORB_SLAM3/include/Frame.h:33\x1b[m\x1b[K,\n'}
[11.081728] (orb_slam3_ros2_wrapper) StderrLine: {'line': b'                 from \x1b[01m\x1b[K/home/orb/ORB_SLAM3/include/KeyFrame.h:28\x1b[m\x1b[K,\n'}
[11.081843] (orb_slam3_ros2_wrapper) StderrLine: {'line': b'                 from \x1b[01m\x1b[K/home/orb/ORB_SLAM3/include/MapPoint.h:23\x1b[m\x1b[K,\n'}
[11.081952] (orb_slam3_ros2_wrapper) StderrLine: {'line': b'                 from \x1b[01m\x1b[K/root/colcon_ws/src/orb_slam3_ros2_wrapper/include/orb_slam3_ros2_wrapper/type_conversion.hpp:26\x1b[m\x1b[K,\n'}
[11.082055] (orb_slam3_ros2_wrapper) StderrLine: {'line': b'                 from \x1b[01m\x1b[K/root/colcon_ws/src/orb_slam3_ros2_wrapper/src/type_conversion.cpp:7\x1b[m\x1b[K:\n'}
[11.082155] (orb_slam3_ros2_wrapper) StderrLine: {'line': b'\x1b[01m\x1b[K/home/orb/ORB_SLAM3/Thirdparty/g2o/g2o/types/../core/base_binary_edge.h:60:82:\x1b[m\x1b[K \x1b[01;35m\x1b[Kwarning: \x1b[m\x1b[K\xe2\x80\x98\x1b[01m\x1b[KEigen::AlignedBit\x1b[m\x1b[K\xe2\x80\x99 is deprecated [\x1b[01;35m\x1b[K-Wdeprecated-declarations\x1b[m\x1b[K]\n'}
[11.082258] (orb_slam3_ros2_wrapper) StderrLine: {'line': b'   60 | Map<Matrix<double, Dj, Di>, Matrix<double, Dj, Di>::Flags & \x1b[01;35m\x1b[KAlignedBit\x1b[m\x1b[K ? Aligned : Unaligned > HessianBlockTransposedType;\n'}
[11.082361] (orb_slam3_ros2_wrapper) StderrLine: {'line': b'      |                                                             \x1b[01;35m\x1b[K^~~~~~~~~~\x1b[m\x1b[K\n'}
[11.082461] (orb_slam3_ros2_wrapper) StderrLine: {'line': b'\n'}
[11.082566] (orb_slam3_ros2_wrapper) StderrLine: {'line': b'In file included from \x1b[01m\x1b[K/usr/include/eigen3/Eigen/Core:161\x1b[m\x1b[K,\n'}
[11.082672] (orb_slam3_ros2_wrapper) StderrLine: {'line': b'                 from \x1b[01m\x1b[K/root/colcon_ws/src/orb_slam3_ros2_wrapper/include/orb_slam3_ros2_wrapper/type_conversion.hpp:10\x1b[m\x1b[K,\n'}
[11.082791] (orb_slam3_ros2_wrapper) StderrLine: {'line': b'                 from \x1b[01m\x1b[K/root/colcon_ws/src/orb_slam3_ros2_wrapper/src/type_conversion.cpp:7\x1b[m\x1b[K:\n'}
[11.082895] (orb_slam3_ros2_wrapper) StderrLine: {'line': b'\x1b[01m\x1b[K/usr/include/eigen3/Eigen/src/Core/util/Constants.h:167:37:\x1b[m\x1b[K \x1b[01;36m\x1b[Knote: \x1b[m\x1b[Kdeclared here\n'}
[11.082989] (orb_slam3_ros2_wrapper) StderrLine: {'line': b'  167 | EIGEN_DEPRECATED const unsigned int \x1b[01;36m\x1b[KAlignedBit\x1b[m\x1b[K = 0x80;\n'}
[11.083088] (orb_slam3_ros2_wrapper) StderrLine: {'line': b'      |                                     \x1b[01;36m\x1b[K^~~~~~~~~~\x1b[m\x1b[K\n'}
[11.165893] (orb_slam3_ros2_wrapper) StderrLine: {'line': b'In file included from \x1b[01m\x1b[K/home/orb/ORB_SLAM3/Thirdparty/g2o/g2o/types/types_six_dof_expmap.h:37\x1b[m\x1b[K,\n'}
[11.166145] (orb_slam3_ros2_wrapper) StderrLine: {'line': b'                 from \x1b[01m\x1b[K/home/orb/ORB_SLAM3/include/Converter.h:26\x1b[m\x1b[K,\n'}
[11.166269] (-) TimerEvent: {}
[11.166434] (orb_slam3_ros2_wrapper) StderrLine: {'line': b'                 from \x1b[01m\x1b[K/home/orb/ORB_SLAM3/include/Frame.h:33\x1b[m\x1b[K,\n'}
[11.166559] (orb_slam3_ros2_wrapper) StderrLine: {'line': b'                 from \x1b[01m\x1b[K/home/orb/ORB_SLAM3/include/KeyFrame.h:28\x1b[m\x1b[K,\n'}
[11.166669] (orb_slam3_ros2_wrapper) StderrLine: {'line': b'                 from \x1b[01m\x1b[K/home/orb/ORB_SLAM3/include/MapPoint.h:23\x1b[m\x1b[K,\n'}
[11.166806] (orb_slam3_ros2_wrapper) StderrLine: {'line': b'                 from \x1b[01m\x1b[K/root/colcon_ws/src/orb_slam3_ros2_wrapper/include/orb_slam3_ros2_wrapper/type_conversion.hpp:26\x1b[m\x1b[K,\n'}
[11.166926] (orb_slam3_ros2_wrapper) StderrLine: {'line': b'                 from \x1b[01m\x1b[K/root/colcon_ws/src/orb_slam3_ros2_wrapper/src/rgbd/rgbd-slam-node.hpp:37\x1b[m\x1b[K,\n'}
[11.167041] (orb_slam3_ros2_wrapper) StderrLine: {'line': b'                 from \x1b[01m\x1b[K/root/colcon_ws/src/orb_slam3_ros2_wrapper/src/rgbd/rgbd-slam-node.cpp:6\x1b[m\x1b[K:\n'}
[11.167151] (orb_slam3_ros2_wrapper) StderrLine: {'line': b'/home/orb/ORB_SLAM3/Thirdparty/g2o/g2o/types/../core/base_vertex.h: In instantiation of \xe2\x80\x98\x1b[01m\x1b[Kclass g2o::BaseVertex<3, Eigen::Matrix<double, 3, 1> >\x1b[m\x1b[K\xe2\x80\x99:\n'}
[11.167265] (orb_slam3_ros2_wrapper) StderrLine: {'line': b'\x1b[01m\x1b[K/home/orb/ORB_SLAM3/Thirdparty/g2o/g2o/types/types_sba.h:40:35:\x1b[m\x1b[K   required from here\n'}
[11.167374] (orb_slam3_ros2_wrapper) StderrLine: {'line': b'\x1b[01m\x1b[K/home/orb/ORB_SLAM3/Thirdparty/g2o/g2o/types/../core/base_vertex.h:62:72:\x1b[m\x1b[K \x1b[01;35m\x1b[Kwarning: \x1b[m\x1b[K\xe2\x80\x98\x1b[01m\x1b[KEigen::AlignedBit\x1b[m\x1b[K\xe2\x80\x99 is deprecated [\x1b[01;35m\x1b[K-Wdeprecated-declarations\x1b[m\x1b[K]\n'}
[11.167487] (orb_slam3_ros2_wrapper) StderrLine: {'line': b'   62 |     typedef Eigen::Map<Matrix<double, D, D>, Matrix<double,D,D>::\x1b[01;35m\x1b[KFlags & AlignedBit\x1b[m\x1b[K ? Aligned : Unaligned >  HessianBlockType;\n'}
[11.167596] (orb_slam3_ros2_wrapper) StderrLine: {'line': b'      |                                                                  \x1b[01;35m\x1b[K~~~~~~^~~~~~~~~~~~\x1b[m\x1b[K\n'}
[11.167706] (orb_slam3_ros2_wrapper) StderrLine: {'line': b'In file included from \x1b[01m\x1b[K/usr/include/eigen3/Eigen/Core:161\x1b[m\x1b[K,\n'}
[11.167836] (orb_slam3_ros2_wrapper) StderrLine: {'line': b'                 from \x1b[01m\x1b[K/root/colcon_ws/src/orb_slam3_ros2_wrapper/include/orb_slam3_ros2_wrapper/type_conversion.hpp:10\x1b[m\x1b[K,\n'}
[11.167947] (orb_slam3_ros2_wrapper) StderrLine: {'line': b'                 from \x1b[01m\x1b[K/root/colcon_ws/src/orb_slam3_ros2_wrapper/src/rgbd/rgbd-slam-node.hpp:37\x1b[m\x1b[K,\n'}
[11.168054] (orb_slam3_ros2_wrapper) StderrLine: {'line': b'                 from \x1b[01m\x1b[K/root/colcon_ws/src/orb_slam3_ros2_wrapper/src/rgbd/rgbd-slam-node.cpp:6\x1b[m\x1b[K:\n'}
[11.168175] (orb_slam3_ros2_wrapper) StderrLine: {'line': b'\x1b[01m\x1b[K/usr/include/eigen3/Eigen/src/Core/util/Constants.h:167:37:\x1b[m\x1b[K \x1b[01;36m\x1b[Knote: \x1b[m\x1b[Kdeclared here\n'}
[11.168287] (orb_slam3_ros2_wrapper) StderrLine: {'line': b'  167 | EIGEN_DEPRECATED const unsigned int \x1b[01;36m\x1b[KAlignedBit\x1b[m\x1b[K = 0x80;\n'}
[11.168396] (orb_slam3_ros2_wrapper) StderrLine: {'line': b'      |                                     \x1b[01;36m\x1b[K^~~~~~~~~~\x1b[m\x1b[K\n'}
[11.179089] (orb_slam3_ros2_wrapper) StderrLine: {'line': b'In file included from \x1b[01m\x1b[K/home/orb/ORB_SLAM3/Thirdparty/g2o/g2o/types/types_six_dof_expmap.h:41\x1b[m\x1b[K,\n'}
[11.179327] (orb_slam3_ros2_wrapper) StderrLine: {'line': b'                 from \x1b[01m\x1b[K/home/orb/ORB_SLAM3/include/Converter.h:26\x1b[m\x1b[K,\n'}
[11.179458] (orb_slam3_ros2_wrapper) StderrLine: {'line': b'                 from \x1b[01m\x1b[K/home/orb/ORB_SLAM3/include/Frame.h:33\x1b[m\x1b[K,\n'}
[11.179570] (orb_slam3_ros2_wrapper) StderrLine: {'line': b'                 from \x1b[01m\x1b[K/home/orb/ORB_SLAM3/include/KeyFrame.h:28\x1b[m\x1b[K,\n'}
[11.179696] (orb_slam3_ros2_wrapper) StderrLine: {'line': b'                 from \x1b[01m\x1b[K/home/orb/ORB_SLAM3/include/MapPoint.h:23\x1b[m\x1b[K,\n'}
[11.179816] (orb_slam3_ros2_wrapper) StderrLine: {'line': b'                 from \x1b[01m\x1b[K/root/colcon_ws/src/orb_slam3_ros2_wrapper/include/orb_slam3_ros2_wrapper/type_conversion.hpp:26\x1b[m\x1b[K,\n'}
[11.179930] (orb_slam3_ros2_wrapper) StderrLine: {'line': b'                 from \x1b[01m\x1b[K/root/colcon_ws/src/orb_slam3_ros2_wrapper/src/type_conversion.cpp:7\x1b[m\x1b[K:\n'}
[11.180038] (orb_slam3_ros2_wrapper) StderrLine: {'line': b'\x1b[01m\x1b[K/home/orb/ORB_SLAM3/Thirdparty/g2o/g2o/types/se3quat.h:43:38:\x1b[m\x1b[K \x1b[01;35m\x1b[Kwarning: \x1b[m\x1b[Kextra \xe2\x80\x98\x1b[01m\x1b[K;\x1b[m\x1b[K\xe2\x80\x99 [\x1b[01;35m\x1b[K-Wpedantic\x1b[m\x1b[K]\n'}
[11.180151] (orb_slam3_ros2_wrapper) StderrLine: {'line': b'   43 |       EIGEN_MAKE_ALIGNED_OPERATOR_NEW\x1b[01;35m\x1b[K;\x1b[m\x1b[K\n'}
[11.180256] (orb_slam3_ros2_wrapper) StderrLine: {'line': b'      |                                      \x1b[01;35m\x1b[K^\x1b[m\x1b[K\n'}
[11.180359] (orb_slam3_ros2_wrapper) StderrLine: {'line': b'      |                                      \x1b[31m\x1b[K-\x1b[m\x1b[K\n'}
[11.202306] (orb_slam3_ros2_wrapper) StderrLine: {'line': b'In file included from \x1b[01m\x1b[K/home/orb/ORB_SLAM3/Thirdparty/g2o/g2o/types/types_six_dof_expmap.h:37\x1b[m\x1b[K,\n'}
[11.202543] (orb_slam3_ros2_wrapper) StderrLine: {'line': b'                 from \x1b[01m\x1b[K/home/orb/ORB_SLAM3/include/Converter.h:26\x1b[m\x1b[K,\n'}
[11.202665] (orb_slam3_ros2_wrapper) StderrLine: {'line': b'                 from \x1b[01m\x1b[K/home/orb/ORB_SLAM3/include/Frame.h:33\x1b[m\x1b[K,\n'}
[11.202799] (orb_slam3_ros2_wrapper) StderrLine: {'line': b'                 from \x1b[01m\x1b[K/home/orb/ORB_SLAM3/include/KeyFrame.h:28\x1b[m\x1b[K,\n'}
[11.202905] (orb_slam3_ros2_wrapper) StderrLine: {'line': b'                 from \x1b[01m\x1b[K/home/orb/ORB_SLAM3/include/MapPoint.h:23\x1b[m\x1b[K,\n'}
[11.203011] (orb_slam3_ros2_wrapper) StderrLine: {'line': b'                 from \x1b[01m\x1b[K/root/colcon_ws/src/orb_slam3_ros2_wrapper/include/orb_slam3_ros2_wrapper/type_conversion.hpp:26\x1b[m\x1b[K,\n'}
[11.203120] (orb_slam3_ros2_wrapper) StderrLine: {'line': b'                 from \x1b[01m\x1b[K/root/colcon_ws/src/orb_slam3_ros2_wrapper/src/rgbd/rgbd-slam-node.hpp:37\x1b[m\x1b[K,\n'}
[11.203233] (orb_slam3_ros2_wrapper) StderrLine: {'line': b'                 from \x1b[01m\x1b[K/root/colcon_ws/src/orb_slam3_ros2_wrapper/src/rgbd/rgbd-slam-node.cpp:6\x1b[m\x1b[K:\n'}
[11.203345] (orb_slam3_ros2_wrapper) StderrLine: {'line': b'/home/orb/ORB_SLAM3/Thirdparty/g2o/g2o/types/../core/base_vertex.h: In instantiation of \xe2\x80\x98\x1b[01m\x1b[Kclass g2o::BaseVertex<6, g2o::SE3Quat>\x1b[m\x1b[K\xe2\x80\x99:\n'}
[11.203472] (orb_slam3_ros2_wrapper) StderrLine: {'line': b'\x1b[01m\x1b[K/home/orb/ORB_SLAM3/Thirdparty/g2o/g2o/types/types_six_dof_expmap.h:59:33:\x1b[m\x1b[K   required from here\n'}
[11.203585] (orb_slam3_ros2_wrapper) StderrLine: {'line': b'\x1b[01m\x1b[K/home/orb/ORB_SLAM3/Thirdparty/g2o/g2o/types/../core/base_vertex.h:62:72:\x1b[m\x1b[K \x1b[01;35m\x1b[Kwarning: \x1b[m\x1b[K\xe2\x80\x98\x1b[01m\x1b[KEigen::AlignedBit\x1b[m\x1b[K\xe2\x80\x99 is deprecated [\x1b[01;35m\x1b[K-Wdeprecated-declarations\x1b[m\x1b[K]\n'}
[11.203697] (orb_slam3_ros2_wrapper) StderrLine: {'line': b'   62 |     typedef Eigen::Map<Matrix<double, D, D>, Matrix<double,D,D>::\x1b[01;35m\x1b[KFlags & AlignedBit\x1b[m\x1b[K ? Aligned : Unaligned >  HessianBlockType;\n'}
[11.203867] (orb_slam3_ros2_wrapper) StderrLine: {'line': b'      |                                                                  \x1b[01;35m\x1b[K~~~~~~^~~~~~~~~~~~\x1b[m\x1b[K\n'}
[11.204104] (orb_slam3_ros2_wrapper) StderrLine: {'line': b'In file included from \x1b[01m\x1b[K/usr/include/eigen3/Eigen/Core:161\x1b[m\x1b[K,\n'}
[11.204230] (orb_slam3_ros2_wrapper) StderrLine: {'line': b'                 from \x1b[01m\x1b[K/root/colcon_ws/src/orb_slam3_ros2_wrapper/include/orb_slam3_ros2_wrapper/type_conversion.hpp:10\x1b[m\x1b[K,\n'}
[11.204356] (orb_slam3_ros2_wrapper) StderrLine: {'line': b'                 from \x1b[01m\x1b[K/root/colcon_ws/src/orb_slam3_ros2_wrapper/src/rgbd/rgbd-slam-node.hpp:37\x1b[m\x1b[K,\n'}
[11.204466] (orb_slam3_ros2_wrapper) StderrLine: {'line': b'                 from \x1b[01m\x1b[K/root/colcon_ws/src/orb_slam3_ros2_wrapper/src/rgbd/rgbd-slam-node.cpp:6\x1b[m\x1b[K:\n'}
[11.204577] (orb_slam3_ros2_wrapper) StderrLine: {'line': b'\x1b[01m\x1b[K/usr/include/eigen3/Eigen/src/Core/util/Constants.h:167:37:\x1b[m\x1b[K \x1b[01;36m\x1b[Knote: \x1b[m\x1b[Kdeclared here\n'}
[11.204686] (orb_slam3_ros2_wrapper) StderrLine: {'line': b'  167 | EIGEN_DEPRECATED const unsigned int \x1b[01;36m\x1b[KAlignedBit\x1b[m\x1b[K = 0x80;\n'}
[11.204814] (orb_slam3_ros2_wrapper) StderrLine: {'line': b'      |                                     \x1b[01;36m\x1b[K^~~~~~~~~~\x1b[m\x1b[K\n'}
[11.240159] (orb_slam3_ros2_wrapper) StderrLine: {'line': b'In file included from \x1b[01m\x1b[K/home/orb/ORB_SLAM3/Thirdparty/g2o/g2o/types/types_six_dof_expmap.h:38\x1b[m\x1b[K,\n'}
[11.240507] (orb_slam3_ros2_wrapper) StderrLine: {'line': b'                 from \x1b[01m\x1b[K/home/orb/ORB_SLAM3/include/Converter.h:26\x1b[m\x1b[K,\n'}
[11.240646] (orb_slam3_ros2_wrapper) StderrLine: {'line': b'                 from \x1b[01m\x1b[K/home/orb/ORB_SLAM3/include/Frame.h:33\x1b[m\x1b[K,\n'}
[11.240776] (orb_slam3_ros2_wrapper) StderrLine: {'line': b'                 from \x1b[01m\x1b[K/home/orb/ORB_SLAM3/include/KeyFrame.h:28\x1b[m\x1b[K,\n'}
[11.240904] (orb_slam3_ros2_wrapper) StderrLine: {'line': b'                 from \x1b[01m\x1b[K/home/orb/ORB_SLAM3/include/MapPoint.h:23\x1b[m\x1b[K,\n'}
[11.241014] (orb_slam3_ros2_wrapper) StderrLine: {'line': b'                 from \x1b[01m\x1b[K/root/colcon_ws/src/orb_slam3_ros2_wrapper/include/orb_slam3_ros2_wrapper/type_conversion.hpp:26\x1b[m\x1b[K,\n'}
[11.241126] (orb_slam3_ros2_wrapper) StderrLine: {'line': b'                 from \x1b[01m\x1b[K/root/colcon_ws/src/orb_slam3_ros2_wrapper/src/rgbd/rgbd-slam-node.hpp:37\x1b[m\x1b[K,\n'}
[11.241237] (orb_slam3_ros2_wrapper) StderrLine: {'line': b'                 from \x1b[01m\x1b[K/root/colcon_ws/src/orb_slam3_ros2_wrapper/src/rgbd/rgbd-slam-node.cpp:6\x1b[m\x1b[K:\n'}
[11.241348] (orb_slam3_ros2_wrapper) StderrLine: {'line': b'/home/orb/ORB_SLAM3/Thirdparty/g2o/g2o/types/../core/base_binary_edge.h: In instantiation of \xe2\x80\x98\x1b[01m\x1b[Kclass g2o::BaseBinaryEdge<6, g2o::SE3Quat, g2o::VertexSE3Expmap, g2o::VertexSE3Expmap>\x1b[m\x1b[K\xe2\x80\x99:\n'}
[11.241463] (orb_slam3_ros2_wrapper) StderrLine: {'line': b'\x1b[01m\x1b[K/home/orb/ORB_SLAM3/Thirdparty/g2o/g2o/types/types_six_dof_expmap.h:83:24:\x1b[m\x1b[K   required from here\n'}
[11.241573] (orb_slam3_ros2_wrapper) StderrLine: {'line': b'\x1b[01m\x1b[K/home/orb/ORB_SLAM3/Thirdparty/g2o/g2o/types/../core/base_binary_edge.h:59:80:\x1b[m\x1b[K \x1b[01;35m\x1b[Kwarning: \x1b[m\x1b[K\xe2\x80\x98\x1b[01m\x1b[KEigen::AlignedBit\x1b[m\x1b[K\xe2\x80\x99 is deprecated [\x1b[01;35m\x1b[K-Wdeprecated-declarations\x1b[m\x1b[K]\n'}
[11.241686] (orb_slam3_ros2_wrapper) StderrLine: {'line': b'   59 |       typedef Eigen::Map<Matrix<double, Di, Dj>, Matrix<double, Di, Dj>::\x1b[01;35m\x1b[KFlags & AlignedBit\x1b[m\x1b[K ? Aligned : Unaligned > HessianBlockType;\n'}
[11.241815] (orb_slam3_ros2_wrapper) StderrLine: {'line': b'      |                                                                          \x1b[01;35m\x1b[K~~~~~~^~~~~~~~~~~~\x1b[m\x1b[K\n'}
[11.241929] (orb_slam3_ros2_wrapper) StderrLine: {'line': b'In file included from \x1b[01m\x1b[K/usr/include/eigen3/Eigen/Core:161\x1b[m\x1b[K,\n'}
[11.242038] (orb_slam3_ros2_wrapper) StderrLine: {'line': b'                 from \x1b[01m\x1b[K/root/colcon_ws/src/orb_slam3_ros2_wrapper/include/orb_slam3_ros2_wrapper/type_conversion.hpp:10\x1b[m\x1b[K,\n'}
[11.242148] (orb_slam3_ros2_wrapper) StderrLine: {'line': b'                 from \x1b[01m\x1b[K/root/colcon_ws/src/orb_slam3_ros2_wrapper/src/rgbd/rgbd-slam-node.hpp:37\x1b[m\x1b[K,\n'}
[11.242269] (orb_slam3_ros2_wrapper) StderrLine: {'line': b'                 from \x1b[01m\x1b[K/root/colcon_ws/src/orb_slam3_ros2_wrapper/src/rgbd/rgbd-slam-node.cpp:6\x1b[m\x1b[K:\n'}
[11.242379] (orb_slam3_ros2_wrapper) StderrLine: {'line': b'\x1b[01m\x1b[K/usr/include/eigen3/Eigen/src/Core/util/Constants.h:167:37:\x1b[m\x1b[K \x1b[01;36m\x1b[Knote: \x1b[m\x1b[Kdeclared here\n'}
[11.242489] (orb_slam3_ros2_wrapper) StderrLine: {'line': b'  167 | EIGEN_DEPRECATED const unsigned int \x1b[01;36m\x1b[KAlignedBit\x1b[m\x1b[K = 0x80;\n'}
[11.242598] (orb_slam3_ros2_wrapper) StderrLine: {'line': b'      |                                     \x1b[01;36m\x1b[K^~~~~~~~~~\x1b[m\x1b[K\n'}
[11.242707] (orb_slam3_ros2_wrapper) StderrLine: {'line': b'In file included from \x1b[01m\x1b[K/home/orb/ORB_SLAM3/Thirdparty/g2o/g2o/types/types_six_dof_expmap.h:38\x1b[m\x1b[K,\n'}
[11.242830] (orb_slam3_ros2_wrapper) StderrLine: {'line': b'                 from \x1b[01m\x1b[K/home/orb/ORB_SLAM3/include/Converter.h:26\x1b[m\x1b[K,\n'}
[11.242961] (orb_slam3_ros2_wrapper) StderrLine: {'line': b'                 from \x1b[01m\x1b[K/home/orb/ORB_SLAM3/include/Frame.h:33\x1b[m\x1b[K,\n'}
[11.243070] (orb_slam3_ros2_wrapper) StderrLine: {'line': b'                 from \x1b[01m\x1b[K/home/orb/ORB_SLAM3/include/KeyFrame.h:28\x1b[m\x1b[K,\n'}
[11.243173] (orb_slam3_ros2_wrapper) StderrLine: {'line': b'                 from \x1b[01m\x1b[K/home/orb/ORB_SLAM3/include/MapPoint.h:23\x1b[m\x1b[K,\n'}
[11.243282] (orb_slam3_ros2_wrapper) StderrLine: {'line': b'                 from \x1b[01m\x1b[K/root/colcon_ws/src/orb_slam3_ros2_wrapper/include/orb_slam3_ros2_wrapper/type_conversion.hpp:26\x1b[m\x1b[K,\n'}
[11.243405] (orb_slam3_ros2_wrapper) StderrLine: {'line': b'                 from \x1b[01m\x1b[K/root/colcon_ws/src/orb_slam3_ros2_wrapper/src/rgbd/rgbd-slam-node.hpp:37\x1b[m\x1b[K,\n'}
[11.243516] (orb_slam3_ros2_wrapper) StderrLine: {'line': b'                 from \x1b[01m\x1b[K/root/colcon_ws/src/orb_slam3_ros2_wrapper/src/rgbd/rgbd-slam-node.cpp:6\x1b[m\x1b[K:\n'}
[11.243624] (orb_slam3_ros2_wrapper) StderrLine: {'line': b'\x1b[01m\x1b[K/home/orb/ORB_SLAM3/Thirdparty/g2o/g2o/types/../core/base_binary_edge.h:60:80:\x1b[m\x1b[K \x1b[01;35m\x1b[Kwarning: \x1b[m\x1b[K\xe2\x80\x98\x1b[01m\x1b[KEigen::AlignedBit\x1b[m\x1b[K\xe2\x80\x99 is deprecated [\x1b[01;35m\x1b[K-Wdeprecated-declarations\x1b[m\x1b[K]\n'}
[11.243761] (orb_slam3_ros2_wrapper) StderrLine: {'line': b'   60 |       typedef Eigen::Map<Matrix<double, Dj, Di>, Matrix<double, Dj, Di>::\x1b[01;35m\x1b[KFlags & AlignedBit\x1b[m\x1b[K ? Aligned : Unaligned > HessianBlockTransposedType;\n'}
[11.243880] (orb_slam3_ros2_wrapper) StderrLine: {'line': b'      |                                                                          \x1b[01;35m\x1b[K~~~~~~^~~~~~~~~~~~\x1b[m\x1b[K\n'}
[11.243989] (orb_slam3_ros2_wrapper) StderrLine: {'line': b'In file included from \x1b[01m\x1b[K/usr/include/eigen3/Eigen/Core:161\x1b[m\x1b[K,\n'}
[11.244094] (orb_slam3_ros2_wrapper) StderrLine: {'line': b'                 from \x1b[01m\x1b[K/root/colcon_ws/src/orb_slam3_ros2_wrapper/include/orb_slam3_ros2_wrapper/type_conversion.hpp:10\x1b[m\x1b[K,\n'}
[11.244195] (orb_slam3_ros2_wrapper) StderrLine: {'line': b'                 from \x1b[01m\x1b[K/root/colcon_ws/src/orb_slam3_ros2_wrapper/src/rgbd/rgbd-slam-node.hpp:37\x1b[m\x1b[K,\n'}
[11.244298] (orb_slam3_ros2_wrapper) StderrLine: {'line': b'                 from \x1b[01m\x1b[K/root/colcon_ws/src/orb_slam3_ros2_wrapper/src/rgbd/rgbd-slam-node.cpp:6\x1b[m\x1b[K:\n'}
[11.244414] (orb_slam3_ros2_wrapper) StderrLine: {'line': b'\x1b[01m\x1b[K/usr/include/eigen3/Eigen/src/Core/util/Constants.h:167:37:\x1b[m\x1b[K \x1b[01;36m\x1b[Knote: \x1b[m\x1b[Kdeclared here\n'}
[11.244524] (orb_slam3_ros2_wrapper) StderrLine: {'line': b'  167 | EIGEN_DEPRECATED const unsigned int \x1b[01;36m\x1b[KAlignedBit\x1b[m\x1b[K = 0x80;\n'}
[11.244623] (orb_slam3_ros2_wrapper) StderrLine: {'line': b'      |                                     \x1b[01;36m\x1b[K^~~~~~~~~~\x1b[m\x1b[K\n'}
[11.266390] (-) TimerEvent: {}
[11.329417] (orb_slam3_ros2_wrapper) StderrLine: {'line': b'In file included from \x1b[01m\x1b[K/home/orb/ORB_SLAM3/Thirdparty/g2o/g2o/types/types_six_dof_expmap.h:38\x1b[m\x1b[K,\n'}
[11.329650] (orb_slam3_ros2_wrapper) StderrLine: {'line': b'                 from \x1b[01m\x1b[K/home/orb/ORB_SLAM3/include/Converter.h:26\x1b[m\x1b[K,\n'}
[11.329797] (orb_slam3_ros2_wrapper) StderrLine: {'line': b'                 from \x1b[01m\x1b[K/home/orb/ORB_SLAM3/include/Frame.h:33\x1b[m\x1b[K,\n'}
[11.329911] (orb_slam3_ros2_wrapper) StderrLine: {'line': b'                 from \x1b[01m\x1b[K/home/orb/ORB_SLAM3/include/KeyFrame.h:28\x1b[m\x1b[K,\n'}
[11.330017] (orb_slam3_ros2_wrapper) StderrLine: {'line': b'                 from \x1b[01m\x1b[K/home/orb/ORB_SLAM3/include/MapPoint.h:23\x1b[m\x1b[K,\n'}
[11.330123] (orb_slam3_ros2_wrapper) StderrLine: {'line': b'                 from \x1b[01m\x1b[K/root/colcon_ws/src/orb_slam3_ros2_wrapper/include/orb_slam3_ros2_wrapper/type_conversion.hpp:26\x1b[m\x1b[K,\n'}
[11.330230] (orb_slam3_ros2_wrapper) StderrLine: {'line': b'                 from \x1b[01m\x1b[K/root/colcon_ws/src/orb_slam3_ros2_wrapper/src/rgbd/rgbd-slam-node.hpp:37\x1b[m\x1b[K,\n'}
[11.330338] (orb_slam3_ros2_wrapper) StderrLine: {'line': b'                 from \x1b[01m\x1b[K/root/colcon_ws/src/orb_slam3_ros2_wrapper/src/rgbd/rgbd-slam-node.cpp:6\x1b[m\x1b[K:\n'}
[11.330443] (orb_slam3_ros2_wrapper) StderrLine: {'line': b'/home/orb/ORB_SLAM3/Thirdparty/g2o/g2o/types/../core/base_binary_edge.h: In instantiation of \xe2\x80\x98\x1b[01m\x1b[Kclass g2o::BaseBinaryEdge<2, Eigen::Matrix<double, 2, 1>, g2o::VertexSBAPointXYZ, g2o::VertexSE3Expmap>\x1b[m\x1b[K\xe2\x80\x99:\n'}
[11.330557] (orb_slam3_ros2_wrapper) StderrLine: {'line': b'\x1b[01m\x1b[K/home/orb/ORB_SLAM3/Thirdparty/g2o/g2o/types/types_six_dof_expmap.h:114:35:\x1b[m\x1b[K   required from here\n'}
[11.330665] (orb_slam3_ros2_wrapper) StderrLine: {'line': b'\x1b[01m\x1b[K/home/orb/ORB_SLAM3/Thirdparty/g2o/g2o/types/../core/base_binary_edge.h:59:80:\x1b[m\x1b[K \x1b[01;35m\x1b[Kwarning: \x1b[m\x1b[K\xe2\x80\x98\x1b[01m\x1b[KEigen::AlignedBit\x1b[m\x1b[K\xe2\x80\x99 is deprecated [\x1b[01;35m\x1b[K-Wdeprecated-declarations\x1b[m\x1b[K]\n'}
[11.330789] (orb_slam3_ros2_wrapper) StderrLine: {'line': b'   59 |       typedef Eigen::Map<Matrix<double, Di, Dj>, Matrix<double, Di, Dj>::\x1b[01;35m\x1b[KFlags & AlignedBit\x1b[m\x1b[K ? Aligned : Unaligned > HessianBlockType;\n'}
[11.330893] (orb_slam3_ros2_wrapper) StderrLine: {'line': b'      |                                                                          \x1b[01;35m\x1b[K~~~~~~^~~~~~~~~~~~\x1b[m\x1b[K\n'}
[11.330990] (orb_slam3_ros2_wrapper) StderrLine: {'line': b'In file included from \x1b[01m\x1b[K/usr/include/eigen3/Eigen/Core:161\x1b[m\x1b[K,\n'}
[11.331094] (orb_slam3_ros2_wrapper) StderrLine: {'line': b'                 from \x1b[01m\x1b[K/root/colcon_ws/src/orb_slam3_ros2_wrapper/include/orb_slam3_ros2_wrapper/type_conversion.hpp:10\x1b[m\x1b[K,\n'}
[11.331201] (orb_slam3_ros2_wrapper) StderrLine: {'line': b'                 from \x1b[01m\x1b[K/root/colcon_ws/src/orb_slam3_ros2_wrapper/src/rgbd/rgbd-slam-node.hpp:37\x1b[m\x1b[K,\n'}
[11.331303] (orb_slam3_ros2_wrapper) StderrLine: {'line': b'                 from \x1b[01m\x1b[K/root/colcon_ws/src/orb_slam3_ros2_wrapper/src/rgbd/rgbd-slam-node.cpp:6\x1b[m\x1b[K:\n'}
[11.331421] (orb_slam3_ros2_wrapper) StderrLine: {'line': b'\x1b[01m\x1b[K/usr/include/eigen3/Eigen/src/Core/util/Constants.h:167:37:\x1b[m\x1b[K \x1b[01;36m\x1b[Knote: \x1b[m\x1b[Kdeclared here\n'}
[11.331543] (orb_slam3_ros2_wrapper) StderrLine: {'line': b'  167 | EIGEN_DEPRECATED const unsigned int \x1b[01;36m\x1b[KAlignedBit\x1b[m\x1b[K = 0x80;\n'}
[11.331650] (orb_slam3_ros2_wrapper) StderrLine: {'line': b'      |                                     \x1b[01;36m\x1b[K^~~~~~~~~~\x1b[m\x1b[K\n'}
[11.348229] (orb_slam3_ros2_wrapper) StderrLine: {'line': b'In file included from \x1b[01m\x1b[K/home/orb/ORB_SLAM3/Thirdparty/g2o/g2o/types/types_six_dof_expmap.h:38\x1b[m\x1b[K,\n'}
[11.348484] (orb_slam3_ros2_wrapper) StderrLine: {'line': b'                 from \x1b[01m\x1b[K/home/orb/ORB_SLAM3/include/Converter.h:26\x1b[m\x1b[K,\n'}
[11.348609] (orb_slam3_ros2_wrapper) StderrLine: {'line': b'                 from \x1b[01m\x1b[K/home/orb/ORB_SLAM3/include/Frame.h:33\x1b[m\x1b[K,\n'}
[11.348724] (orb_slam3_ros2_wrapper) StderrLine: {'line': b'                 from \x1b[01m\x1b[K/home/orb/ORB_SLAM3/include/KeyFrame.h:28\x1b[m\x1b[K,\n'}
[11.348844] (orb_slam3_ros2_wrapper) StderrLine: {'line': b'                 from \x1b[01m\x1b[K/home/orb/ORB_SLAM3/include/MapPoint.h:23\x1b[m\x1b[K,\n'}
[11.348967] (orb_slam3_ros2_wrapper) StderrLine: {'line': b'                 from \x1b[01m\x1b[K/root/colcon_ws/src/orb_slam3_ros2_wrapper/include/orb_slam3_ros2_wrapper/type_conversion.hpp:26\x1b[m\x1b[K,\n'}
[11.349078] (orb_slam3_ros2_wrapper) StderrLine: {'line': b'                 from \x1b[01m\x1b[K/root/colcon_ws/src/orb_slam3_ros2_wrapper/src/rgbd/rgbd-slam-node.hpp:37\x1b[m\x1b[K,\n'}
[11.349218] (orb_slam3_ros2_wrapper) StderrLine: {'line': b'                 from \x1b[01m\x1b[K/root/colcon_ws/src/orb_slam3_ros2_wrapper/src/rgbd/rgbd-slam-node.cpp:6\x1b[m\x1b[K:\n'}
[11.349339] (orb_slam3_ros2_wrapper) StderrLine: {'line': b'\x1b[01m\x1b[K/home/orb/ORB_SLAM3/Thirdparty/g2o/g2o/types/../core/base_binary_edge.h:60:80:\x1b[m\x1b[K \x1b[01;35m\x1b[Kwarning: \x1b[m\x1b[K\xe2\x80\x98\x1b[01m\x1b[KEigen::AlignedBit\x1b[m\x1b[K\xe2\x80\x99 is deprecated [\x1b[01;35m\x1b[K-Wdeprecated-declarations\x1b[m\x1b[K]\n'}
[11.349452] (orb_slam3_ros2_wrapper) StderrLine: {'line': b'   60 |       typedef Eigen::Map<Matrix<double, Dj, Di>, Matrix<double, Dj, Di>::\x1b[01;35m\x1b[KFlags & AlignedBit\x1b[m\x1b[K ? Aligned : Unaligned > HessianBlockTransposedType;\n'}
[11.349560] (orb_slam3_ros2_wrapper) StderrLine: {'line': b'      |                                                                          \x1b[01;35m\x1b[K~~~~~~^~~~~~~~~~~~\x1b[m\x1b[K\n'}
[11.349675] (orb_slam3_ros2_wrapper) StderrLine: {'line': b'In file included from \x1b[01m\x1b[K/usr/include/eigen3/Eigen/Core:161\x1b[m\x1b[K,\n'}
[11.349800] (orb_slam3_ros2_wrapper) StderrLine: {'line': b'                 from \x1b[01m\x1b[K/root/colcon_ws/src/orb_slam3_ros2_wrapper/include/orb_slam3_ros2_wrapper/type_conversion.hpp:10\x1b[m\x1b[K,\n'}
[11.349909] (orb_slam3_ros2_wrapper) StderrLine: {'line': b'                 from \x1b[01m\x1b[K/root/colcon_ws/src/orb_slam3_ros2_wrapper/src/rgbd/rgbd-slam-node.hpp:37\x1b[m\x1b[K,\n'}
[11.350013] (orb_slam3_ros2_wrapper) StderrLine: {'line': b'                 from \x1b[01m\x1b[K/root/colcon_ws/src/orb_slam3_ros2_wrapper/src/rgbd/rgbd-slam-node.cpp:6\x1b[m\x1b[K:\n'}
[11.350118] (orb_slam3_ros2_wrapper) StderrLine: {'line': b'\x1b[01m\x1b[K/usr/include/eigen3/Eigen/src/Core/util/Constants.h:167:37:\x1b[m\x1b[K \x1b[01;36m\x1b[Knote: \x1b[m\x1b[Kdeclared here\n'}
[11.350222] (orb_slam3_ros2_wrapper) StderrLine: {'line': b'  167 | EIGEN_DEPRECATED const unsigned int \x1b[01;36m\x1b[KAlignedBit\x1b[m\x1b[K = 0x80;\n'}
[11.350329] (orb_slam3_ros2_wrapper) StderrLine: {'line': b'      |                                     \x1b[01;36m\x1b[K^~~~~~~~~~\x1b[m\x1b[K\n'}
[11.366506] (-) TimerEvent: {}
[11.426253] (orb_slam3_ros2_wrapper) StderrLine: {'line': b'In file included from \x1b[01m\x1b[K/home/orb/ORB_SLAM3/Thirdparty/g2o/g2o/types/types_six_dof_expmap.h:38\x1b[m\x1b[K,\n'}
[11.426601] (orb_slam3_ros2_wrapper) StderrLine: {'line': b'                 from \x1b[01m\x1b[K/home/orb/ORB_SLAM3/include/Converter.h:26\x1b[m\x1b[K,\n'}
[11.426736] (orb_slam3_ros2_wrapper) StderrLine: {'line': b'                 from \x1b[01m\x1b[K/home/orb/ORB_SLAM3/include/Frame.h:33\x1b[m\x1b[K,\n'}
[11.426852] (orb_slam3_ros2_wrapper) StderrLine: {'line': b'                 from \x1b[01m\x1b[K/home/orb/ORB_SLAM3/include/KeyFrame.h:28\x1b[m\x1b[K,\n'}
[11.426966] (orb_slam3_ros2_wrapper) StderrLine: {'line': b'                 from \x1b[01m\x1b[K/home/orb/ORB_SLAM3/include/MapPoint.h:23\x1b[m\x1b[K,\n'}
[11.427086] (orb_slam3_ros2_wrapper) StderrLine: {'line': b'                 from \x1b[01m\x1b[K/root/colcon_ws/src/orb_slam3_ros2_wrapper/include/orb_slam3_ros2_wrapper/type_conversion.hpp:26\x1b[m\x1b[K,\n'}
[11.427218] (orb_slam3_ros2_wrapper) StderrLine: {'line': b'                 from \x1b[01m\x1b[K/root/colcon_ws/src/orb_slam3_ros2_wrapper/src/rgbd/rgbd-slam-node.hpp:37\x1b[m\x1b[K,\n'}
[11.427333] (orb_slam3_ros2_wrapper) StderrLine: {'line': b'                 from \x1b[01m\x1b[K/root/colcon_ws/src/orb_slam3_ros2_wrapper/src/rgbd/rgbd-slam-node.cpp:6\x1b[m\x1b[K:\n'}
[11.427444] (orb_slam3_ros2_wrapper) StderrLine: {'line': b'/home/orb/ORB_SLAM3/Thirdparty/g2o/g2o/types/../core/base_binary_edge.h: In instantiation of \xe2\x80\x98\x1b[01m\x1b[Kclass g2o::BaseBinaryEdge<3, Eigen::Matrix<double, 3, 1>, g2o::VertexSBAPointXYZ, g2o::VertexSE3Expmap>\x1b[m\x1b[K\xe2\x80\x99:\n'}
[11.427561] (orb_slam3_ros2_wrapper) StderrLine: {'line': b'\x1b[01m\x1b[K/home/orb/ORB_SLAM3/Thirdparty/g2o/g2o/types/types_six_dof_expmap.h:146:41:\x1b[m\x1b[K   required from here\n'}
[11.427678] (orb_slam3_ros2_wrapper) StderrLine: {'line': b'\x1b[01m\x1b[K/home/orb/ORB_SLAM3/Thirdparty/g2o/g2o/types/../core/base_binary_edge.h:59:80:\x1b[m\x1b[K \x1b[01;35m\x1b[Kwarning: \x1b[m\x1b[K\xe2\x80\x98\x1b[01m\x1b[KEigen::AlignedBit\x1b[m\x1b[K\xe2\x80\x99 is deprecated [\x1b[01;35m\x1b[K-Wdeprecated-declarations\x1b[m\x1b[K]\n'}
[11.427824] (orb_slam3_ros2_wrapper) StderrLine: {'line': b'   59 |       typedef Eigen::Map<Matrix<double, Di, Dj>, Matrix<double, Di, Dj>::\x1b[01;35m\x1b[KFlags & AlignedBit\x1b[m\x1b[K ? Aligned : Unaligned > HessianBlockType;\n'}
[11.427939] (orb_slam3_ros2_wrapper) StderrLine: {'line': b'      |                                                                          \x1b[01;35m\x1b[K~~~~~~^~~~~~~~~~~~\x1b[m\x1b[K\n'}
[11.428046] (orb_slam3_ros2_wrapper) StderrLine: {'line': b'In file included from \x1b[01m\x1b[K/usr/include/eigen3/Eigen/Core:161\x1b[m\x1b[K,\n'}
[11.428152] (orb_slam3_ros2_wrapper) StderrLine: {'line': b'                 from \x1b[01m\x1b[K/root/colcon_ws/src/orb_slam3_ros2_wrapper/include/orb_slam3_ros2_wrapper/type_conversion.hpp:10\x1b[m\x1b[K,\n'}
[11.428258] (orb_slam3_ros2_wrapper) StderrLine: {'line': b'                 from \x1b[01m\x1b[K/root/colcon_ws/src/orb_slam3_ros2_wrapper/src/rgbd/rgbd-slam-node.hpp:37\x1b[m\x1b[K,\n'}
[11.428364] (orb_slam3_ros2_wrapper) StderrLine: {'line': b'                 from \x1b[01m\x1b[K/root/colcon_ws/src/orb_slam3_ros2_wrapper/src/rgbd/rgbd-slam-node.cpp:6\x1b[m\x1b[K:\n'}
[11.428469] (orb_slam3_ros2_wrapper) StderrLine: {'line': b'\x1b[01m\x1b[K/usr/include/eigen3/Eigen/src/Core/util/Constants.h:167:37:\x1b[m\x1b[K \x1b[01;36m\x1b[Knote: \x1b[m\x1b[Kdeclared here\n'}
[11.428575] (orb_slam3_ros2_wrapper) StderrLine: {'line': b'  167 | EIGEN_DEPRECATED const unsigned int \x1b[01;36m\x1b[KAlignedBit\x1b[m\x1b[K = 0x80;\n'}
[11.428680] (orb_slam3_ros2_wrapper) StderrLine: {'line': b'      |                                     \x1b[01;36m\x1b[K^~~~~~~~~~\x1b[m\x1b[K\n'}
[11.428803] (orb_slam3_ros2_wrapper) StderrLine: {'line': b'In file included from \x1b[01m\x1b[K/home/orb/ORB_SLAM3/Thirdparty/g2o/g2o/types/types_six_dof_expmap.h:38\x1b[m\x1b[K,\n'}
[11.428916] (orb_slam3_ros2_wrapper) StderrLine: {'line': b'                 from \x1b[01m\x1b[K/home/orb/ORB_SLAM3/include/Converter.h:26\x1b[m\x1b[K,\n'}
[11.429018] (orb_slam3_ros2_wrapper) StderrLine: {'line': b'                 from \x1b[01m\x1b[K/home/orb/ORB_SLAM3/include/Frame.h:33\x1b[m\x1b[K,\n'}
[11.429140] (orb_slam3_ros2_wrapper) StderrLine: {'line': b'                 from \x1b[01m\x1b[K/home/orb/ORB_SLAM3/include/KeyFrame.h:28\x1b[m\x1b[K,\n'}
[11.429247] (orb_slam3_ros2_wrapper) StderrLine: {'line': b'                 from \x1b[01m\x1b[K/home/orb/ORB_SLAM3/include/MapPoint.h:23\x1b[m\x1b[K,\n'}
[11.429354] (orb_slam3_ros2_wrapper) StderrLine: {'line': b'                 from \x1b[01m\x1b[K/root/colcon_ws/src/orb_slam3_ros2_wrapper/include/orb_slam3_ros2_wrapper/type_conversion.hpp:26\x1b[m\x1b[K,\n'}
[11.429475] (orb_slam3_ros2_wrapper) StderrLine: {'line': b'                 from \x1b[01m\x1b[K/root/colcon_ws/src/orb_slam3_ros2_wrapper/src/rgbd/rgbd-slam-node.hpp:37\x1b[m\x1b[K,\n'}
[11.429597] (orb_slam3_ros2_wrapper) StderrLine: {'line': b'                 from \x1b[01m\x1b[K/root/colcon_ws/src/orb_slam3_ros2_wrapper/src/rgbd/rgbd-slam-node.cpp:6\x1b[m\x1b[K:\n'}
[11.429706] (orb_slam3_ros2_wrapper) StderrLine: {'line': b'\x1b[01m\x1b[K/home/orb/ORB_SLAM3/Thirdparty/g2o/g2o/types/../core/base_binary_edge.h:60:80:\x1b[m\x1b[K \x1b[01;35m\x1b[Kwarning: \x1b[m\x1b[K\xe2\x80\x98\x1b[01m\x1b[KEigen::AlignedBit\x1b[m\x1b[K\xe2\x80\x99 is deprecated [\x1b[01;35m\x1b[K-Wdeprecated-declarations\x1b[m\x1b[K]\n'}
[11.429835] (orb_slam3_ros2_wrapper) StderrLine: {'line': b'   60 |       typedef Eigen::Map<Matrix<double, Dj, Di>, Matrix<double, Dj, Di>::\x1b[01;35m\x1b[KFlags & AlignedBit\x1b[m\x1b[K ? Aligned : Unaligned > HessianBlockTransposedType;\n'}
[11.429950] (orb_slam3_ros2_wrapper) StderrLine: {'line': b'      |                                                                          \x1b[01;35m\x1b[K~~~~~~^~~~~~~~~~~~\x1b[m\x1b[K\n'}
[11.430060] (orb_slam3_ros2_wrapper) StderrLine: {'line': b'In file included from \x1b[01m\x1b[K/usr/include/eigen3/Eigen/Core:161\x1b[m\x1b[K,\n'}
[11.430169] (orb_slam3_ros2_wrapper) StderrLine: {'line': b'                 from \x1b[01m\x1b[K/root/colcon_ws/src/orb_slam3_ros2_wrapper/include/orb_slam3_ros2_wrapper/type_conversion.hpp:10\x1b[m\x1b[K,\n'}
[11.430273] (orb_slam3_ros2_wrapper) StderrLine: {'line': b'                 from \x1b[01m\x1b[K/root/colcon_ws/src/orb_slam3_ros2_wrapper/src/rgbd/rgbd-slam-node.hpp:37\x1b[m\x1b[K,\n'}
[11.430375] (orb_slam3_ros2_wrapper) StderrLine: {'line': b'                 from \x1b[01m\x1b[K/root/colcon_ws/src/orb_slam3_ros2_wrapper/src/rgbd/rgbd-slam-node.cpp:6\x1b[m\x1b[K:\n'}
[11.430478] (orb_slam3_ros2_wrapper) StderrLine: {'line': b'\x1b[01m\x1b[K/usr/include/eigen3/Eigen/src/Core/util/Constants.h:167:37:\x1b[m\x1b[K \x1b[01;36m\x1b[Knote: \x1b[m\x1b[Kdeclared here\n'}
[11.430584] (orb_slam3_ros2_wrapper) StderrLine: {'line': b'  167 | EIGEN_DEPRECATED const unsigned int \x1b[01;36m\x1b[KAlignedBit\x1b[m\x1b[K = 0x80;\n'}
[11.430694] (orb_slam3_ros2_wrapper) StderrLine: {'line': b'      |                                     \x1b[01;36m\x1b[K^~~~~~~~~~\x1b[m\x1b[K\n'}
[11.466623] (-) TimerEvent: {}
[11.566999] (-) TimerEvent: {}
[11.639338] (orb_slam3_ros2_wrapper) StderrLine: {'line': b'In file included from \x1b[01m\x1b[K/home/orb/ORB_SLAM3/Thirdparty/g2o/g2o/types/types_six_dof_expmap.h:37\x1b[m\x1b[K,\n'}
[11.639573] (orb_slam3_ros2_wrapper) StderrLine: {'line': b'                 from \x1b[01m\x1b[K/home/orb/ORB_SLAM3/include/Converter.h:26\x1b[m\x1b[K,\n'}
[11.639691] (orb_slam3_ros2_wrapper) StderrLine: {'line': b'                 from \x1b[01m\x1b[K/home/orb/ORB_SLAM3/include/Frame.h:33\x1b[m\x1b[K,\n'}
[11.639805] (orb_slam3_ros2_wrapper) StderrLine: {'line': b'                 from \x1b[01m\x1b[K/home/orb/ORB_SLAM3/include/KeyFrame.h:28\x1b[m\x1b[K,\n'}
[11.639914] (orb_slam3_ros2_wrapper) StderrLine: {'line': b'                 from \x1b[01m\x1b[K/home/orb/ORB_SLAM3/include/MapPoint.h:23\x1b[m\x1b[K,\n'}
[11.640012] (orb_slam3_ros2_wrapper) StderrLine: {'line': b'                 from \x1b[01m\x1b[K/root/colcon_ws/src/orb_slam3_ros2_wrapper/include/orb_slam3_ros2_wrapper/type_conversion.hpp:26\x1b[m\x1b[K,\n'}
[11.640113] (orb_slam3_ros2_wrapper) StderrLine: {'line': b'                 from \x1b[01m\x1b[K/root/colcon_ws/src/orb_slam3_ros2_wrapper/src/rgbd/rgbd-slam-node.hpp:37\x1b[m\x1b[K,\n'}
[11.640214] (orb_slam3_ros2_wrapper) StderrLine: {'line': b'                 from \x1b[01m\x1b[K/root/colcon_ws/src/orb_slam3_ros2_wrapper/src/rgbd/rgbd.cpp:7\x1b[m\x1b[K:\n'}
[11.640317] (orb_slam3_ros2_wrapper) StderrLine: {'line': b'/home/orb/ORB_SLAM3/Thirdparty/g2o/g2o/types/../core/base_vertex.h: In instantiation of \xe2\x80\x98\x1b[01m\x1b[Kclass g2o::BaseVertex<7, g2o::Sim3>\x1b[m\x1b[K\xe2\x80\x99:\n'}
[11.640435] (orb_slam3_ros2_wrapper) StderrLine: {'line': b'\x1b[01m\x1b[K/home/orb/ORB_SLAM3/Thirdparty/g2o/g2o/types/types_seven_dof_expmap.h:48:35:\x1b[m\x1b[K   required from here\n'}
[11.640527] (orb_slam3_ros2_wrapper) StderrLine: {'line': b'\x1b[01m\x1b[K/home/orb/ORB_SLAM3/Thirdparty/g2o/g2o/types/../core/base_vertex.h:62:72:\x1b[m\x1b[K \x1b[01;35m\x1b[Kwarning: \x1b[m\x1b[K\xe2\x80\x98\x1b[01m\x1b[KEigen::AlignedBit\x1b[m\x1b[K\xe2\x80\x99 is deprecated [\x1b[01;35m\x1b[K-Wdeprecated-declarations\x1b[m\x1b[K]\n'}
[11.640633] (orb_slam3_ros2_wrapper) StderrLine: {'line': b'   62 |     typedef Eigen::Map<Matrix<double, D, D>, Matrix<double,D,D>::\x1b[01;35m\x1b[KFlags & AlignedBit\x1b[m\x1b[K ? Aligned : Unaligned >  HessianBlockType;\n'}
[11.640744] (orb_slam3_ros2_wrapper) StderrLine: {'line': b'      |                                                                  \x1b[01;35m\x1b[K~~~~~~^~~~~~~~~~~~\x1b[m\x1b[K\n'}
[11.640861] (orb_slam3_ros2_wrapper) StderrLine: {'line': b'In file included from \x1b[01m\x1b[K/usr/include/eigen3/Eigen/Core:161\x1b[m\x1b[K,\n'}
[11.640974] (orb_slam3_ros2_wrapper) StderrLine: {'line': b'                 from \x1b[01m\x1b[K/root/colcon_ws/src/orb_slam3_ros2_wrapper/include/orb_slam3_ros2_wrapper/type_conversion.hpp:10\x1b[m\x1b[K,\n'}
[11.641071] (orb_slam3_ros2_wrapper) StderrLine: {'line': b'                 from \x1b[01m\x1b[K/root/colcon_ws/src/orb_slam3_ros2_wrapper/src/rgbd/rgbd-slam-node.hpp:37\x1b[m\x1b[K,\n'}
[11.641159] (orb_slam3_ros2_wrapper) StderrLine: {'line': b'                 from \x1b[01m\x1b[K/root/colcon_ws/src/orb_slam3_ros2_wrapper/src/rgbd/rgbd.cpp:7\x1b[m\x1b[K:\n'}
[11.641247] (orb_slam3_ros2_wrapper) StderrLine: {'line': b'\x1b[01m\x1b[K/usr/include/eigen3/Eigen/src/Core/util/Constants.h:167:37:\x1b[m\x1b[K \x1b[01;36m\x1b[Knote: \x1b[m\x1b[Kdeclared here\n'}
[11.641342] (orb_slam3_ros2_wrapper) StderrLine: {'line': b'  167 | EIGEN_DEPRECATED const unsigned int \x1b[01;36m\x1b[KAlignedBit\x1b[m\x1b[K = 0x80;\n'}
[11.641442] (orb_slam3_ros2_wrapper) StderrLine: {'line': b'      |                                     \x1b[01;36m\x1b[K^~~~~~~~~~\x1b[m\x1b[K\n'}
[11.667112] (-) TimerEvent: {}
[11.675808] (orb_slam3_ros2_wrapper) StderrLine: {'line': b'In file included from \x1b[01m\x1b[K/home/orb/ORB_SLAM3/Thirdparty/g2o/g2o/types/types_six_dof_expmap.h:38\x1b[m\x1b[K,\n'}
[11.676232] (orb_slam3_ros2_wrapper) StderrLine: {'line': b'                 from \x1b[01m\x1b[K/home/orb/ORB_SLAM3/include/Converter.h:26\x1b[m\x1b[K,\n'}
[11.676365] (orb_slam3_ros2_wrapper) StderrLine: {'line': b'                 from \x1b[01m\x1b[K/home/orb/ORB_SLAM3/include/Frame.h:33\x1b[m\x1b[K,\n'}
[11.676457] (orb_slam3_ros2_wrapper) StderrLine: {'line': b'                 from \x1b[01m\x1b[K/home/orb/ORB_SLAM3/include/KeyFrame.h:28\x1b[m\x1b[K,\n'}
[11.676556] (orb_slam3_ros2_wrapper) StderrLine: {'line': b'                 from \x1b[01m\x1b[K/home/orb/ORB_SLAM3/include/MapPoint.h:23\x1b[m\x1b[K,\n'}
[11.676653] (orb_slam3_ros2_wrapper) StderrLine: {'line': b'                 from \x1b[01m\x1b[K/root/colcon_ws/src/orb_slam3_ros2_wrapper/include/orb_slam3_ros2_wrapper/type_conversion.hpp:26\x1b[m\x1b[K,\n'}
[11.676780] (orb_slam3_ros2_wrapper) StderrLine: {'line': b'                 from \x1b[01m\x1b[K/root/colcon_ws/src/orb_slam3_ros2_wrapper/src/rgbd/rgbd-slam-node.hpp:37\x1b[m\x1b[K,\n'}
[11.676887] (orb_slam3_ros2_wrapper) StderrLine: {'line': b'                 from \x1b[01m\x1b[K/root/colcon_ws/src/orb_slam3_ros2_wrapper/src/rgbd/rgbd.cpp:7\x1b[m\x1b[K:\n'}
[11.676987] (orb_slam3_ros2_wrapper) StderrLine: {'line': b'/home/orb/ORB_SLAM3/Thirdparty/g2o/g2o/types/../core/base_binary_edge.h: In instantiation of \xe2\x80\x98\x1b[01m\x1b[Kclass g2o::BaseBinaryEdge<7, g2o::Sim3, g2o::VertexSim3Expmap, g2o::VertexSim3Expmap>\x1b[m\x1b[K\xe2\x80\x99:\n'}
[11.677088] (orb_slam3_ros2_wrapper) StderrLine: {'line': b'\x1b[01m\x1b[K/home/orb/ORB_SLAM3/Thirdparty/g2o/g2o/types/types_seven_dof_expmap.h:99:27:\x1b[m\x1b[K   required from here\n'}
[11.677188] (orb_slam3_ros2_wrapper) StderrLine: {'line': b'\x1b[01m\x1b[K/home/orb/ORB_SLAM3/Thirdparty/g2o/g2o/types/../core/base_binary_edge.h:59:80:\x1b[m\x1b[K \x1b[01;35m\x1b[Kwarning: \x1b[m\x1b[K\xe2\x80\x98\x1b[01m\x1b[KEigen::AlignedBit\x1b[m\x1b[K\xe2\x80\x99 is deprecated [\x1b[01;35m\x1b[K-Wdeprecated-declarations\x1b[m\x1b[K]\n'}
[11.677302] (orb_slam3_ros2_wrapper) StderrLine: {'line': b'   59 |       typedef Eigen::Map<Matrix<double, Di, Dj>, Matrix<double, Di, Dj>::\x1b[01;35m\x1b[KFlags & AlignedBit\x1b[m\x1b[K ? Aligned : Unaligned > HessianBlockType;\n'}
[11.677403] (orb_slam3_ros2_wrapper) StderrLine: {'line': b'      |                                                                          \x1b[01;35m\x1b[K~~~~~~^~~~~~~~~~~~\x1b[m\x1b[K\n'}
[11.677503] (orb_slam3_ros2_wrapper) StderrLine: {'line': b'In file included from \x1b[01m\x1b[K/usr/include/eigen3/Eigen/Core:161\x1b[m\x1b[K,\n'}
[11.677603] (orb_slam3_ros2_wrapper) StderrLine: {'line': b'                 from \x1b[01m\x1b[K/root/colcon_ws/src/orb_slam3_ros2_wrapper/include/orb_slam3_ros2_wrapper/type_conversion.hpp:10\x1b[m\x1b[K,\n'}
[11.677708] (orb_slam3_ros2_wrapper) StderrLine: {'line': b'                 from \x1b[01m\x1b[K/root/colcon_ws/src/orb_slam3_ros2_wrapper/src/rgbd/rgbd-slam-node.hpp:37\x1b[m\x1b[K,\n'}
[11.677822] (orb_slam3_ros2_wrapper) StderrLine: {'line': b'                 from \x1b[01m\x1b[K/root/colcon_ws/src/orb_slam3_ros2_wrapper/src/rgbd/rgbd.cpp:7\x1b[m\x1b[K:\n'}
[11.677924] (orb_slam3_ros2_wrapper) StderrLine: {'line': b'\x1b[01m\x1b[K/usr/include/eigen3/Eigen/src/Core/util/Constants.h:167:37:\x1b[m\x1b[K \x1b[01;36m\x1b[Knote: \x1b[m\x1b[Kdeclared here\n'}
[11.678023] (orb_slam3_ros2_wrapper) StderrLine: {'line': b'  167 | EIGEN_DEPRECATED const unsigned int \x1b[01;36m\x1b[KAlignedBit\x1b[m\x1b[K = 0x80;\n'}
[11.678120] (orb_slam3_ros2_wrapper) StderrLine: {'line': b'      |                                     \x1b[01;36m\x1b[K^~~~~~~~~~\x1b[m\x1b[K\n'}
[11.678219] (orb_slam3_ros2_wrapper) StderrLine: {'line': b'In file included from \x1b[01m\x1b[K/home/orb/ORB_SLAM3/Thirdparty/g2o/g2o/types/types_six_dof_expmap.h:38\x1b[m\x1b[K,\n'}
[11.678313] (orb_slam3_ros2_wrapper) StderrLine: {'line': b'                 from \x1b[01m\x1b[K/home/orb/ORB_SLAM3/include/Converter.h:26\x1b[m\x1b[K,\n'}
[11.678412] (orb_slam3_ros2_wrapper) StderrLine: {'line': b'                 from \x1b[01m\x1b[K/home/orb/ORB_SLAM3/include/Frame.h:33\x1b[m\x1b[K,\n'}
[11.678508] (orb_slam3_ros2_wrapper) StderrLine: {'line': b'                 from \x1b[01m\x1b[K/home/orb/ORB_SLAM3/include/KeyFrame.h:28\x1b[m\x1b[K,\n'}
[11.678604] (orb_slam3_ros2_wrapper) StderrLine: {'line': b'                 from \x1b[01m\x1b[K/home/orb/ORB_SLAM3/include/MapPoint.h:23\x1b[m\x1b[K,\n'}
[11.678696] (orb_slam3_ros2_wrapper) StderrLine: {'line': b'                 from \x1b[01m\x1b[K/root/colcon_ws/src/orb_slam3_ros2_wrapper/include/orb_slam3_ros2_wrapper/type_conversion.hpp:26\x1b[m\x1b[K,\n'}
[11.678805] (orb_slam3_ros2_wrapper) StderrLine: {'line': b'                 from \x1b[01m\x1b[K/root/colcon_ws/src/orb_slam3_ros2_wrapper/src/rgbd/rgbd-slam-node.hpp:37\x1b[m\x1b[K,\n'}
[11.678903] (orb_slam3_ros2_wrapper) StderrLine: {'line': b'                 from \x1b[01m\x1b[K/root/colcon_ws/src/orb_slam3_ros2_wrapper/src/rgbd/rgbd.cpp:7\x1b[m\x1b[K:\n'}
[11.679000] (orb_slam3_ros2_wrapper) StderrLine: {'line': b'\x1b[01m\x1b[K/home/orb/ORB_SLAM3/Thirdparty/g2o/g2o/types/../core/base_binary_edge.h:60:80:\x1b[m\x1b[K \x1b[01;35m\x1b[Kwarning: \x1b[m\x1b[K\xe2\x80\x98\x1b[01m\x1b[KEigen::AlignedBit\x1b[m\x1b[K\xe2\x80\x99 is deprecated [\x1b[01;35m\x1b[K-Wdeprecated-declarations\x1b[m\x1b[K]\n'}
[11.679100] (orb_slam3_ros2_wrapper) StderrLine: {'line': b'   60 |       typedef Eigen::Map<Matrix<double, Dj, Di>, Matrix<double, Dj, Di>::\x1b[01;35m\x1b[KFlags & AlignedBit\x1b[m\x1b[K ? Aligned : Unaligned > HessianBlockTransposedType;\n'}
[11.679195] (orb_slam3_ros2_wrapper) StderrLine: {'line': b'      |                                                                          \x1b[01;35m\x1b[K~~~~~~^~~~~~~~~~~~\x1b[m\x1b[K\n'}
[11.679307] (orb_slam3_ros2_wrapper) StderrLine: {'line': b'In file included from \x1b[01m\x1b[K/usr/include/eigen3/Eigen/Core:161\x1b[m\x1b[K,\n'}
[11.679406] (orb_slam3_ros2_wrapper) StderrLine: {'line': b'                 from \x1b[01m\x1b[K/root/colcon_ws/src/orb_slam3_ros2_wrapper/include/orb_slam3_ros2_wrapper/type_conversion.hpp:10\x1b[m\x1b[K,\n'}
[11.679506] (orb_slam3_ros2_wrapper) StderrLine: {'line': b'                 from \x1b[01m\x1b[K/root/colcon_ws/src/orb_slam3_ros2_wrapper/src/rgbd/rgbd-slam-node.hpp:37\x1b[m\x1b[K,\n'}
[11.679606] (orb_slam3_ros2_wrapper) StderrLine: {'line': b'                 from \x1b[01m\x1b[K/root/colcon_ws/src/orb_slam3_ros2_wrapper/src/rgbd/rgbd.cpp:7\x1b[m\x1b[K:\n'}
[11.679701] (orb_slam3_ros2_wrapper) StderrLine: {'line': b'\x1b[01m\x1b[K/usr/include/eigen3/Eigen/src/Core/util/Constants.h:167:37:\x1b[m\x1b[K \x1b[01;36m\x1b[Knote: \x1b[m\x1b[Kdeclared here\n'}
[11.679859] (orb_slam3_ros2_wrapper) StderrLine: {'line': b'  167 | EIGEN_DEPRECATED const unsigned int \x1b[01;36m\x1b[KAlignedBit\x1b[m\x1b[K = 0x80;\n'}
[11.679963] (orb_slam3_ros2_wrapper) StderrLine: {'line': b'      |                                     \x1b[01;36m\x1b[K^~~~~~~~~~\x1b[m\x1b[K\n'}
[11.693985] (orb_slam3_ros2_wrapper) StderrLine: {'line': b'In file included from \x1b[01m\x1b[K/home/orb/ORB_SLAM3/Thirdparty/g2o/g2o/types/types_six_dof_expmap.h:37\x1b[m\x1b[K,\n'}
[11.694220] (orb_slam3_ros2_wrapper) StderrLine: {'line': b'                 from \x1b[01m\x1b[K/home/orb/ORB_SLAM3/include/Converter.h:26\x1b[m\x1b[K,\n'}
[11.694334] (orb_slam3_ros2_wrapper) StderrLine: {'line': b'                 from \x1b[01m\x1b[K/home/orb/ORB_SLAM3/include/Frame.h:33\x1b[m\x1b[K,\n'}
[11.694435] (orb_slam3_ros2_wrapper) StderrLine: {'line': b'                 from \x1b[01m\x1b[K/home/orb/ORB_SLAM3/include/KeyFrame.h:28\x1b[m\x1b[K,\n'}
[11.694531] (orb_slam3_ros2_wrapper) StderrLine: {'line': b'                 from \x1b[01m\x1b[K/home/orb/ORB_SLAM3/include/MapPoint.h:23\x1b[m\x1b[K,\n'}
[11.694627] (orb_slam3_ros2_wrapper) StderrLine: {'line': b'                 from \x1b[01m\x1b[K/root/colcon_ws/src/orb_slam3_ros2_wrapper/include/orb_slam3_ros2_wrapper/type_conversion.hpp:26\x1b[m\x1b[K,\n'}
[11.694745] (orb_slam3_ros2_wrapper) StderrLine: {'line': b'                 from \x1b[01m\x1b[K/root/colcon_ws/src/orb_slam3_ros2_wrapper/src/type_conversion.cpp:7\x1b[m\x1b[K:\n'}
[11.694854] (orb_slam3_ros2_wrapper) StderrLine: {'line': b'/home/orb/ORB_SLAM3/Thirdparty/g2o/g2o/types/../core/base_vertex.h: In instantiation of \xe2\x80\x98\x1b[01m\x1b[Kclass g2o::BaseVertex<3, Eigen::Matrix<double, 3, 1> >\x1b[m\x1b[K\xe2\x80\x99:\n'}
[11.694946] (orb_slam3_ros2_wrapper) StderrLine: {'line': b'\x1b[01m\x1b[K/home/orb/ORB_SLAM3/Thirdparty/g2o/g2o/types/types_sba.h:40:35:\x1b[m\x1b[K   required from here\n'}
[11.695041] (orb_slam3_ros2_wrapper) StderrLine: {'line': b'\x1b[01m\x1b[K/home/orb/ORB_SLAM3/Thirdparty/g2o/g2o/types/../core/base_vertex.h:62:72:\x1b[m\x1b[K \x1b[01;35m\x1b[Kwarning: \x1b[m\x1b[K\xe2\x80\x98\x1b[01m\x1b[KEigen::AlignedBit\x1b[m\x1b[K\xe2\x80\x99 is deprecated [\x1b[01;35m\x1b[K-Wdeprecated-declarations\x1b[m\x1b[K]\n'}
[11.695141] (orb_slam3_ros2_wrapper) StderrLine: {'line': b'   62 |  Eigen::Map<Matrix<double, D, D>, Matrix<double,D,D>::\x1b[01;35m\x1b[KFlags & AlignedBit\x1b[m\x1b[K ? Aligned : Unaligned >  HessianBlockType;\n'}
[11.695240] (orb_slam3_ros2_wrapper) StderrLine: {'line': b'      |                                                       \x1b[01;35m\x1b[K~~~~~~^~~~~~~~~~~~\x1b[m\x1b[K\n'}
[11.695341] (orb_slam3_ros2_wrapper) StderrLine: {'line': b'\n'}
[11.695529] (orb_slam3_ros2_wrapper) StderrLine: {'line': b'In file included from \x1b[01m\x1b[K/usr/include/eigen3/Eigen/Core:161\x1b[m\x1b[K,\n'}
[11.695641] (orb_slam3_ros2_wrapper) StderrLine: {'line': b'                 from \x1b[01m\x1b[K/root/colcon_ws/src/orb_slam3_ros2_wrapper/include/orb_slam3_ros2_wrapper/type_conversion.hpp:10\x1b[m\x1b[K,\n'}
[11.695751] (orb_slam3_ros2_wrapper) StderrLine: {'line': b'                 from \x1b[01m\x1b[K/root/colcon_ws/src/orb_slam3_ros2_wrapper/src/type_conversion.cpp:7\x1b[m\x1b[K:\n'}
[11.695921] (orb_slam3_ros2_wrapper) StderrLine: {'line': b'\x1b[01m\x1b[K/usr/include/eigen3/Eigen/src/Core/util/Constants.h:167:37:\x1b[m\x1b[K \x1b[01;36m\x1b[Knote: \x1b[m\x1b[Kdeclared here\n'}
[11.696021] (orb_slam3_ros2_wrapper) StderrLine: {'line': b'  167 | EIGEN_DEPRECATED const unsigned int \x1b[01;36m\x1b[KAlignedBit\x1b[m\x1b[K = 0x80;\n'}
[11.696672] (orb_slam3_ros2_wrapper) StderrLine: {'line': b'      |                                     \x1b[01;36m\x1b[K^~~~~~~~~~\x1b[m\x1b[K\n'}
[11.703430] (orb_slam3_ros2_wrapper) StderrLine: {'line': b'In file included from \x1b[01m\x1b[K/home/orb/ORB_SLAM3/Thirdparty/g2o/g2o/types/types_six_dof_expmap.h:37\x1b[m\x1b[K,\n'}
[11.703703] (orb_slam3_ros2_wrapper) StderrLine: {'line': b'                 from \x1b[01m\x1b[K/home/orb/ORB_SLAM3/include/Converter.h:26\x1b[m\x1b[K,\n'}
[11.703840] (orb_slam3_ros2_wrapper) StderrLine: {'line': b'                 from \x1b[01m\x1b[K/home/orb/ORB_SLAM3/include/Frame.h:33\x1b[m\x1b[K,\n'}
[11.703946] (orb_slam3_ros2_wrapper) StderrLine: {'line': b'                 from \x1b[01m\x1b[K/home/orb/ORB_SLAM3/include/KeyFrame.h:28\x1b[m\x1b[K,\n'}
[11.704047] (orb_slam3_ros2_wrapper) StderrLine: {'line': b'                 from \x1b[01m\x1b[K/home/orb/ORB_SLAM3/include/MapPoint.h:23\x1b[m\x1b[K,\n'}
[11.704145] (orb_slam3_ros2_wrapper) StderrLine: {'line': b'                 from \x1b[01m\x1b[K/root/colcon_ws/src/orb_slam3_ros2_wrapper/include/orb_slam3_ros2_wrapper/type_conversion.hpp:26\x1b[m\x1b[K,\n'}
[11.704240] (orb_slam3_ros2_wrapper) StderrLine: {'line': b'                 from \x1b[01m\x1b[K/root/colcon_ws/src/orb_slam3_ros2_wrapper/src/rgbd/rgbd-slam-node.hpp:37\x1b[m\x1b[K,\n'}
[11.704332] (orb_slam3_ros2_wrapper) StderrLine: {'line': b'                 from \x1b[01m\x1b[K/root/colcon_ws/src/orb_slam3_ros2_wrapper/src/rgbd/rgbd-slam-node.cpp:6\x1b[m\x1b[K:\n'}
[11.704430] (orb_slam3_ros2_wrapper) StderrLine: {'line': b'/home/orb/ORB_SLAM3/Thirdparty/g2o/g2o/types/../core/base_vertex.h: In instantiation of \xe2\x80\x98\x1b[01m\x1b[Kclass g2o::BaseVertex<7, g2o::Sim3>\x1b[m\x1b[K\xe2\x80\x99:\n'}
[11.704529] (orb_slam3_ros2_wrapper) StderrLine: {'line': b'\x1b[01m\x1b[K/home/orb/ORB_SLAM3/Thirdparty/g2o/g2o/types/types_seven_dof_expmap.h:48:35:\x1b[m\x1b[K   required from here\n'}
[11.704632] (orb_slam3_ros2_wrapper) StderrLine: {'line': b'\x1b[01m\x1b[K/home/orb/ORB_SLAM3/Thirdparty/g2o/g2o/types/../core/base_vertex.h:62:72:\x1b[m\x1b[K \x1b[01;35m\x1b[Kwarning: \x1b[m\x1b[K\xe2\x80\x98\x1b[01m\x1b[KEigen::AlignedBit\x1b[m\x1b[K\xe2\x80\x99 is deprecated [\x1b[01;35m\x1b[K-Wdeprecated-declarations\x1b[m\x1b[K]\n'}
[11.704742] (orb_slam3_ros2_wrapper) StderrLine: {'line': b'   62 |     typedef Eigen::Map<Matrix<double, D, D>, Matrix<double,D,D>::\x1b[01;35m\x1b[KFlags & AlignedBit\x1b[m\x1b[K ? Aligned : Unaligned >  HessianBlockType;\n'}
[11.704852] (orb_slam3_ros2_wrapper) StderrLine: {'line': b'      |                                                                  \x1b[01;35m\x1b[K~~~~~~^~~~~~~~~~~~\x1b[m\x1b[K\n'}
[11.704954] (orb_slam3_ros2_wrapper) StderrLine: {'line': b'In file included from \x1b[01m\x1b[K/usr/include/eigen3/Eigen/Core:161\x1b[m\x1b[K,\n'}
[11.705054] (orb_slam3_ros2_wrapper) StderrLine: {'line': b'                 from \x1b[01m\x1b[K/root/colcon_ws/src/orb_slam3_ros2_wrapper/include/orb_slam3_ros2_wrapper/type_conversion.hpp:10\x1b[m\x1b[K,\n'}
[11.705171] (orb_slam3_ros2_wrapper) StderrLine: {'line': b'                 from \x1b[01m\x1b[K/root/colcon_ws/src/orb_slam3_ros2_wrapper/src/rgbd/rgbd-slam-node.hpp:37\x1b[m\x1b[K,\n'}
[11.705272] (orb_slam3_ros2_wrapper) StderrLine: {'line': b'                 from \x1b[01m\x1b[K/root/colcon_ws/src/orb_slam3_ros2_wrapper/src/rgbd/rgbd-slam-node.cpp:6\x1b[m\x1b[K:\n'}
[11.705366] (orb_slam3_ros2_wrapper) StderrLine: {'line': b'\x1b[01m\x1b[K/usr/include/eigen3/Eigen/src/Core/util/Constants.h:167:37:\x1b[m\x1b[K \x1b[01;36m\x1b[Knote: \x1b[m\x1b[Kdeclared here\n'}
[11.705462] (orb_slam3_ros2_wrapper) StderrLine: {'line': b'  167 | EIGEN_DEPRECATED const unsigned int \x1b[01;36m\x1b[KAlignedBit\x1b[m\x1b[K = 0x80;\n'}
[11.705553] (orb_slam3_ros2_wrapper) StderrLine: {'line': b'      |                                     \x1b[01;36m\x1b[K^~~~~~~~~~\x1b[m\x1b[K\n'}
[11.730344] (orb_slam3_ros2_wrapper) StderrLine: {'line': b'In file included from \x1b[01m\x1b[K/home/orb/ORB_SLAM3/Thirdparty/g2o/g2o/types/types_six_dof_expmap.h:38\x1b[m\x1b[K,\n'}
[11.730589] (orb_slam3_ros2_wrapper) StderrLine: {'line': b'                 from \x1b[01m\x1b[K/home/orb/ORB_SLAM3/include/Converter.h:26\x1b[m\x1b[K,\n'}
[11.730681] (orb_slam3_ros2_wrapper) StderrLine: {'line': b'                 from \x1b[01m\x1b[K/home/orb/ORB_SLAM3/include/Frame.h:33\x1b[m\x1b[K,\n'}
[11.730775] (orb_slam3_ros2_wrapper) StderrLine: {'line': b'                 from \x1b[01m\x1b[K/home/orb/ORB_SLAM3/include/KeyFrame.h:28\x1b[m\x1b[K,\n'}
[11.730858] (orb_slam3_ros2_wrapper) StderrLine: {'line': b'                 from \x1b[01m\x1b[K/home/orb/ORB_SLAM3/include/MapPoint.h:23\x1b[m\x1b[K,\n'}
[11.730947] (orb_slam3_ros2_wrapper) StderrLine: {'line': b'                 from \x1b[01m\x1b[K/root/colcon_ws/src/orb_slam3_ros2_wrapper/include/orb_slam3_ros2_wrapper/type_conversion.hpp:26\x1b[m\x1b[K,\n'}
[11.731036] (orb_slam3_ros2_wrapper) StderrLine: {'line': b'                 from \x1b[01m\x1b[K/root/colcon_ws/src/orb_slam3_ros2_wrapper/src/rgbd/rgbd-slam-node.hpp:37\x1b[m\x1b[K,\n'}
[11.731124] (orb_slam3_ros2_wrapper) StderrLine: {'line': b'                 from \x1b[01m\x1b[K/root/colcon_ws/src/orb_slam3_ros2_wrapper/src/rgbd/rgbd.cpp:7\x1b[m\x1b[K:\n'}
[11.731201] (orb_slam3_ros2_wrapper) StderrLine: {'line': b'/home/orb/ORB_SLAM3/Thirdparty/g2o/g2o/types/../core/base_binary_edge.h: In instantiation of \xe2\x80\x98\x1b[01m\x1b[Kclass g2o::BaseBinaryEdge<2, Eigen::Matrix<double, 2, 1>, g2o::VertexSBAPointXYZ, g2o::VertexSim3Expmap>\x1b[m\x1b[K\xe2\x80\x99:\n'}
[11.731286] (orb_slam3_ros2_wrapper) StderrLine: {'line': b'\x1b[01m\x1b[K/home/orb/ORB_SLAM3/Thirdparty/g2o/g2o/types/types_seven_dof_expmap.h:130:36:\x1b[m\x1b[K   required from here\n'}
[11.731375] (orb_slam3_ros2_wrapper) StderrLine: {'line': b'\x1b[01m\x1b[K/home/orb/ORB_SLAM3/Thirdparty/g2o/g2o/types/../core/base_binary_edge.h:59:80:\x1b[m\x1b[K \x1b[01;35m\x1b[Kwarning: \x1b[m\x1b[K\xe2\x80\x98\x1b[01m\x1b[KEigen::AlignedBit\x1b[m\x1b[K\xe2\x80\x99 is deprecated [\x1b[01;35m\x1b[K-Wdeprecated-declarations\x1b[m\x1b[K]\n'}
[11.731464] (orb_slam3_ros2_wrapper) StderrLine: {'line': b'   59 |       typedef Eigen::Map<Matrix<double, Di, Dj>, Matrix<double, Di, Dj>::\x1b[01;35m\x1b[KFlags & AlignedBit\x1b[m\x1b[K ? Aligned : Unaligned > HessianBlockType;\n'}
[11.731591] (orb_slam3_ros2_wrapper) StderrLine: {'line': b'      |                                                                          \x1b[01;35m\x1b[K~~~~~~^~~~~~~~~~~~\x1b[m\x1b[K\n'}
[11.731687] (orb_slam3_ros2_wrapper) StderrLine: {'line': b'In file included from \x1b[01m\x1b[K/usr/include/eigen3/Eigen/Core:161\x1b[m\x1b[K,\n'}
[11.731785] (orb_slam3_ros2_wrapper) StderrLine: {'line': b'                 from \x1b[01m\x1b[K/root/colcon_ws/src/orb_slam3_ros2_wrapper/include/orb_slam3_ros2_wrapper/type_conversion.hpp:10\x1b[m\x1b[K,\n'}
[11.731879] (orb_slam3_ros2_wrapper) StderrLine: {'line': b'                 from \x1b[01m\x1b[K/root/colcon_ws/src/orb_slam3_ros2_wrapper/src/rgbd/rgbd-slam-node.hpp:37\x1b[m\x1b[K,\n'}
[11.731973] (orb_slam3_ros2_wrapper) StderrLine: {'line': b'                 from \x1b[01m\x1b[K/root/colcon_ws/src/orb_slam3_ros2_wrapper/src/rgbd/rgbd.cpp:7\x1b[m\x1b[K:\n'}
[11.732061] (orb_slam3_ros2_wrapper) StderrLine: {'line': b'\x1b[01m\x1b[K/usr/include/eigen3/Eigen/src/Core/util/Constants.h:167:37:\x1b[m\x1b[K \x1b[01;36m\x1b[Knote: \x1b[m\x1b[Kdeclared here\n'}
[11.732136] (orb_slam3_ros2_wrapper) StderrLine: {'line': b'  167 | EIGEN_DEPRECATED const unsigned int \x1b[01;36m\x1b[KAlignedBit\x1b[m\x1b[K = 0x80;\n'}
[11.732211] (orb_slam3_ros2_wrapper) StderrLine: {'line': b'      |                                     \x1b[01;36m\x1b[K^~~~~~~~~~\x1b[m\x1b[K\n'}
[11.742500] (orb_slam3_ros2_wrapper) StderrLine: {'line': b'In file included from \x1b[01m\x1b[K/home/orb/ORB_SLAM3/Thirdparty/g2o/g2o/types/types_six_dof_expmap.h:38\x1b[m\x1b[K,\n'}
[11.742858] (orb_slam3_ros2_wrapper) StderrLine: {'line': b'                 from \x1b[01m\x1b[K/home/orb/ORB_SLAM3/include/Converter.h:26\x1b[m\x1b[K,\n'}
[11.742973] (orb_slam3_ros2_wrapper) StderrLine: {'line': b'                 from \x1b[01m\x1b[K/home/orb/ORB_SLAM3/include/Frame.h:33\x1b[m\x1b[K,\n'}
[11.743072] (orb_slam3_ros2_wrapper) StderrLine: {'line': b'                 from \x1b[01m\x1b[K/home/orb/ORB_SLAM3/include/KeyFrame.h:28\x1b[m\x1b[K,\n'}
[11.743159] (orb_slam3_ros2_wrapper) StderrLine: {'line': b'                 from \x1b[01m\x1b[K/home/orb/ORB_SLAM3/include/MapPoint.h:23\x1b[m\x1b[K,\n'}
[11.743254] (orb_slam3_ros2_wrapper) StderrLine: {'line': b'                 from \x1b[01m\x1b[K/root/colcon_ws/src/orb_slam3_ros2_wrapper/include/orb_slam3_ros2_wrapper/type_conversion.hpp:26\x1b[m\x1b[K,\n'}
[11.743352] (orb_slam3_ros2_wrapper) StderrLine: {'line': b'                 from \x1b[01m\x1b[K/root/colcon_ws/src/orb_slam3_ros2_wrapper/src/rgbd/rgbd-slam-node.hpp:37\x1b[m\x1b[K,\n'}
[11.743448] (orb_slam3_ros2_wrapper) StderrLine: {'line': b'                 from \x1b[01m\x1b[K/root/colcon_ws/src/orb_slam3_ros2_wrapper/src/rgbd/rgbd-slam-node.cpp:6\x1b[m\x1b[K:\n'}
[11.743544] (orb_slam3_ros2_wrapper) StderrLine: {'line': b'/home/orb/ORB_SLAM3/Thirdparty/g2o/g2o/types/../core/base_binary_edge.h: In instantiation of \xe2\x80\x98\x1b[01m\x1b[Kclass g2o::BaseBinaryEdge<7, g2o::Sim3, g2o::VertexSim3Expmap, g2o::VertexSim3Expmap>\x1b[m\x1b[K\xe2\x80\x99:\n'}
[11.743660] (orb_slam3_ros2_wrapper) StderrLine: {'line': b'\x1b[01m\x1b[K/home/orb/ORB_SLAM3/Thirdparty/g2o/g2o/types/types_seven_dof_expmap.h:99:27:\x1b[m\x1b[K   required from here\n'}
[11.743775] (orb_slam3_ros2_wrapper) StderrLine: {'line': b'\x1b[01m\x1b[K/home/orb/ORB_SLAM3/Thirdparty/g2o/g2o/types/../core/base_binary_edge.h:59:80:\x1b[m\x1b[K \x1b[01;35m\x1b[Kwarning: \x1b[m\x1b[K\xe2\x80\x98\x1b[01m\x1b[KEigen::AlignedBit\x1b[m\x1b[K\xe2\x80\x99 is deprecated [\x1b[01;35m\x1b[K-Wdeprecated-declarations\x1b[m\x1b[K]\n'}
[11.743882] (orb_slam3_ros2_wrapper) StderrLine: {'line': b'   59 |       typedef Eigen::Map<Matrix<double, Di, Dj>, Matrix<double, Di, Dj>::\x1b[01;35m\x1b[KFlags & AlignedBit\x1b[m\x1b[K ? Aligned : Unaligned > HessianBlockType;\n'}
[11.743981] (orb_slam3_ros2_wrapper) StderrLine: {'line': b'      |                                                                          \x1b[01;35m\x1b[K~~~~~~^~~~~~~~~~~~\x1b[m\x1b[K\n'}
[11.744077] (orb_slam3_ros2_wrapper) StderrLine: {'line': b'In file included from \x1b[01m\x1b[K/usr/include/eigen3/Eigen/Core:161\x1b[m\x1b[K,\n'}
[11.744173] (orb_slam3_ros2_wrapper) StderrLine: {'line': b'                 from \x1b[01m\x1b[K/root/colcon_ws/src/orb_slam3_ros2_wrapper/include/orb_slam3_ros2_wrapper/type_conversion.hpp:10\x1b[m\x1b[K,\n'}
[11.744268] (orb_slam3_ros2_wrapper) StderrLine: {'line': b'                 from \x1b[01m\x1b[K/root/colcon_ws/src/orb_slam3_ros2_wrapper/src/rgbd/rgbd-slam-node.hpp:37\x1b[m\x1b[K,\n'}
[11.744373] (orb_slam3_ros2_wrapper) StderrLine: {'line': b'                 from \x1b[01m\x1b[K/root/colcon_ws/src/orb_slam3_ros2_wrapper/src/rgbd/rgbd-slam-node.cpp:6\x1b[m\x1b[K:\n'}
[11.744466] (orb_slam3_ros2_wrapper) StderrLine: {'line': b'\x1b[01m\x1b[K/usr/include/eigen3/Eigen/src/Core/util/Constants.h:167:37:\x1b[m\x1b[K \x1b[01;36m\x1b[Knote: \x1b[m\x1b[Kdeclared here\n'}
[11.744562] (orb_slam3_ros2_wrapper) StderrLine: {'line': b'  167 | EIGEN_DEPRECATED const unsigned int \x1b[01;36m\x1b[KAlignedBit\x1b[m\x1b[K = 0x80;\n'}
[11.744657] (orb_slam3_ros2_wrapper) StderrLine: {'line': b'      |                                     \x1b[01;36m\x1b[K^~~~~~~~~~\x1b[m\x1b[K\n'}
[11.744776] (orb_slam3_ros2_wrapper) StderrLine: {'line': b'In file included from \x1b[01m\x1b[K/home/orb/ORB_SLAM3/Thirdparty/g2o/g2o/types/types_six_dof_expmap.h:38\x1b[m\x1b[K,\n'}
[11.744887] (orb_slam3_ros2_wrapper) StderrLine: {'line': b'                 from \x1b[01m\x1b[K/home/orb/ORB_SLAM3/include/Converter.h:26\x1b[m\x1b[K,\n'}
[11.744980] (orb_slam3_ros2_wrapper) StderrLine: {'line': b'                 from \x1b[01m\x1b[K/home/orb/ORB_SLAM3/include/Frame.h:33\x1b[m\x1b[K,\n'}
[11.745074] (orb_slam3_ros2_wrapper) StderrLine: {'line': b'                 from \x1b[01m\x1b[K/home/orb/ORB_SLAM3/include/KeyFrame.h:28\x1b[m\x1b[K,\n'}
[11.745170] (orb_slam3_ros2_wrapper) StderrLine: {'line': b'                 from \x1b[01m\x1b[K/home/orb/ORB_SLAM3/include/MapPoint.h:23\x1b[m\x1b[K,\n'}
[11.745265] (orb_slam3_ros2_wrapper) StderrLine: {'line': b'                 from \x1b[01m\x1b[K/root/colcon_ws/src/orb_slam3_ros2_wrapper/include/orb_slam3_ros2_wrapper/type_conversion.hpp:26\x1b[m\x1b[K,\n'}
[11.745363] (orb_slam3_ros2_wrapper) StderrLine: {'line': b'                 from \x1b[01m\x1b[K/root/colcon_ws/src/orb_slam3_ros2_wrapper/src/rgbd/rgbd-slam-node.hpp:37\x1b[m\x1b[K,\n'}
[11.745461] (orb_slam3_ros2_wrapper) StderrLine: {'line': b'                 from \x1b[01m\x1b[K/root/colcon_ws/src/orb_slam3_ros2_wrapper/src/rgbd/rgbd-slam-node.cpp:6\x1b[m\x1b[K:\n'}
[11.745558] (orb_slam3_ros2_wrapper) StderrLine: {'line': b'\x1b[01m\x1b[K/home/orb/ORB_SLAM3/Thirdparty/g2o/g2o/types/../core/base_binary_edge.h:60:80:\x1b[m\x1b[K \x1b[01;35m\x1b[Kwarning: \x1b[m\x1b[K\xe2\x80\x98\x1b[01m\x1b[KEigen::AlignedBit\x1b[m\x1b[K\xe2\x80\x99 is deprecated [\x1b[01;35m\x1b[K-Wdeprecated-declarations\x1b[m\x1b[K]\n'}
[11.745659] (orb_slam3_ros2_wrapper) StderrLine: {'line': b'   60 |       typedef Eigen::Map<Matrix<double, Dj, Di>, Matrix<double, Dj, Di>::\x1b[01;35m\x1b[KFlags & AlignedBit\x1b[m\x1b[K ? Aligned : Unaligned > HessianBlockTransposedType;\n'}
[11.745769] (orb_slam3_ros2_wrapper) StderrLine: {'line': b'      |                                                                          \x1b[01;35m\x1b[K~~~~~~^~~~~~~~~~~~\x1b[m\x1b[K\n'}
[11.745874] (orb_slam3_ros2_wrapper) StderrLine: {'line': b'In file included from \x1b[01m\x1b[K/usr/include/eigen3/Eigen/Core:161\x1b[m\x1b[K,\n'}
[11.745971] (orb_slam3_ros2_wrapper) StderrLine: {'line': b'                 from \x1b[01m\x1b[K/root/colcon_ws/src/orb_slam3_ros2_wrapper/include/orb_slam3_ros2_wrapper/type_conversion.hpp:10\x1b[m\x1b[K,\n'}
[11.746070] (orb_slam3_ros2_wrapper) StderrLine: {'line': b'                 from \x1b[01m\x1b[K/root/colcon_ws/src/orb_slam3_ros2_wrapper/src/rgbd/rgbd-slam-node.hpp:37\x1b[m\x1b[K,\n'}
[11.746166] (orb_slam3_ros2_wrapper) StderrLine: {'line': b'                 from \x1b[01m\x1b[K/root/colcon_ws/src/orb_slam3_ros2_wrapper/src/rgbd/rgbd-slam-node.cpp:6\x1b[m\x1b[K:\n'}
[11.746255] (orb_slam3_ros2_wrapper) StderrLine: {'line': b'\x1b[01m\x1b[K/usr/include/eigen3/Eigen/src/Core/util/Constants.h:167:37:\x1b[m\x1b[K \x1b[01;36m\x1b[Knote: \x1b[m\x1b[Kdeclared here\n'}
[11.746349] (orb_slam3_ros2_wrapper) StderrLine: {'line': b'  167 | EIGEN_DEPRECATED const unsigned int \x1b[01;36m\x1b[KAlignedBit\x1b[m\x1b[K = 0x80;\n'}
[11.746513] (orb_slam3_ros2_wrapper) StderrLine: {'line': b'      |                                     \x1b[01;36m\x1b[K^~~~~~~~~~\x1b[m\x1b[K\n'}
[11.747909] (orb_slam3_ros2_wrapper) StderrLine: {'line': b'In file included from \x1b[01m\x1b[K/home/orb/ORB_SLAM3/Thirdparty/g2o/g2o/types/types_six_dof_expmap.h:37\x1b[m\x1b[K,\n'}
[11.748080] (orb_slam3_ros2_wrapper) StderrLine: {'line': b'                 from \x1b[01m\x1b[K/home/orb/ORB_SLAM3/include/Converter.h:26\x1b[m\x1b[K,\n'}
[11.748188] (orb_slam3_ros2_wrapper) StderrLine: {'line': b'                 from \x1b[01m\x1b[K/home/orb/ORB_SLAM3/include/Frame.h:33\x1b[m\x1b[K,\n'}
[11.748291] (orb_slam3_ros2_wrapper) StderrLine: {'line': b'                 from \x1b[01m\x1b[K/home/orb/ORB_SLAM3/include/KeyFrame.h:28\x1b[m\x1b[K,\n'}
[11.748396] (orb_slam3_ros2_wrapper) StderrLine: {'line': b'                 from \x1b[01m\x1b[K/home/orb/ORB_SLAM3/include/MapPoint.h:23\x1b[m\x1b[K,\n'}
[11.748497] (orb_slam3_ros2_wrapper) StderrLine: {'line': b'                 from \x1b[01m\x1b[K/root/colcon_ws/src/orb_slam3_ros2_wrapper/include/orb_slam3_ros2_wrapper/type_conversion.hpp:26\x1b[m\x1b[K,\n'}
[11.748727] (orb_slam3_ros2_wrapper) StderrLine: {'line': b'                 from \x1b[01m\x1b[K/root/colcon_ws/src/orb_slam3_ros2_wrapper/src/type_conversion.cpp:7\x1b[m\x1b[K:\n'}
[11.748839] (orb_slam3_ros2_wrapper) StderrLine: {'line': b'/home/orb/ORB_SLAM3/Thirdparty/g2o/g2o/types/../core/base_vertex.h: In instantiation of \xe2\x80\x98\x1b[01m\x1b[Kclass g2o::BaseVertex<6, g2o::SE3Quat>\x1b[m\x1b[K\xe2\x80\x99:\n'}
[11.748941] (orb_slam3_ros2_wrapper) StderrLine: {'line': b'\x1b[01m\x1b[K/home/orb/ORB_SLAM3/Thirdparty/g2o/g2o/types/types_six_dof_expmap.h:59:33:\x1b[m\x1b[K   required from here\n'}
[11.749040] (orb_slam3_ros2_wrapper) StderrLine: {'line': b'\x1b[01m\x1b[K/home/orb/ORB_SLAM3/Thirdparty/g2o/g2o/types/../core/base_vertex.h:62:72:\x1b[m\x1b[K \x1b[01;35m\x1b[Kwarning: \x1b[m\x1b[K\xe2\x80\x98\x1b[01m\x1b[KEigen::AlignedBit\x1b[m\x1b[K\xe2\x80\x99 is deprecated [\x1b[01;35m\x1b[K-Wdeprecated-declarations\x1b[m\x1b[K]\n'}
[11.749140] (orb_slam3_ros2_wrapper) StderrLine: {'line': b'   62 |  Eigen::Map<Matrix<double, D, D>, Matrix<double,D,D>::\x1b[01;35m\x1b[KFlags & AlignedBit\x1b[m\x1b[K ? Aligned : Unaligned >  HessianBlockType;\n'}
[11.749235] (orb_slam3_ros2_wrapper) StderrLine: {'line': b'      |                                                       \x1b[01;35m\x1b[K~~~~~~^~~~~~~~~~~~\x1b[m\x1b[K\n'}
[11.749333] (orb_slam3_ros2_wrapper) StderrLine: {'line': b'\n'}
[11.749430] (orb_slam3_ros2_wrapper) StderrLine: {'line': b'In file included from \x1b[01m\x1b[K/usr/include/eigen3/Eigen/Core:161\x1b[m\x1b[K,\n'}
[11.749526] (orb_slam3_ros2_wrapper) StderrLine: {'line': b'                 from \x1b[01m\x1b[K/root/colcon_ws/src/orb_slam3_ros2_wrapper/include/orb_slam3_ros2_wrapper/type_conversion.hpp:10\x1b[m\x1b[K,\n'}
[11.749623] (orb_slam3_ros2_wrapper) StderrLine: {'line': b'                 from \x1b[01m\x1b[K/root/colcon_ws/src/orb_slam3_ros2_wrapper/src/type_conversion.cpp:7\x1b[m\x1b[K:\n'}
[11.749718] (orb_slam3_ros2_wrapper) StderrLine: {'line': b'\x1b[01m\x1b[K/usr/include/eigen3/Eigen/src/Core/util/Constants.h:167:37:\x1b[m\x1b[K \x1b[01;36m\x1b[Knote: \x1b[m\x1b[Kdeclared here\n'}
[11.749842] (orb_slam3_ros2_wrapper) StderrLine: {'line': b'  167 | EIGEN_DEPRECATED const unsigned int \x1b[01;36m\x1b[KAlignedBit\x1b[m\x1b[K = 0x80;\n'}
[11.749939] (orb_slam3_ros2_wrapper) StderrLine: {'line': b'      |                                     \x1b[01;36m\x1b[K^~~~~~~~~~\x1b[m\x1b[K\n'}
[11.750036] (orb_slam3_ros2_wrapper) StderrLine: {'line': b'In file included from \x1b[01m\x1b[K/home/orb/ORB_SLAM3/Thirdparty/g2o/g2o/types/types_six_dof_expmap.h:38\x1b[m\x1b[K,\n'}
[11.750131] (orb_slam3_ros2_wrapper) StderrLine: {'line': b'                 from \x1b[01m\x1b[K/home/orb/ORB_SLAM3/include/Converter.h:26\x1b[m\x1b[K,\n'}
[11.750236] (orb_slam3_ros2_wrapper) StderrLine: {'line': b'                 from \x1b[01m\x1b[K/home/orb/ORB_SLAM3/include/Frame.h:33\x1b[m\x1b[K,\n'}
[11.750330] (orb_slam3_ros2_wrapper) StderrLine: {'line': b'                 from \x1b[01m\x1b[K/home/orb/ORB_SLAM3/include/KeyFrame.h:28\x1b[m\x1b[K,\n'}
[11.750427] (orb_slam3_ros2_wrapper) StderrLine: {'line': b'                 from \x1b[01m\x1b[K/home/orb/ORB_SLAM3/include/MapPoint.h:23\x1b[m\x1b[K,\n'}
[11.750521] (orb_slam3_ros2_wrapper) StderrLine: {'line': b'                 from \x1b[01m\x1b[K/root/colcon_ws/src/orb_slam3_ros2_wrapper/include/orb_slam3_ros2_wrapper/type_conversion.hpp:26\x1b[m\x1b[K,\n'}
[11.750617] (orb_slam3_ros2_wrapper) StderrLine: {'line': b'                 from \x1b[01m\x1b[K/root/colcon_ws/src/orb_slam3_ros2_wrapper/src/rgbd/rgbd-slam-node.hpp:37\x1b[m\x1b[K,\n'}
[11.750701] (orb_slam3_ros2_wrapper) StderrLine: {'line': b'                 from \x1b[01m\x1b[K/root/colcon_ws/src/orb_slam3_ros2_wrapper/src/rgbd/rgbd.cpp:7\x1b[m\x1b[K:\n'}
[11.750812] (orb_slam3_ros2_wrapper) StderrLine: {'line': b'\x1b[01m\x1b[K/home/orb/ORB_SLAM3/Thirdparty/g2o/g2o/types/../core/base_binary_edge.h:60:80:\x1b[m\x1b[K \x1b[01;35m\x1b[Kwarning: \x1b[m\x1b[K\xe2\x80\x98\x1b[01m\x1b[KEigen::AlignedBit\x1b[m\x1b[K\xe2\x80\x99 is deprecated [\x1b[01;35m\x1b[K-Wdeprecated-declarations\x1b[m\x1b[K]\n'}
[11.750927] (orb_slam3_ros2_wrapper) StderrLine: {'line': b'   60 |       typedef Eigen::Map<Matrix<double, Dj, Di>, Matrix<double, Dj, Di>::\x1b[01;35m\x1b[KFlags & AlignedBit\x1b[m\x1b[K ? Aligned : Unaligned > HessianBlockTransposedType;\n'}
[11.751026] (orb_slam3_ros2_wrapper) StderrLine: {'line': b'      |                                                                          \x1b[01;35m\x1b[K~~~~~~^~~~~~~~~~~~\x1b[m\x1b[K\n'}
[11.751125] (orb_slam3_ros2_wrapper) StderrLine: {'line': b'In file included from \x1b[01m\x1b[K/usr/include/eigen3/Eigen/Core:161\x1b[m\x1b[K,\n'}
[11.751221] (orb_slam3_ros2_wrapper) StderrLine: {'line': b'                 from \x1b[01m\x1b[K/root/colcon_ws/src/orb_slam3_ros2_wrapper/include/orb_slam3_ros2_wrapper/type_conversion.hpp:10\x1b[m\x1b[K,\n'}
[11.751298] (orb_slam3_ros2_wrapper) StderrLine: {'line': b'                 from \x1b[01m\x1b[K/root/colcon_ws/src/orb_slam3_ros2_wrapper/src/rgbd/rgbd-slam-node.hpp:37\x1b[m\x1b[K,\n'}
[11.751372] (orb_slam3_ros2_wrapper) StderrLine: {'line': b'                 from \x1b[01m\x1b[K/root/colcon_ws/src/orb_slam3_ros2_wrapper/src/rgbd/rgbd.cpp:7\x1b[m\x1b[K:\n'}
[11.751447] (orb_slam3_ros2_wrapper) StderrLine: {'line': b'\x1b[01m\x1b[K/usr/include/eigen3/Eigen/src/Core/util/Constants.h:167:37:\x1b[m\x1b[K \x1b[01;36m\x1b[Knote: \x1b[m\x1b[Kdeclared here\n'}
[11.751525] (orb_slam3_ros2_wrapper) StderrLine: {'line': b'  167 | EIGEN_DEPRECATED const unsigned int \x1b[01;36m\x1b[KAlignedBit\x1b[m\x1b[K = 0x80;\n'}
[11.751602] (orb_slam3_ros2_wrapper) StderrLine: {'line': b'      |                                     \x1b[01;36m\x1b[K^~~~~~~~~~\x1b[m\x1b[K\n'}
[11.767220] (-) TimerEvent: {}
[11.797395] (orb_slam3_ros2_wrapper) StderrLine: {'line': b'In file included from \x1b[01m\x1b[K/home/orb/ORB_SLAM3/Thirdparty/g2o/g2o/types/types_six_dof_expmap.h:38\x1b[m\x1b[K,\n'}
[11.797776] (orb_slam3_ros2_wrapper) StderrLine: {'line': b'                 from \x1b[01m\x1b[K/home/orb/ORB_SLAM3/include/Converter.h:26\x1b[m\x1b[K,\n'}
[11.797915] (orb_slam3_ros2_wrapper) StderrLine: {'line': b'                 from \x1b[01m\x1b[K/home/orb/ORB_SLAM3/include/Frame.h:33\x1b[m\x1b[K,\n'}
[11.798021] (orb_slam3_ros2_wrapper) StderrLine: {'line': b'                 from \x1b[01m\x1b[K/home/orb/ORB_SLAM3/include/KeyFrame.h:28\x1b[m\x1b[K,\n'}
[11.798135] (orb_slam3_ros2_wrapper) StderrLine: {'line': b'                 from \x1b[01m\x1b[K/home/orb/ORB_SLAM3/include/MapPoint.h:23\x1b[m\x1b[K,\n'}
[11.798236] (orb_slam3_ros2_wrapper) StderrLine: {'line': b'                 from \x1b[01m\x1b[K/root/colcon_ws/src/orb_slam3_ros2_wrapper/include/orb_slam3_ros2_wrapper/type_conversion.hpp:26\x1b[m\x1b[K,\n'}
[11.798336] (orb_slam3_ros2_wrapper) StderrLine: {'line': b'                 from \x1b[01m\x1b[K/root/colcon_ws/src/orb_slam3_ros2_wrapper/src/type_conversion.cpp:7\x1b[m\x1b[K:\n'}
[11.798435] (orb_slam3_ros2_wrapper) StderrLine: {'line': b'/home/orb/ORB_SLAM3/Thirdparty/g2o/g2o/types/../core/base_binary_edge.h: In instantiation of \xe2\x80\x98\x1b[01m\x1b[Kclass g2o::BaseBinaryEdge<6, g2o::SE3Quat, g2o::VertexSE3Expmap, g2o::VertexSE3Expmap>\x1b[m\x1b[K\xe2\x80\x99:\n'}
[11.798534] (orb_slam3_ros2_wrapper) StderrLine: {'line': b'\x1b[01m\x1b[K/home/orb/ORB_SLAM3/Thirdparty/g2o/g2o/types/types_six_dof_expmap.h:83:24:\x1b[m\x1b[K   required from here\n'}
[11.798632] (orb_slam3_ros2_wrapper) StderrLine: {'line': b'\x1b[01m\x1b[K/home/orb/ORB_SLAM3/Thirdparty/g2o/g2o/types/../core/base_binary_edge.h:59:80:\x1b[m\x1b[K \x1b[01;35m\x1b[Kwarning: \x1b[m\x1b[K\xe2\x80\x98\x1b[01m\x1b[KEigen::AlignedBit\x1b[m\x1b[K\xe2\x80\x99 is deprecated [\x1b[01;35m\x1b[K-Wdeprecated-declarations\x1b[m\x1b[K]\n'}
[11.798737] (orb_slam3_ros2_wrapper) StderrLine: {'line': b'   59 | ::Map<Matrix<double, Di, Dj>, Matrix<double, Di, Dj>::\x1b[01;35m\x1b[KFlags & AlignedBit\x1b[m\x1b[K ? Aligned : Unaligned > HessianBlockType;\n'}
[11.798853] (orb_slam3_ros2_wrapper) StderrLine: {'line': b'      |                                                       \x1b[01;35m\x1b[K~~~~~~^~~~~~~~~~~~\x1b[m\x1b[K\n'}
[11.798950] (orb_slam3_ros2_wrapper) StderrLine: {'line': b'\n'}
[11.799043] (orb_slam3_ros2_wrapper) StderrLine: {'line': b'In file included from \x1b[01m\x1b[K/usr/include/eigen3/Eigen/Core:161\x1b[m\x1b[K,\n'}
[11.799136] (orb_slam3_ros2_wrapper) StderrLine: {'line': b'                 from \x1b[01m\x1b[K/root/colcon_ws/src/orb_slam3_ros2_wrapper/include/orb_slam3_ros2_wrapper/type_conversion.hpp:10\x1b[m\x1b[K,\n'}
[11.799230] (orb_slam3_ros2_wrapper) StderrLine: {'line': b'                 from \x1b[01m\x1b[K/root/colcon_ws/src/orb_slam3_ros2_wrapper/src/type_conversion.cpp:7\x1b[m\x1b[K:\n'}
[11.799327] (orb_slam3_ros2_wrapper) StderrLine: {'line': b'\x1b[01m\x1b[K/usr/include/eigen3/Eigen/src/Core/util/Constants.h:167:37:\x1b[m\x1b[K \x1b[01;36m\x1b[Knote: \x1b[m\x1b[Kdeclared here\n'}
[11.799424] (orb_slam3_ros2_wrapper) StderrLine: {'line': b'  167 | EIGEN_DEPRECATED const unsigned int \x1b[01;36m\x1b[KAlignedBit\x1b[m\x1b[K = 0x80;\n'}
[11.799531] (orb_slam3_ros2_wrapper) StderrLine: {'line': b'      |                                     \x1b[01;36m\x1b[K^~~~~~~~~~\x1b[m\x1b[K\n'}
[11.799627] (orb_slam3_ros2_wrapper) StderrLine: {'line': b'In file included from \x1b[01m\x1b[K/home/orb/ORB_SLAM3/Thirdparty/g2o/g2o/types/types_six_dof_expmap.h:38\x1b[m\x1b[K,\n'}
[11.799715] (orb_slam3_ros2_wrapper) StderrLine: {'line': b'                 from \x1b[01m\x1b[K/home/orb/ORB_SLAM3/include/Converter.h:26\x1b[m\x1b[K,\n'}
[11.799817] (orb_slam3_ros2_wrapper) StderrLine: {'line': b'                 from \x1b[01m\x1b[K/home/orb/ORB_SLAM3/include/Frame.h:33\x1b[m\x1b[K,\n'}
[11.799901] (orb_slam3_ros2_wrapper) StderrLine: {'line': b'                 from \x1b[01m\x1b[K/home/orb/ORB_SLAM3/include/KeyFrame.h:28\x1b[m\x1b[K,\n'}
[11.800001] (orb_slam3_ros2_wrapper) StderrLine: {'line': b'                 from \x1b[01m\x1b[K/home/orb/ORB_SLAM3/include/MapPoint.h:23\x1b[m\x1b[K,\n'}
[11.800095] (orb_slam3_ros2_wrapper) StderrLine: {'line': b'                 from \x1b[01m\x1b[K/root/colcon_ws/src/orb_slam3_ros2_wrapper/include/orb_slam3_ros2_wrapper/type_conversion.hpp:26\x1b[m\x1b[K,\n'}
[11.800190] (orb_slam3_ros2_wrapper) StderrLine: {'line': b'                 from \x1b[01m\x1b[K/root/colcon_ws/src/orb_slam3_ros2_wrapper/src/type_conversion.cpp:7\x1b[m\x1b[K:\n'}
[11.800282] (orb_slam3_ros2_wrapper) StderrLine: {'line': b'\x1b[01m\x1b[K/home/orb/ORB_SLAM3/Thirdparty/g2o/g2o/types/../core/base_binary_edge.h:60:80:\x1b[m\x1b[K \x1b[01;35m\x1b[Kwarning: \x1b[m\x1b[K\xe2\x80\x98\x1b[01m\x1b[KEigen::AlignedBit\x1b[m\x1b[K\xe2\x80\x99 is deprecated [\x1b[01;35m\x1b[K-Wdeprecated-declarations\x1b[m\x1b[K]\n'}
[11.800383] (orb_slam3_ros2_wrapper) StderrLine: {'line': b'   60 | ::Map<Matrix<double, Dj, Di>, Matrix<double, Dj, Di>::\x1b[01;35m\x1b[KFlags & AlignedBit\x1b[m\x1b[K ? Aligned : Unaligned > HessianBlockTransposedType;\n'}
[11.800473] (orb_slam3_ros2_wrapper) StderrLine: {'line': b'      |                                                       \x1b[01;35m\x1b[K~~~~~~^~~~~~~~~~~~\x1b[m\x1b[K\n'}
[11.800575] (orb_slam3_ros2_wrapper) StderrLine: {'line': b'\n'}
[11.800675] (orb_slam3_ros2_wrapper) StderrLine: {'line': b'In file included from \x1b[01m\x1b[K/usr/include/eigen3/Eigen/Core:161\x1b[m\x1b[K,\n'}
[11.800932] (orb_slam3_ros2_wrapper) StderrLine: {'line': b'                 from \x1b[01m\x1b[K/root/colcon_ws/src/orb_slam3_ros2_wrapper/include/orb_slam3_ros2_wrapper/type_conversion.hpp:10\x1b[m\x1b[K,\n'}
[11.801036] (orb_slam3_ros2_wrapper) StderrLine: {'line': b'                 from \x1b[01m\x1b[K/root/colcon_ws/src/orb_slam3_ros2_wrapper/src/type_conversion.cpp:7\x1b[m\x1b[K:\n'}
[11.801135] (orb_slam3_ros2_wrapper) StderrLine: {'line': b'\x1b[01m\x1b[K/usr/include/eigen3/Eigen/src/Core/util/Constants.h:167:37:\x1b[m\x1b[K \x1b[01;36m\x1b[Knote: \x1b[m\x1b[Kdeclared here\n'}
[11.801239] (orb_slam3_ros2_wrapper) StderrLine: {'line': b'  167 | EIGEN_DEPRECATED const unsigned int \x1b[01;36m\x1b[KAlignedBit\x1b[m\x1b[K = 0x80;\n'}
[11.801328] (orb_slam3_ros2_wrapper) StderrLine: {'line': b'      |                                     \x1b[01;36m\x1b[K^~~~~~~~~~\x1b[m\x1b[K\n'}
[11.801423] (orb_slam3_ros2_wrapper) StderrLine: {'line': b'In file included from \x1b[01m\x1b[K/home/orb/ORB_SLAM3/Thirdparty/g2o/g2o/types/types_six_dof_expmap.h:38\x1b[m\x1b[K,\n'}
[11.801516] (orb_slam3_ros2_wrapper) StderrLine: {'line': b'                 from \x1b[01m\x1b[K/home/orb/ORB_SLAM3/include/Converter.h:26\x1b[m\x1b[K,\n'}
[11.801609] (orb_slam3_ros2_wrapper) StderrLine: {'line': b'                 from \x1b[01m\x1b[K/home/orb/ORB_SLAM3/include/Frame.h:33\x1b[m\x1b[K,\n'}
[11.801704] (orb_slam3_ros2_wrapper) StderrLine: {'line': b'                 from \x1b[01m\x1b[K/home/orb/ORB_SLAM3/include/KeyFrame.h:28\x1b[m\x1b[K,\n'}
[11.801851] (orb_slam3_ros2_wrapper) StderrLine: {'line': b'                 from \x1b[01m\x1b[K/home/orb/ORB_SLAM3/include/MapPoint.h:23\x1b[m\x1b[K,\n'}
[11.801971] (orb_slam3_ros2_wrapper) StderrLine: {'line': b'                 from \x1b[01m\x1b[K/root/colcon_ws/src/orb_slam3_ros2_wrapper/include/orb_slam3_ros2_wrapper/type_conversion.hpp:26\x1b[m\x1b[K,\n'}
[11.802092] (orb_slam3_ros2_wrapper) StderrLine: {'line': b'                 from \x1b[01m\x1b[K/root/colcon_ws/src/orb_slam3_ros2_wrapper/src/rgbd/rgbd-slam-node.hpp:37\x1b[m\x1b[K,\n'}
[11.802186] (orb_slam3_ros2_wrapper) StderrLine: {'line': b'                 from \x1b[01m\x1b[K/root/colcon_ws/src/orb_slam3_ros2_wrapper/src/rgbd/rgbd-slam-node.cpp:6\x1b[m\x1b[K:\n'}
[11.802281] (orb_slam3_ros2_wrapper) StderrLine: {'line': b'/home/orb/ORB_SLAM3/Thirdparty/g2o/g2o/types/../core/base_binary_edge.h: In instantiation of \xe2\x80\x98\x1b[01m\x1b[Kclass g2o::BaseBinaryEdge<2, Eigen::Matrix<double, 2, 1>, g2o::VertexSBAPointXYZ, g2o::VertexSim3Expmap>\x1b[m\x1b[K\xe2\x80\x99:\n'}
[11.802375] (orb_slam3_ros2_wrapper) StderrLine: {'line': b'\x1b[01m\x1b[K/home/orb/ORB_SLAM3/Thirdparty/g2o/g2o/types/types_seven_dof_expmap.h:130:36:\x1b[m\x1b[K   required from here\n'}
[11.802460] (orb_slam3_ros2_wrapper) StderrLine: {'line': b'\x1b[01m\x1b[K/home/orb/ORB_SLAM3/Thirdparty/g2o/g2o/types/../core/base_binary_edge.h:59:80:\x1b[m\x1b[K \x1b[01;35m\x1b[Kwarning: \x1b[m\x1b[K\xe2\x80\x98\x1b[01m\x1b[KEigen::AlignedBit\x1b[m\x1b[K\xe2\x80\x99 is deprecated [\x1b[01;35m\x1b[K-Wdeprecated-declarations\x1b[m\x1b[K]\n'}
[11.802546] (orb_slam3_ros2_wrapper) StderrLine: {'line': b'   59 |       typedef Eigen::Map<Matrix<double, Di, Dj>, Matrix<double, Di, Dj>::\x1b[01;35m\x1b[KFlags & AlignedBit\x1b[m\x1b[K ? Aligned : Unaligned > HessianBlockType;\n'}
[11.802636] (orb_slam3_ros2_wrapper) StderrLine: {'line': b'      |                                                                          \x1b[01;35m\x1b[K~~~~~~^~~~~~~~~~~~\x1b[m\x1b[K\n'}
[11.802735] (orb_slam3_ros2_wrapper) StderrLine: {'line': b'In file included from \x1b[01m\x1b[K/usr/include/eigen3/Eigen/Core:161\x1b[m\x1b[K,\n'}
[11.802840] (orb_slam3_ros2_wrapper) StderrLine: {'line': b'                 from \x1b[01m\x1b[K/root/colcon_ws/src/orb_slam3_ros2_wrapper/include/orb_slam3_ros2_wrapper/type_conversion.hpp:10\x1b[m\x1b[K,\n'}
[11.802933] (orb_slam3_ros2_wrapper) StderrLine: {'line': b'                 from \x1b[01m\x1b[K/root/colcon_ws/src/orb_slam3_ros2_wrapper/src/rgbd/rgbd-slam-node.hpp:37\x1b[m\x1b[K,\n'}
[11.803029] (orb_slam3_ros2_wrapper) StderrLine: {'line': b'                 from \x1b[01m\x1b[K/root/colcon_ws/src/orb_slam3_ros2_wrapper/src/rgbd/rgbd-slam-node.cpp:6\x1b[m\x1b[K:\n'}
[11.803124] (orb_slam3_ros2_wrapper) StderrLine: {'line': b'\x1b[01m\x1b[K/usr/include/eigen3/Eigen/src/Core/util/Constants.h:167:37:\x1b[m\x1b[K \x1b[01;36m\x1b[Knote: \x1b[m\x1b[Kdeclared here\n'}
[11.803221] (orb_slam3_ros2_wrapper) StderrLine: {'line': b'  167 | EIGEN_DEPRECATED const unsigned int \x1b[01;36m\x1b[KAlignedBit\x1b[m\x1b[K = 0x80;\n'}
[11.803315] (orb_slam3_ros2_wrapper) StderrLine: {'line': b'      |                                     \x1b[01;36m\x1b[K^~~~~~~~~~\x1b[m\x1b[K\n'}
[11.820662] (orb_slam3_ros2_wrapper) StderrLine: {'line': b'In file included from \x1b[01m\x1b[K/home/orb/ORB_SLAM3/Thirdparty/g2o/g2o/types/types_six_dof_expmap.h:38\x1b[m\x1b[K,\n'}
[11.820933] (orb_slam3_ros2_wrapper) StderrLine: {'line': b'                 from \x1b[01m\x1b[K/home/orb/ORB_SLAM3/include/Converter.h:26\x1b[m\x1b[K,\n'}
[11.821040] (orb_slam3_ros2_wrapper) StderrLine: {'line': b'                 from \x1b[01m\x1b[K/home/orb/ORB_SLAM3/include/Frame.h:33\x1b[m\x1b[K,\n'}
[11.821141] (orb_slam3_ros2_wrapper) StderrLine: {'line': b'                 from \x1b[01m\x1b[K/home/orb/ORB_SLAM3/include/KeyFrame.h:28\x1b[m\x1b[K,\n'}
[11.821237] (orb_slam3_ros2_wrapper) StderrLine: {'line': b'                 from \x1b[01m\x1b[K/home/orb/ORB_SLAM3/include/MapPoint.h:23\x1b[m\x1b[K,\n'}
[11.821353] (orb_slam3_ros2_wrapper) StderrLine: {'line': b'                 from \x1b[01m\x1b[K/root/colcon_ws/src/orb_slam3_ros2_wrapper/include/orb_slam3_ros2_wrapper/type_conversion.hpp:26\x1b[m\x1b[K,\n'}
[11.821452] (orb_slam3_ros2_wrapper) StderrLine: {'line': b'                 from \x1b[01m\x1b[K/root/colcon_ws/src/orb_slam3_ros2_wrapper/src/rgbd/rgbd-slam-node.hpp:37\x1b[m\x1b[K,\n'}
[11.821552] (orb_slam3_ros2_wrapper) StderrLine: {'line': b'                 from \x1b[01m\x1b[K/root/colcon_ws/src/orb_slam3_ros2_wrapper/src/rgbd/rgbd-slam-node.cpp:6\x1b[m\x1b[K:\n'}
[11.821651] (orb_slam3_ros2_wrapper) StderrLine: {'line': b'\x1b[01m\x1b[K/home/orb/ORB_SLAM3/Thirdparty/g2o/g2o/types/../core/base_binary_edge.h:60:80:\x1b[m\x1b[K \x1b[01;35m\x1b[Kwarning: \x1b[m\x1b[K\xe2\x80\x98\x1b[01m\x1b[KEigen::AlignedBit\x1b[m\x1b[K\xe2\x80\x99 is deprecated [\x1b[01;35m\x1b[K-Wdeprecated-declarations\x1b[m\x1b[K]\n'}
[11.821766] (orb_slam3_ros2_wrapper) StderrLine: {'line': b'   60 |       typedef Eigen::Map<Matrix<double, Dj, Di>, Matrix<double, Dj, Di>::\x1b[01;35m\x1b[KFlags & AlignedBit\x1b[m\x1b[K ? Aligned : Unaligned > HessianBlockTransposedType;\n'}
[11.821872] (orb_slam3_ros2_wrapper) StderrLine: {'line': b'      |                                                                          \x1b[01;35m\x1b[K~~~~~~^~~~~~~~~~~~\x1b[m\x1b[K\n'}
[11.821969] (orb_slam3_ros2_wrapper) StderrLine: {'line': b'In file included from \x1b[01m\x1b[K/usr/include/eigen3/Eigen/Core:161\x1b[m\x1b[K,\n'}
[11.822067] (orb_slam3_ros2_wrapper) StderrLine: {'line': b'                 from \x1b[01m\x1b[K/root/colcon_ws/src/orb_slam3_ros2_wrapper/include/orb_slam3_ros2_wrapper/type_conversion.hpp:10\x1b[m\x1b[K,\n'}
[11.822162] (orb_slam3_ros2_wrapper) StderrLine: {'line': b'                 from \x1b[01m\x1b[K/root/colcon_ws/src/orb_slam3_ros2_wrapper/src/rgbd/rgbd-slam-node.hpp:37\x1b[m\x1b[K,\n'}
[11.822259] (orb_slam3_ros2_wrapper) StderrLine: {'line': b'                 from \x1b[01m\x1b[K/root/colcon_ws/src/orb_slam3_ros2_wrapper/src/rgbd/rgbd-slam-node.cpp:6\x1b[m\x1b[K:\n'}
[11.822355] (orb_slam3_ros2_wrapper) StderrLine: {'line': b'\x1b[01m\x1b[K/usr/include/eigen3/Eigen/src/Core/util/Constants.h:167:37:\x1b[m\x1b[K \x1b[01;36m\x1b[Knote: \x1b[m\x1b[Kdeclared here\n'}
[11.822459] (orb_slam3_ros2_wrapper) StderrLine: {'line': b'  167 | EIGEN_DEPRECATED const unsigned int \x1b[01;36m\x1b[KAlignedBit\x1b[m\x1b[K = 0x80;\n'}
[11.822555] (orb_slam3_ros2_wrapper) StderrLine: {'line': b'      |                                     \x1b[01;36m\x1b[K^~~~~~~~~~\x1b[m\x1b[K\n'}
[11.867335] (-) TimerEvent: {}
[11.930118] (orb_slam3_ros2_wrapper) StderrLine: {'line': b'In file included from \x1b[01m\x1b[K/home/orb/ORB_SLAM3/Thirdparty/g2o/g2o/types/types_six_dof_expmap.h:38\x1b[m\x1b[K,\n'}
[11.930486] (orb_slam3_ros2_wrapper) StderrLine: {'line': b'                 from \x1b[01m\x1b[K/home/orb/ORB_SLAM3/include/Converter.h:26\x1b[m\x1b[K,\n'}
[11.930599] (orb_slam3_ros2_wrapper) StderrLine: {'line': b'                 from \x1b[01m\x1b[K/home/orb/ORB_SLAM3/include/Frame.h:33\x1b[m\x1b[K,\n'}
[11.930703] (orb_slam3_ros2_wrapper) StderrLine: {'line': b'                 from \x1b[01m\x1b[K/home/orb/ORB_SLAM3/include/KeyFrame.h:28\x1b[m\x1b[K,\n'}
[11.930833] (orb_slam3_ros2_wrapper) StderrLine: {'line': b'                 from \x1b[01m\x1b[K/home/orb/ORB_SLAM3/include/MapPoint.h:23\x1b[m\x1b[K,\n'}
[11.930933] (orb_slam3_ros2_wrapper) StderrLine: {'line': b'                 from \x1b[01m\x1b[K/root/colcon_ws/src/orb_slam3_ros2_wrapper/include/orb_slam3_ros2_wrapper/type_conversion.hpp:26\x1b[m\x1b[K,\n'}
[11.931031] (orb_slam3_ros2_wrapper) StderrLine: {'line': b'                 from \x1b[01m\x1b[K/root/colcon_ws/src/orb_slam3_ros2_wrapper/src/type_conversion.cpp:7\x1b[m\x1b[K:\n'}
[11.931131] (orb_slam3_ros2_wrapper) StderrLine: {'line': b'/home/orb/ORB_SLAM3/Thirdparty/g2o/g2o/types/../core/base_binary_edge.h: In instantiation of \xe2\x80\x98\x1b[01m\x1b[Kclass g2o::BaseBinaryEdge<2, Eigen::Matrix<double, 2, 1>, g2o::VertexSBAPointXYZ, g2o::VertexSE3Expmap>\x1b[m\x1b[K\xe2\x80\x99:\n'}
[11.931233] (orb_slam3_ros2_wrapper) StderrLine: {'line': b'\x1b[01m\x1b[K/home/orb/ORB_SLAM3/Thirdparty/g2o/g2o/types/types_six_dof_expmap.h:114:35:\x1b[m\x1b[K   required from here\n'}
[11.931333] (orb_slam3_ros2_wrapper) StderrLine: {'line': b'\x1b[01m\x1b[K/home/orb/ORB_SLAM3/Thirdparty/g2o/g2o/types/../core/base_binary_edge.h:59:80:\x1b[m\x1b[K \x1b[01;35m\x1b[Kwarning: \x1b[m\x1b[K\xe2\x80\x98\x1b[01m\x1b[KEigen::AlignedBit\x1b[m\x1b[K\xe2\x80\x99 is deprecated [\x1b[01;35m\x1b[K-Wdeprecated-declarations\x1b[m\x1b[K]\n'}
[11.931437] (orb_slam3_ros2_wrapper) StderrLine: {'line': b'   59 | ::Map<Matrix<double, Di, Dj>, Matrix<double, Di, Dj>::\x1b[01;35m\x1b[KFlags & AlignedBit\x1b[m\x1b[K ? Aligned : Unaligned > HessianBlockType;\n'}
[11.931531] (orb_slam3_ros2_wrapper) StderrLine: {'line': b'      |                                                       \x1b[01;35m\x1b[K~~~~~~^~~~~~~~~~~~\x1b[m\x1b[K\n'}
[11.931629] (orb_slam3_ros2_wrapper) StderrLine: {'line': b'\n'}
[11.931733] (orb_slam3_ros2_wrapper) StderrLine: {'line': b'In file included from \x1b[01m\x1b[K/usr/include/eigen3/Eigen/Core:161\x1b[m\x1b[K,\n'}
[11.931845] (orb_slam3_ros2_wrapper) StderrLine: {'line': b'                 from \x1b[01m\x1b[K/root/colcon_ws/src/orb_slam3_ros2_wrapper/include/orb_slam3_ros2_wrapper/type_conversion.hpp:10\x1b[m\x1b[K,\n'}
[11.931945] (orb_slam3_ros2_wrapper) StderrLine: {'line': b'                 from \x1b[01m\x1b[K/root/colcon_ws/src/orb_slam3_ros2_wrapper/src/type_conversion.cpp:7\x1b[m\x1b[K:\n'}
[11.932045] (orb_slam3_ros2_wrapper) StderrLine: {'line': b'\x1b[01m\x1b[K/usr/include/eigen3/Eigen/src/Core/util/Constants.h:167:37:\x1b[m\x1b[K \x1b[01;36m\x1b[Knote: \x1b[m\x1b[Kdeclared here\n'}
[11.932140] (orb_slam3_ros2_wrapper) StderrLine: {'line': b'  167 | EIGEN_DEPRECATED const unsigned int \x1b[01;36m\x1b[KAlignedBit\x1b[m\x1b[K = 0x80;\n'}
[11.932234] (orb_slam3_ros2_wrapper) StderrLine: {'line': b'      |                                     \x1b[01;36m\x1b[K^~~~~~~~~~\x1b[m\x1b[K\n'}
[11.958123] (orb_slam3_ros2_wrapper) StderrLine: {'line': b'In file included from \x1b[01m\x1b[K/home/orb/ORB_SLAM3/Thirdparty/g2o/g2o/types/types_six_dof_expmap.h:38\x1b[m\x1b[K,\n'}
[11.958376] (orb_slam3_ros2_wrapper) StderrLine: {'line': b'                 from \x1b[01m\x1b[K/home/orb/ORB_SLAM3/include/Converter.h:26\x1b[m\x1b[K,\n'}
[11.958495] (orb_slam3_ros2_wrapper) StderrLine: {'line': b'                 from \x1b[01m\x1b[K/home/orb/ORB_SLAM3/include/Frame.h:33\x1b[m\x1b[K,\n'}
[11.958598] (orb_slam3_ros2_wrapper) StderrLine: {'line': b'                 from \x1b[01m\x1b[K/home/orb/ORB_SLAM3/include/KeyFrame.h:28\x1b[m\x1b[K,\n'}
[11.958698] (orb_slam3_ros2_wrapper) StderrLine: {'line': b'                 from \x1b[01m\x1b[K/home/orb/ORB_SLAM3/include/MapPoint.h:23\x1b[m\x1b[K,\n'}
[11.958811] (orb_slam3_ros2_wrapper) StderrLine: {'line': b'                 from \x1b[01m\x1b[K/root/colcon_ws/src/orb_slam3_ros2_wrapper/include/orb_slam3_ros2_wrapper/type_conversion.hpp:26\x1b[m\x1b[K,\n'}
[11.958923] (orb_slam3_ros2_wrapper) StderrLine: {'line': b'                 from \x1b[01m\x1b[K/root/colcon_ws/src/orb_slam3_ros2_wrapper/src/type_conversion.cpp:7\x1b[m\x1b[K:\n'}
[11.959030] (orb_slam3_ros2_wrapper) StderrLine: {'line': b'\x1b[01m\x1b[K/home/orb/ORB_SLAM3/Thirdparty/g2o/g2o/types/../core/base_binary_edge.h:60:80:\x1b[m\x1b[K \x1b[01;35m\x1b[Kwarning: \x1b[m\x1b[K\xe2\x80\x98\x1b[01m\x1b[KEigen::AlignedBit\x1b[m\x1b[K\xe2\x80\x99 is deprecated [\x1b[01;35m\x1b[K-Wdeprecated-declarations\x1b[m\x1b[K]\n'}
[11.959132] (orb_slam3_ros2_wrapper) StderrLine: {'line': b'   60 | ::Map<Matrix<double, Dj, Di>, Matrix<double, Dj, Di>::\x1b[01;35m\x1b[KFlags & AlignedBit\x1b[m\x1b[K ? Aligned : Unaligned > HessianBlockTransposedType;\n'}
[11.959230] (orb_slam3_ros2_wrapper) StderrLine: {'line': b'      |                                                       \x1b[01;35m\x1b[K~~~~~~^~~~~~~~~~~~\x1b[m\x1b[K\n'}
[11.959327] (orb_slam3_ros2_wrapper) StderrLine: {'line': b'\n'}
[11.959422] (orb_slam3_ros2_wrapper) StderrLine: {'line': b'In file included from \x1b[01m\x1b[K/usr/include/eigen3/Eigen/Core:161\x1b[m\x1b[K,\n'}
[11.959519] (orb_slam3_ros2_wrapper) StderrLine: {'line': b'                 from \x1b[01m\x1b[K/root/colcon_ws/src/orb_slam3_ros2_wrapper/include/orb_slam3_ros2_wrapper/type_conversion.hpp:10\x1b[m\x1b[K,\n'}
[11.959614] (orb_slam3_ros2_wrapper) StderrLine: {'line': b'                 from \x1b[01m\x1b[K/root/colcon_ws/src/orb_slam3_ros2_wrapper/src/type_conversion.cpp:7\x1b[m\x1b[K:\n'}
[11.959711] (orb_slam3_ros2_wrapper) StderrLine: {'line': b'\x1b[01m\x1b[K/usr/include/eigen3/Eigen/src/Core/util/Constants.h:167:37:\x1b[m\x1b[K \x1b[01;36m\x1b[Knote: \x1b[m\x1b[Kdeclared here\n'}
[11.959831] (orb_slam3_ros2_wrapper) StderrLine: {'line': b'  167 | EIGEN_DEPRECATED const unsigned int \x1b[01;36m\x1b[KAlignedBit\x1b[m\x1b[K = 0x80;\n'}
[11.959932] (orb_slam3_ros2_wrapper) StderrLine: {'line': b'      |                                     \x1b[01;36m\x1b[K^~~~~~~~~~\x1b[m\x1b[K\n'}
[11.967446] (-) TimerEvent: {}
[11.980006] (orb_slam3_ros2_wrapper) StdoutLine: {'line': b'[ 73%] \x1b[32m\x1b[1mLinking CXX static library libgtest.a\x1b[0m\n'}
[12.026716] (orb_slam3_ros2_wrapper) StdoutLine: {'line': b'[ 73%] Built target gtest\n'}
[12.048645] (orb_slam3_ros2_wrapper) StdoutLine: {'line': b'[ 80%] \x1b[32mBuilding CXX object CMakeFiles/typeconversionTests.dir/src/type_conversion.cpp.o\x1b[0m\n'}
[12.050827] (orb_slam3_ros2_wrapper) StdoutLine: {'line': b'[ 86%] \x1b[32mBuilding CXX object CMakeFiles/typeconversionTests.dir/tests/typeConversionsTests.cpp.o\x1b[0m\n'}
[12.067552] (-) TimerEvent: {}
[12.071595] (orb_slam3_ros2_wrapper) StderrLine: {'line': b'In file included from \x1b[01m\x1b[K/home/orb/ORB_SLAM3/Thirdparty/g2o/g2o/types/types_six_dof_expmap.h:38\x1b[m\x1b[K,\n'}
[12.071822] (orb_slam3_ros2_wrapper) StderrLine: {'line': b'                 from \x1b[01m\x1b[K/home/orb/ORB_SLAM3/include/Converter.h:26\x1b[m\x1b[K,\n'}
[12.071932] (orb_slam3_ros2_wrapper) StderrLine: {'line': b'                 from \x1b[01m\x1b[K/home/orb/ORB_SLAM3/include/Frame.h:33\x1b[m\x1b[K,\n'}
[12.072023] (orb_slam3_ros2_wrapper) StderrLine: {'line': b'                 from \x1b[01m\x1b[K/home/orb/ORB_SLAM3/include/KeyFrame.h:28\x1b[m\x1b[K,\n'}
[12.072110] (orb_slam3_ros2_wrapper) StderrLine: {'line': b'                 from \x1b[01m\x1b[K/home/orb/ORB_SLAM3/include/MapPoint.h:23\x1b[m\x1b[K,\n'}
[12.072199] (orb_slam3_ros2_wrapper) StderrLine: {'line': b'                 from \x1b[01m\x1b[K/root/colcon_ws/src/orb_slam3_ros2_wrapper/include/orb_slam3_ros2_wrapper/type_conversion.hpp:26\x1b[m\x1b[K,\n'}
[12.081285] (orb_slam3_ros2_wrapper) StderrLine: {'line': b'                 from \x1b[01m\x1b[K/root/colcon_ws/src/orb_slam3_ros2_wrapper/src/type_conversion.cpp:7\x1b[m\x1b[K:\n'}
[12.082389] (orb_slam3_ros2_wrapper) StderrLine: {'line': b'/home/orb/ORB_SLAM3/Thirdparty/g2o/g2o/types/../core/base_binary_edge.h: In instantiation of \xe2\x80\x98\x1b[01m\x1b[Kclass g2o::BaseBinaryEdge<3, Eigen::Matrix<double, 3, 1>, g2o::VertexSBAPointXYZ, g2o::VertexSE3Expmap>\x1b[m\x1b[K\xe2\x80\x99:\n'}
[12.083352] (orb_slam3_ros2_wrapper) StderrLine: {'line': b'\x1b[01m\x1b[K/home/orb/ORB_SLAM3/Thirdparty/g2o/g2o/types/types_six_dof_expmap.h:146:41:\x1b[m\x1b[K   required from here\n'}
[12.084306] (orb_slam3_ros2_wrapper) StderrLine: {'line': b'\x1b[01m\x1b[K/home/orb/ORB_SLAM3/Thirdparty/g2o/g2o/types/../core/base_binary_edge.h:59:80:\x1b[m\x1b[K \x1b[01;35m\x1b[Kwarning: \x1b[m\x1b[K\xe2\x80\x98\x1b[01m\x1b[KEigen::AlignedBit\x1b[m\x1b[K\xe2\x80\x99 is deprecated [\x1b[01;35m\x1b[K-Wdeprecated-declarations\x1b[m\x1b[K]\n'}
[12.085248] (orb_slam3_ros2_wrapper) StderrLine: {'line': b'   59 | ::Map<Matrix<double, Di, Dj>, Matrix<double, Di, Dj>::\x1b[01;35m\x1b[KFlags & AlignedBit\x1b[m\x1b[K ? Aligned : Unaligned > HessianBlockType;\n'}
[12.086179] (orb_slam3_ros2_wrapper) StderrLine: {'line': b'      |                                                       \x1b[01;35m\x1b[K~~~~~~^~~~~~~~~~~~\x1b[m\x1b[K\n'}
[12.087103] (orb_slam3_ros2_wrapper) StderrLine: {'line': b'\n'}
[12.088039] (orb_slam3_ros2_wrapper) StderrLine: {'line': b'In file included from \x1b[01m\x1b[K/usr/include/eigen3/Eigen/Core:161\x1b[m\x1b[K,\n'}
[12.088960] (orb_slam3_ros2_wrapper) StderrLine: {'line': b'                 from \x1b[01m\x1b[K/root/colcon_ws/src/orb_slam3_ros2_wrapper/include/orb_slam3_ros2_wrapper/type_conversion.hpp:10\x1b[m\x1b[K,\n'}
[12.089889] (orb_slam3_ros2_wrapper) StderrLine: {'line': b'                 from \x1b[01m\x1b[K/root/colcon_ws/src/orb_slam3_ros2_wrapper/src/type_conversion.cpp:7\x1b[m\x1b[K:\n'}
[12.090815] (orb_slam3_ros2_wrapper) StderrLine: {'line': b'\x1b[01m\x1b[K/usr/include/eigen3/Eigen/src/Core/util/Constants.h:167:37:\x1b[m\x1b[K \x1b[01;36m\x1b[Knote: \x1b[m\x1b[Kdeclared here\n'}
[12.091730] (orb_slam3_ros2_wrapper) StderrLine: {'line': b'  167 | EIGEN_DEPRECATED const unsigned int \x1b[01;36m\x1b[KAlignedBit\x1b[m\x1b[K = 0x80;\n'}
[12.092660] (orb_slam3_ros2_wrapper) StderrLine: {'line': b'      |                                     \x1b[01;36m\x1b[K^~~~~~~~~~\x1b[m\x1b[K\n'}
[12.093586] (orb_slam3_ros2_wrapper) StderrLine: {'line': b'In file included from \x1b[01m\x1b[K/home/orb/ORB_SLAM3/Thirdparty/g2o/g2o/types/types_six_dof_expmap.h:38\x1b[m\x1b[K,\n'}
[12.094513] (orb_slam3_ros2_wrapper) StderrLine: {'line': b'                 from \x1b[01m\x1b[K/home/orb/ORB_SLAM3/include/Converter.h:26\x1b[m\x1b[K,\n'}
[12.095442] (orb_slam3_ros2_wrapper) StderrLine: {'line': b'                 from \x1b[01m\x1b[K/home/orb/ORB_SLAM3/include/Frame.h:33\x1b[m\x1b[K,\n'}
[12.096374] (orb_slam3_ros2_wrapper) StderrLine: {'line': b'                 from \x1b[01m\x1b[K/home/orb/ORB_SLAM3/include/KeyFrame.h:28\x1b[m\x1b[K,\n'}
[12.097323] (orb_slam3_ros2_wrapper) StderrLine: {'line': b'                 from \x1b[01m\x1b[K/home/orb/ORB_SLAM3/include/MapPoint.h:23\x1b[m\x1b[K,\n'}
[12.098282] (orb_slam3_ros2_wrapper) StderrLine: {'line': b'                 from \x1b[01m\x1b[K/root/colcon_ws/src/orb_slam3_ros2_wrapper/include/orb_slam3_ros2_wrapper/type_conversion.hpp:26\x1b[m\x1b[K,\n'}
[12.099214] (orb_slam3_ros2_wrapper) StderrLine: {'line': b'                 from \x1b[01m\x1b[K/root/colcon_ws/src/orb_slam3_ros2_wrapper/src/type_conversion.cpp:7\x1b[m\x1b[K:\n'}
[12.100100] (orb_slam3_ros2_wrapper) StderrLine: {'line': b'\x1b[01m\x1b[K/home/orb/ORB_SLAM3/Thirdparty/g2o/g2o/types/../core/base_binary_edge.h:60:80:\x1b[m\x1b[K \x1b[01;35m\x1b[Kwarning: \x1b[m\x1b[K\xe2\x80\x98\x1b[01m\x1b[KEigen::AlignedBit\x1b[m\x1b[K\xe2\x80\x99 is deprecated [\x1b[01;35m\x1b[K-Wdeprecated-declarations\x1b[m\x1b[K]\n'}
[12.101038] (orb_slam3_ros2_wrapper) StderrLine: {'line': b'   60 | ::Map<Matrix<double, Dj, Di>, Matrix<double, Dj, Di>::\x1b[01;35m\x1b[KFlags & AlignedBit\x1b[m\x1b[K ? Aligned : Unaligned > HessianBlockTransposedType;\n'}
[12.101929] (orb_slam3_ros2_wrapper) StderrLine: {'line': b'      |                                                       \x1b[01;35m\x1b[K~~~~~~^~~~~~~~~~~~\x1b[m\x1b[K\n'}
[12.102821] (orb_slam3_ros2_wrapper) StderrLine: {'line': b'\n'}
[12.103688] (orb_slam3_ros2_wrapper) StderrLine: {'line': b'In file included from \x1b[01m\x1b[K/usr/include/eigen3/Eigen/Core:161\x1b[m\x1b[K,\n'}
[12.104588] (orb_slam3_ros2_wrapper) StderrLine: {'line': b'                 from \x1b[01m\x1b[K/root/colcon_ws/src/orb_slam3_ros2_wrapper/include/orb_slam3_ros2_wrapper/type_conversion.hpp:10\x1b[m\x1b[K,\n'}
[12.105507] (orb_slam3_ros2_wrapper) StderrLine: {'line': b'                 from \x1b[01m\x1b[K/root/colcon_ws/src/orb_slam3_ros2_wrapper/src/type_conversion.cpp:7\x1b[m\x1b[K:\n'}
[12.106394] (orb_slam3_ros2_wrapper) StderrLine: {'line': b'\x1b[01m\x1b[K/usr/include/eigen3/Eigen/src/Core/util/Constants.h:167:37:\x1b[m\x1b[K \x1b[01;36m\x1b[Knote: \x1b[m\x1b[Kdeclared here\n'}
[12.107279] (orb_slam3_ros2_wrapper) StderrLine: {'line': b'  167 | EIGEN_DEPRECATED const unsigned int \x1b[01;36m\x1b[KAlignedBit\x1b[m\x1b[K = 0x80;\n'}
[12.108158] (orb_slam3_ros2_wrapper) StderrLine: {'line': b'      |                                     \x1b[01;36m\x1b[K^~~~~~~~~~\x1b[m\x1b[K\n'}
[12.167669] (-) TimerEvent: {}
[12.268003] (-) TimerEvent: {}
[12.368325] (-) TimerEvent: {}
[12.420833] (orb_slam3_ros2_wrapper) StderrLine: {'line': b'In file included from \x1b[01m\x1b[K/home/orb/ORB_SLAM3/Thirdparty/g2o/g2o/types/types_six_dof_expmap.h:37\x1b[m\x1b[K,\n'}
[12.421057] (orb_slam3_ros2_wrapper) StderrLine: {'line': b'                 from \x1b[01m\x1b[K/home/orb/ORB_SLAM3/include/Converter.h:26\x1b[m\x1b[K,\n'}
[12.421165] (orb_slam3_ros2_wrapper) StderrLine: {'line': b'                 from \x1b[01m\x1b[K/home/orb/ORB_SLAM3/include/Frame.h:33\x1b[m\x1b[K,\n'}
[12.421263] (orb_slam3_ros2_wrapper) StderrLine: {'line': b'                 from \x1b[01m\x1b[K/home/orb/ORB_SLAM3/include/KeyFrame.h:28\x1b[m\x1b[K,\n'}
[12.421354] (orb_slam3_ros2_wrapper) StderrLine: {'line': b'                 from \x1b[01m\x1b[K/home/orb/ORB_SLAM3/include/MapPoint.h:23\x1b[m\x1b[K,\n'}
[12.421443] (orb_slam3_ros2_wrapper) StderrLine: {'line': b'                 from \x1b[01m\x1b[K/root/colcon_ws/src/orb_slam3_ros2_wrapper/include/orb_slam3_ros2_wrapper/type_conversion.hpp:26\x1b[m\x1b[K,\n'}
[12.421535] (orb_slam3_ros2_wrapper) StderrLine: {'line': b'                 from \x1b[01m\x1b[K/root/colcon_ws/src/orb_slam3_ros2_wrapper/src/type_conversion.cpp:7\x1b[m\x1b[K:\n'}
[12.421626] (orb_slam3_ros2_wrapper) StderrLine: {'line': b'/home/orb/ORB_SLAM3/Thirdparty/g2o/g2o/types/../core/base_vertex.h: In instantiation of \xe2\x80\x98\x1b[01m\x1b[Kclass g2o::BaseVertex<7, g2o::Sim3>\x1b[m\x1b[K\xe2\x80\x99:\n'}
[12.421719] (orb_slam3_ros2_wrapper) StderrLine: {'line': b'\x1b[01m\x1b[K/home/orb/ORB_SLAM3/Thirdparty/g2o/g2o/types/types_seven_dof_expmap.h:48:35:\x1b[m\x1b[K   required from here\n'}
[12.421834] (orb_slam3_ros2_wrapper) StderrLine: {'line': b'\x1b[01m\x1b[K/home/orb/ORB_SLAM3/Thirdparty/g2o/g2o/types/../core/base_vertex.h:62:72:\x1b[m\x1b[K \x1b[01;35m\x1b[Kwarning: \x1b[m\x1b[K\xe2\x80\x98\x1b[01m\x1b[KEigen::AlignedBit\x1b[m\x1b[K\xe2\x80\x99 is deprecated [\x1b[01;35m\x1b[K-Wdeprecated-declarations\x1b[m\x1b[K]\n'}
[12.421928] (orb_slam3_ros2_wrapper) StderrLine: {'line': b'   62 |  Eigen::Map<Matrix<double, D, D>, Matrix<double,D,D>::\x1b[01;35m\x1b[KFlags & AlignedBit\x1b[m\x1b[K ? Aligned : Unaligned >  HessianBlockType;\n'}
[12.422017] (orb_slam3_ros2_wrapper) StderrLine: {'line': b'      |                                                       \x1b[01;35m\x1b[K~~~~~~^~~~~~~~~~~~\x1b[m\x1b[K\n'}
[12.422108] (orb_slam3_ros2_wrapper) StderrLine: {'line': b'\n'}
[12.425884] (orb_slam3_ros2_wrapper) StderrLine: {'line': b'In file included from \x1b[01m\x1b[K/usr/include/eigen3/Eigen/Core:161\x1b[m\x1b[K,\n'}
[12.426082] (orb_slam3_ros2_wrapper) StderrLine: {'line': b'                 from \x1b[01m\x1b[K/root/colcon_ws/src/orb_slam3_ros2_wrapper/include/orb_slam3_ros2_wrapper/type_conversion.hpp:10\x1b[m\x1b[K,\n'}
[12.426189] (orb_slam3_ros2_wrapper) StderrLine: {'line': b'                 from \x1b[01m\x1b[K/root/colcon_ws/src/orb_slam3_ros2_wrapper/src/type_conversion.cpp:7\x1b[m\x1b[K:\n'}
[12.426282] (orb_slam3_ros2_wrapper) StderrLine: {'line': b'\x1b[01m\x1b[K/usr/include/eigen3/Eigen/src/Core/util/Constants.h:167:37:\x1b[m\x1b[K \x1b[01;36m\x1b[Knote: \x1b[m\x1b[Kdeclared here\n'}
[12.426390] (orb_slam3_ros2_wrapper) StderrLine: {'line': b'  167 | EIGEN_DEPRECATED const unsigned int \x1b[01;36m\x1b[KAlignedBit\x1b[m\x1b[K = 0x80;\n'}
[12.426479] (orb_slam3_ros2_wrapper) StderrLine: {'line': b'      |                                     \x1b[01;36m\x1b[K^~~~~~~~~~\x1b[m\x1b[K\n'}
[12.468437] (-) TimerEvent: {}
[12.471953] (orb_slam3_ros2_wrapper) StderrLine: {'line': b'In file included from \x1b[01m\x1b[K/home/orb/ORB_SLAM3/Thirdparty/g2o/g2o/types/types_six_dof_expmap.h:38\x1b[m\x1b[K,\n'}
[12.472941] (orb_slam3_ros2_wrapper) StderrLine: {'line': b'                 from \x1b[01m\x1b[K/home/orb/ORB_SLAM3/include/Converter.h:26\x1b[m\x1b[K,\n'}
[12.473772] (orb_slam3_ros2_wrapper) StderrLine: {'line': b'                 from \x1b[01m\x1b[K/home/orb/ORB_SLAM3/include/Frame.h:33\x1b[m\x1b[K,\n'}
[12.473892] (orb_slam3_ros2_wrapper) StderrLine: {'line': b'                 from \x1b[01m\x1b[K/home/orb/ORB_SLAM3/include/KeyFrame.h:28\x1b[m\x1b[K,\n'}
[12.474002] (orb_slam3_ros2_wrapper) StderrLine: {'line': b'                 from \x1b[01m\x1b[K/home/orb/ORB_SLAM3/include/MapPoint.h:23\x1b[m\x1b[K,\n'}
[12.474090] (orb_slam3_ros2_wrapper) StderrLine: {'line': b'                 from \x1b[01m\x1b[K/root/colcon_ws/src/orb_slam3_ros2_wrapper/include/orb_slam3_ros2_wrapper/type_conversion.hpp:26\x1b[m\x1b[K,\n'}
[12.474180] (orb_slam3_ros2_wrapper) StderrLine: {'line': b'                 from \x1b[01m\x1b[K/root/colcon_ws/src/orb_slam3_ros2_wrapper/src/type_conversion.cpp:7\x1b[m\x1b[K:\n'}
[12.474284] (orb_slam3_ros2_wrapper) StderrLine: {'line': b'/home/orb/ORB_SLAM3/Thirdparty/g2o/g2o/types/../core/base_binary_edge.h: In instantiation of \xe2\x80\x98\x1b[01m\x1b[Kclass g2o::BaseBinaryEdge<7, g2o::Sim3, g2o::VertexSim3Expmap, g2o::VertexSim3Expmap>\x1b[m\x1b[K\xe2\x80\x99:\n'}
[12.474378] (orb_slam3_ros2_wrapper) StderrLine: {'line': b'\x1b[01m\x1b[K/home/orb/ORB_SLAM3/Thirdparty/g2o/g2o/types/types_seven_dof_expmap.h:99:27:\x1b[m\x1b[K   required from here\n'}
[12.474468] (orb_slam3_ros2_wrapper) StderrLine: {'line': b'\x1b[01m\x1b[K/home/orb/ORB_SLAM3/Thirdparty/g2o/g2o/types/../core/base_binary_edge.h:59:80:\x1b[m\x1b[K \x1b[01;35m\x1b[Kwarning: \x1b[m\x1b[K\xe2\x80\x98\x1b[01m\x1b[KEigen::AlignedBit\x1b[m\x1b[K\xe2\x80\x99 is deprecated [\x1b[01;35m\x1b[K-Wdeprecated-declarations\x1b[m\x1b[K]\n'}
[12.474559] (orb_slam3_ros2_wrapper) StderrLine: {'line': b'   59 | ::Map<Matrix<double, Di, Dj>, Matrix<double, Di, Dj>::\x1b[01;35m\x1b[KFlags & AlignedBit\x1b[m\x1b[K ? Aligned : Unaligned > HessianBlockType;\n'}
[12.474657] (orb_slam3_ros2_wrapper) StderrLine: {'line': b'      |                                                       \x1b[01;35m\x1b[K~~~~~~^~~~~~~~~~~~\x1b[m\x1b[K\n'}
[12.474764] (orb_slam3_ros2_wrapper) StderrLine: {'line': b'\n'}
[12.474877] (orb_slam3_ros2_wrapper) StderrLine: {'line': b'In file included from \x1b[01m\x1b[K/usr/include/eigen3/Eigen/Core:161\x1b[m\x1b[K,\n'}
[12.474969] (orb_slam3_ros2_wrapper) StderrLine: {'line': b'                 from \x1b[01m\x1b[K/root/colcon_ws/src/orb_slam3_ros2_wrapper/include/orb_slam3_ros2_wrapper/type_conversion.hpp:10\x1b[m\x1b[K,\n'}
[12.475060] (orb_slam3_ros2_wrapper) StderrLine: {'line': b'                 from \x1b[01m\x1b[K/root/colcon_ws/src/orb_slam3_ros2_wrapper/src/type_conversion.cpp:7\x1b[m\x1b[K:\n'}
[12.475151] (orb_slam3_ros2_wrapper) StderrLine: {'line': b'\x1b[01m\x1b[K/usr/include/eigen3/Eigen/src/Core/util/Constants.h:167:37:\x1b[m\x1b[K \x1b[01;36m\x1b[Knote: \x1b[m\x1b[Kdeclared here\n'}
[12.475243] (orb_slam3_ros2_wrapper) StderrLine: {'line': b'  167 | EIGEN_DEPRECATED const unsigned int \x1b[01;36m\x1b[KAlignedBit\x1b[m\x1b[K = 0x80;\n'}
[12.475333] (orb_slam3_ros2_wrapper) StderrLine: {'line': b'      |                                     \x1b[01;36m\x1b[K^~~~~~~~~~\x1b[m\x1b[K\n'}
[12.475422] (orb_slam3_ros2_wrapper) StderrLine: {'line': b'In file included from \x1b[01m\x1b[K/home/orb/ORB_SLAM3/Thirdparty/g2o/g2o/types/types_six_dof_expmap.h:38\x1b[m\x1b[K,\n'}
[12.475520] (orb_slam3_ros2_wrapper) StderrLine: {'line': b'                 from \x1b[01m\x1b[K/home/orb/ORB_SLAM3/include/Converter.h:26\x1b[m\x1b[K,\n'}
[12.475608] (orb_slam3_ros2_wrapper) StderrLine: {'line': b'                 from \x1b[01m\x1b[K/home/orb/ORB_SLAM3/include/Frame.h:33\x1b[m\x1b[K,\n'}
[12.475695] (orb_slam3_ros2_wrapper) StderrLine: {'line': b'                 from \x1b[01m\x1b[K/home/orb/ORB_SLAM3/include/KeyFrame.h:28\x1b[m\x1b[K,\n'}
[12.475801] (orb_slam3_ros2_wrapper) StderrLine: {'line': b'                 from \x1b[01m\x1b[K/home/orb/ORB_SLAM3/include/MapPoint.h:23\x1b[m\x1b[K,\n'}
[12.475908] (orb_slam3_ros2_wrapper) StderrLine: {'line': b'                 from \x1b[01m\x1b[K/root/colcon_ws/src/orb_slam3_ros2_wrapper/include/orb_slam3_ros2_wrapper/type_conversion.hpp:26\x1b[m\x1b[K,\n'}
[12.475994] (orb_slam3_ros2_wrapper) StderrLine: {'line': b'                 from \x1b[01m\x1b[K/root/colcon_ws/src/orb_slam3_ros2_wrapper/src/type_conversion.cpp:7\x1b[m\x1b[K:\n'}
[12.476081] (orb_slam3_ros2_wrapper) StderrLine: {'line': b'\x1b[01m\x1b[K/home/orb/ORB_SLAM3/Thirdparty/g2o/g2o/types/../core/base_binary_edge.h:60:80:\x1b[m\x1b[K \x1b[01;35m\x1b[Kwarning: \x1b[m\x1b[K\xe2\x80\x98\x1b[01m\x1b[KEigen::AlignedBit\x1b[m\x1b[K\xe2\x80\x99 is deprecated [\x1b[01;35m\x1b[K-Wdeprecated-declarations\x1b[m\x1b[K]\n'}
[12.476176] (orb_slam3_ros2_wrapper) StderrLine: {'line': b'   60 | ::Map<Matrix<double, Dj, Di>, Matrix<double, Dj, Di>::\x1b[01;35m\x1b[KFlags & AlignedBit\x1b[m\x1b[K ? Aligned : Unaligned > HessianBlockTransposedType;\n'}
[12.476270] (orb_slam3_ros2_wrapper) StderrLine: {'line': b'      |                                                       \x1b[01;35m\x1b[K~~~~~~^~~~~~~~~~~~\x1b[m\x1b[K\n'}
[12.476361] (orb_slam3_ros2_wrapper) StderrLine: {'line': b'\n'}
[12.476455] (orb_slam3_ros2_wrapper) StderrLine: {'line': b'In file included from \x1b[01m\x1b[K/usr/include/eigen3/Eigen/Core:161\x1b[m\x1b[K,\n'}
[12.476544] (orb_slam3_ros2_wrapper) StderrLine: {'line': b'                 from \x1b[01m\x1b[K/root/colcon_ws/src/orb_slam3_ros2_wrapper/include/orb_slam3_ros2_wrapper/type_conversion.hpp:10\x1b[m\x1b[K,\n'}
[12.476631] (orb_slam3_ros2_wrapper) StderrLine: {'line': b'                 from \x1b[01m\x1b[K/root/colcon_ws/src/orb_slam3_ros2_wrapper/src/type_conversion.cpp:7\x1b[m\x1b[K:\n'}
[12.476717] (orb_slam3_ros2_wrapper) StderrLine: {'line': b'\x1b[01m\x1b[K/usr/include/eigen3/Eigen/src/Core/util/Constants.h:167:37:\x1b[m\x1b[K \x1b[01;36m\x1b[Knote: \x1b[m\x1b[Kdeclared here\n'}
[12.490500] (orb_slam3_ros2_wrapper) StderrLine: {'line': b'  167 | EIGEN_DEPRECATED const unsigned int \x1b[01;36m\x1b[KAlignedBit\x1b[m\x1b[K = 0x80;\n'}
[12.490610] (orb_slam3_ros2_wrapper) StderrLine: {'line': b'      |                                     \x1b[01;36m\x1b[K^~~~~~~~~~\x1b[m\x1b[K\n'}
[12.546488] (orb_slam3_ros2_wrapper) StderrLine: {'line': b'In file included from \x1b[01m\x1b[K/home/orb/ORB_SLAM3/Thirdparty/g2o/g2o/types/types_six_dof_expmap.h:38\x1b[m\x1b[K,\n'}
[12.547489] (orb_slam3_ros2_wrapper) StderrLine: {'line': b'                 from \x1b[01m\x1b[K/home/orb/ORB_SLAM3/include/Converter.h:26\x1b[m\x1b[K,\n'}
[12.548381] (orb_slam3_ros2_wrapper) StderrLine: {'line': b'                 from \x1b[01m\x1b[K/home/orb/ORB_SLAM3/include/Frame.h:33\x1b[m\x1b[K,\n'}
[12.549223] (orb_slam3_ros2_wrapper) StderrLine: {'line': b'                 from \x1b[01m\x1b[K/home/orb/ORB_SLAM3/include/KeyFrame.h:28\x1b[m\x1b[K,\n'}
[12.550084] (orb_slam3_ros2_wrapper) StderrLine: {'line': b'                 from \x1b[01m\x1b[K/home/orb/ORB_SLAM3/include/MapPoint.h:23\x1b[m\x1b[K,\n'}
[12.550937] (orb_slam3_ros2_wrapper) StderrLine: {'line': b'                 from \x1b[01m\x1b[K/root/colcon_ws/src/orb_slam3_ros2_wrapper/include/orb_slam3_ros2_wrapper/type_conversion.hpp:26\x1b[m\x1b[K,\n'}
[12.551818] (orb_slam3_ros2_wrapper) StderrLine: {'line': b'                 from \x1b[01m\x1b[K/root/colcon_ws/src/orb_slam3_ros2_wrapper/src/type_conversion.cpp:7\x1b[m\x1b[K:\n'}
[12.552698] (orb_slam3_ros2_wrapper) StderrLine: {'line': b'/home/orb/ORB_SLAM3/Thirdparty/g2o/g2o/types/../core/base_binary_edge.h: In instantiation of \xe2\x80\x98\x1b[01m\x1b[Kclass g2o::BaseBinaryEdge<2, Eigen::Matrix<double, 2, 1>, g2o::VertexSBAPointXYZ, g2o::VertexSim3Expmap>\x1b[m\x1b[K\xe2\x80\x99:\n'}
[12.553576] (orb_slam3_ros2_wrapper) StderrLine: {'line': b'\x1b[01m\x1b[K/home/orb/ORB_SLAM3/Thirdparty/g2o/g2o/types/types_seven_dof_expmap.h:130:36:\x1b[m\x1b[K   required from here\n'}
[12.554458] (orb_slam3_ros2_wrapper) StderrLine: {'line': b'\x1b[01m\x1b[K/home/orb/ORB_SLAM3/Thirdparty/g2o/g2o/types/../core/base_binary_edge.h:59:80:\x1b[m\x1b[K \x1b[01;35m\x1b[Kwarning: \x1b[m\x1b[K\xe2\x80\x98\x1b[01m\x1b[KEigen::AlignedBit\x1b[m\x1b[K\xe2\x80\x99 is deprecated [\x1b[01;35m\x1b[K-Wdeprecated-declarations\x1b[m\x1b[K]\n'}
[12.555352] (orb_slam3_ros2_wrapper) StderrLine: {'line': b'   59 | ::Map<Matrix<double, Di, Dj>, Matrix<double, Di, Dj>::\x1b[01;35m\x1b[KFlags & AlignedBit\x1b[m\x1b[K ? Aligned : Unaligned > HessianBlockType;\n'}
[12.556355] (orb_slam3_ros2_wrapper) StderrLine: {'line': b'      |                                                       \x1b[01;35m\x1b[K~~~~~~^~~~~~~~~~~~\x1b[m\x1b[K\n'}
[12.557251] (orb_slam3_ros2_wrapper) StderrLine: {'line': b'\n'}
[12.558122] (orb_slam3_ros2_wrapper) StderrLine: {'line': b'In file included from \x1b[01m\x1b[K/usr/include/eigen3/Eigen/Core:161\x1b[m\x1b[K,\n'}
[12.558994] (orb_slam3_ros2_wrapper) StderrLine: {'line': b'                 from \x1b[01m\x1b[K/root/colcon_ws/src/orb_slam3_ros2_wrapper/include/orb_slam3_ros2_wrapper/type_conversion.hpp:10\x1b[m\x1b[K,\n'}
[12.559857] (orb_slam3_ros2_wrapper) StderrLine: {'line': b'                 from \x1b[01m\x1b[K/root/colcon_ws/src/orb_slam3_ros2_wrapper/src/type_conversion.cpp:7\x1b[m\x1b[K:\n'}
[12.560741] (orb_slam3_ros2_wrapper) StderrLine: {'line': b'\x1b[01m\x1b[K/usr/include/eigen3/Eigen/src/Core/util/Constants.h:167:37:\x1b[m\x1b[K \x1b[01;36m\x1b[Knote: \x1b[m\x1b[Kdeclared here\n'}
[12.561611] (orb_slam3_ros2_wrapper) StderrLine: {'line': b'  167 | EIGEN_DEPRECATED const unsigned int \x1b[01;36m\x1b[KAlignedBit\x1b[m\x1b[K = 0x80;\n'}
[12.562491] (orb_slam3_ros2_wrapper) StderrLine: {'line': b'      |                                     \x1b[01;36m\x1b[K^~~~~~~~~~\x1b[m\x1b[K\n'}
[12.568551] (-) TimerEvent: {}
[12.571887] (orb_slam3_ros2_wrapper) StderrLine: {'line': b'In file included from \x1b[01m\x1b[K/home/orb/ORB_SLAM3/Thirdparty/g2o/g2o/types/types_six_dof_expmap.h:38\x1b[m\x1b[K,\n'}
[12.572884] (orb_slam3_ros2_wrapper) StderrLine: {'line': b'                 from \x1b[01m\x1b[K/home/orb/ORB_SLAM3/include/Converter.h:26\x1b[m\x1b[K,\n'}
[12.573771] (orb_slam3_ros2_wrapper) StderrLine: {'line': b'                 from \x1b[01m\x1b[K/home/orb/ORB_SLAM3/include/Frame.h:33\x1b[m\x1b[K,\n'}
[12.574649] (orb_slam3_ros2_wrapper) StderrLine: {'line': b'                 from \x1b[01m\x1b[K/home/orb/ORB_SLAM3/include/KeyFrame.h:28\x1b[m\x1b[K,\n'}
[12.575532] (orb_slam3_ros2_wrapper) StderrLine: {'line': b'                 from \x1b[01m\x1b[K/home/orb/ORB_SLAM3/include/MapPoint.h:23\x1b[m\x1b[K,\n'}
[12.576406] (orb_slam3_ros2_wrapper) StderrLine: {'line': b'                 from \x1b[01m\x1b[K/root/colcon_ws/src/orb_slam3_ros2_wrapper/include/orb_slam3_ros2_wrapper/type_conversion.hpp:26\x1b[m\x1b[K,\n'}
[12.577273] (orb_slam3_ros2_wrapper) StderrLine: {'line': b'                 from \x1b[01m\x1b[K/root/colcon_ws/src/orb_slam3_ros2_wrapper/src/type_conversion.cpp:7\x1b[m\x1b[K:\n'}
[12.578131] (orb_slam3_ros2_wrapper) StderrLine: {'line': b'\x1b[01m\x1b[K/home/orb/ORB_SLAM3/Thirdparty/g2o/g2o/types/../core/base_binary_edge.h:60:80:\x1b[m\x1b[K \x1b[01;35m\x1b[Kwarning: \x1b[m\x1b[K\xe2\x80\x98\x1b[01m\x1b[KEigen::AlignedBit\x1b[m\x1b[K\xe2\x80\x99 is deprecated [\x1b[01;35m\x1b[K-Wdeprecated-declarations\x1b[m\x1b[K]\n'}
[12.579025] (orb_slam3_ros2_wrapper) StderrLine: {'line': b'   60 | ::Map<Matrix<double, Dj, Di>, Matrix<double, Dj, Di>::\x1b[01;35m\x1b[KFlags & AlignedBit\x1b[m\x1b[K ? Aligned : Unaligned > HessianBlockTransposedType;\n'}
[12.579915] (orb_slam3_ros2_wrapper) StderrLine: {'line': b'      |                                                       \x1b[01;35m\x1b[K~~~~~~^~~~~~~~~~~~\x1b[m\x1b[K\n'}
[12.580773] (orb_slam3_ros2_wrapper) StderrLine: {'line': b'\n'}
[12.581645] (orb_slam3_ros2_wrapper) StderrLine: {'line': b'In file included from \x1b[01m\x1b[K/usr/include/eigen3/Eigen/Core:161\x1b[m\x1b[K,\n'}
[12.582518] (orb_slam3_ros2_wrapper) StderrLine: {'line': b'                 from \x1b[01m\x1b[K/root/colcon_ws/src/orb_slam3_ros2_wrapper/include/orb_slam3_ros2_wrapper/type_conversion.hpp:10\x1b[m\x1b[K,\n'}
[12.583390] (orb_slam3_ros2_wrapper) StderrLine: {'line': b'                 from \x1b[01m\x1b[K/root/colcon_ws/src/orb_slam3_ros2_wrapper/src/type_conversion.cpp:7\x1b[m\x1b[K:\n'}
[12.584227] (orb_slam3_ros2_wrapper) StderrLine: {'line': b'\x1b[01m\x1b[K/usr/include/eigen3/Eigen/src/Core/util/Constants.h:167:37:\x1b[m\x1b[K \x1b[01;36m\x1b[Knote: \x1b[m\x1b[Kdeclared here\n'}
[12.585053] (orb_slam3_ros2_wrapper) StderrLine: {'line': b'  167 | EIGEN_DEPRECATED const unsigned int \x1b[01;36m\x1b[KAlignedBit\x1b[m\x1b[K = 0x80;\n'}
[12.585884] (orb_slam3_ros2_wrapper) StderrLine: {'line': b'      |                                     \x1b[01;36m\x1b[K^~~~~~~~~~\x1b[m\x1b[K\n'}
[12.668669] (-) TimerEvent: {}
[12.707064] (orb_slam3_ros2_wrapper) StderrLine: {'line': b'In file included from \x1b[01m\x1b[K/home/orb/ORB_SLAM3/include/Atlas.h:26\x1b[m\x1b[K,\n'}
[12.707449] (orb_slam3_ros2_wrapper) StderrLine: {'line': b'                 from \x1b[01m\x1b[K/home/orb/ORB_SLAM3/include/FrameDrawer.h:25\x1b[m\x1b[K,\n'}
[12.707551] (orb_slam3_ros2_wrapper) StderrLine: {'line': b'                 from \x1b[01m\x1b[K/home/orb/ORB_SLAM3/include/Viewer.h:23\x1b[m\x1b[K,\n'}
[12.707643] (orb_slam3_ros2_wrapper) StderrLine: {'line': b'                 from \x1b[01m\x1b[K/home/orb/ORB_SLAM3/include/Tracking.h:26\x1b[m\x1b[K,\n'}
[12.707742] (orb_slam3_ros2_wrapper) StderrLine: {'line': b'                 from \x1b[01m\x1b[K/home/orb/ORB_SLAM3/include/System.h:31\x1b[m\x1b[K,\n'}
[12.707841] (orb_slam3_ros2_wrapper) StderrLine: {'line': b'                 from \x1b[01m\x1b[K/root/colcon_ws/src/orb_slam3_ros2_wrapper/include/orb_slam3_ros2_wrapper/orb_slam3_interface.hpp:28\x1b[m\x1b[K,\n'}
[12.707931] (orb_slam3_ros2_wrapper) StderrLine: {'line': b'                 from \x1b[01m\x1b[K/root/colcon_ws/src/orb_slam3_ros2_wrapper/src/rgbd/rgbd-slam-node.hpp:38\x1b[m\x1b[K,\n'}
[12.708019] (orb_slam3_ros2_wrapper) StderrLine: {'line': b'                 from \x1b[01m\x1b[K/root/colcon_ws/src/orb_slam3_ros2_wrapper/src/rgbd/rgbd.cpp:7\x1b[m\x1b[K:\n'}
[12.708106] (orb_slam3_ros2_wrapper) StderrLine: {'line': b'\x1b[01m\x1b[K/home/orb/ORB_SLAM3/include/CameraModels/Pinhole.h:\x1b[m\x1b[K In member function \xe2\x80\x98\x1b[01m\x1b[Kvirtual bool ORB_SLAM3::Pinhole::matchAndtriangulate(const cv::KeyPoint&, const cv::KeyPoint&, ORB_SLAM3::GeometricCamera*, Sophus::SE3f&, Sophus::SE3f&, float, float, Eigen::Vector3f&)\x1b[m\x1b[K\xe2\x80\x99:\n'}
[12.708198] (orb_slam3_ros2_wrapper) StderrLine: {'line': b'\x1b[01m\x1b[K/home/orb/ORB_SLAM3/include/CameraModels/Pinhole.h:83:54:\x1b[m\x1b[K \x1b[01;35m\x1b[Kwarning: \x1b[m\x1b[Kunused parameter \xe2\x80\x98\x1b[01m\x1b[Kkp1\x1b[m\x1b[K\xe2\x80\x99 [\x1b[01;35m\x1b[K-Wunused-parameter\x1b[m\x1b[K]\n'}
[12.708299] (orb_slam3_ros2_wrapper) StderrLine: {'line': b'   83 |         bool matchAndtriangulate(\x1b[01;35m\x1b[Kconst cv::KeyPoint& kp1\x1b[m\x1b[K, const cv::KeyPoint& kp2, GeometricCamera* pOther,\n'}
[12.708389] (orb_slam3_ros2_wrapper) StderrLine: {'line': b'      |                                  \x1b[01;35m\x1b[K~~~~~~~~~~~~~~~~~~~~^~~\x1b[m\x1b[K\n'}
[12.708501] (orb_slam3_ros2_wrapper) StderrLine: {'line': b'\x1b[01m\x1b[K/home/orb/ORB_SLAM3/include/CameraModels/Pinhole.h:83:79:\x1b[m\x1b[K \x1b[01;35m\x1b[Kwarning: \x1b[m\x1b[Kunused parameter \xe2\x80\x98\x1b[01m\x1b[Kkp2\x1b[m\x1b[K\xe2\x80\x99 [\x1b[01;35m\x1b[K-Wunused-parameter\x1b[m\x1b[K]\n'}
[12.708809] (orb_slam3_ros2_wrapper) StderrLine: {'line': b'   83 |         bool matchAndtriangulate(const cv::KeyPoint& kp1, \x1b[01;35m\x1b[Kconst cv::KeyPoint& kp2\x1b[m\x1b[K, GeometricCamera* pOther,\n'}
[12.708919] (orb_slam3_ros2_wrapper) StderrLine: {'line': b'      |                                                           \x1b[01;35m\x1b[K~~~~~~~~~~~~~~~~~~~~^~~\x1b[m\x1b[K\n'}
[12.709219] (orb_slam3_ros2_wrapper) StderrLine: {'line': b'\x1b[01m\x1b[K/home/orb/ORB_SLAM3/include/CameraModels/Pinhole.h:83:101:\x1b[m\x1b[K \x1b[01;35m\x1b[Kwarning: \x1b[m\x1b[Kunused parameter \xe2\x80\x98\x1b[01m\x1b[KpOther\x1b[m\x1b[K\xe2\x80\x99 [\x1b[01;35m\x1b[K-Wunused-parameter\x1b[m\x1b[K]\n'}
[12.709325] (orb_slam3_ros2_wrapper) StderrLine: {'line': b'   83 |         bool matchAndtriangulate(const cv::KeyPoint& kp1, const cv::KeyPoint& kp2, \x1b[01;35m\x1b[KGeometricCamera* pOther\x1b[m\x1b[K,\n'}
[12.709537] (orb_slam3_ros2_wrapper) StderrLine: {'line': b'      |                                                                                    \x1b[01;35m\x1b[K~~~~~~~~~~~~~~~~~^~~~~~\x1b[m\x1b[K\n'}
[12.709633] (orb_slam3_ros2_wrapper) StderrLine: {'line': b'\x1b[01m\x1b[K/home/orb/ORB_SLAM3/include/CameraModels/Pinhole.h:84:48:\x1b[m\x1b[K \x1b[01;35m\x1b[Kwarning: \x1b[m\x1b[Kunused parameter \xe2\x80\x98\x1b[01m\x1b[KTcw1\x1b[m\x1b[K\xe2\x80\x99 [\x1b[01;35m\x1b[K-Wunused-parameter\x1b[m\x1b[K]\n'}
[12.709727] (orb_slam3_ros2_wrapper) StderrLine: {'line': b'   84 |                                  \x1b[01;35m\x1b[KSophus::SE3f& Tcw1\x1b[m\x1b[K, Sophus::SE3f& Tcw2,\n'}
[12.709828] (orb_slam3_ros2_wrapper) StderrLine: {'line': b'      |                                  \x1b[01;35m\x1b[K~~~~~~~~~~~~~~^~~~\x1b[m\x1b[K\n'}
[12.709915] (orb_slam3_ros2_wrapper) StderrLine: {'line': b'\x1b[01m\x1b[K/home/orb/ORB_SLAM3/include/CameraModels/Pinhole.h:84:68:\x1b[m\x1b[K \x1b[01;35m\x1b[Kwarning: \x1b[m\x1b[Kunused parameter \xe2\x80\x98\x1b[01m\x1b[KTcw2\x1b[m\x1b[K\xe2\x80\x99 [\x1b[01;35m\x1b[K-Wunused-parameter\x1b[m\x1b[K]\n'}
[12.710102] (orb_slam3_ros2_wrapper) StderrLine: {'line': b'   84 |                                  Sophus::SE3f& Tcw1, \x1b[01;35m\x1b[KSophus::SE3f& Tcw2\x1b[m\x1b[K,\n'}
[12.710191] (orb_slam3_ros2_wrapper) StderrLine: {'line': b'      |                                                      \x1b[01;35m\x1b[K~~~~~~~~~~~~~~^~~~\x1b[m\x1b[K\n'}
[12.710277] (orb_slam3_ros2_wrapper) StderrLine: {'line': b'\x1b[01m\x1b[K/home/orb/ORB_SLAM3/include/CameraModels/Pinhole.h:85:46:\x1b[m\x1b[K \x1b[01;35m\x1b[Kwarning: \x1b[m\x1b[Kunused parameter \xe2\x80\x98\x1b[01m\x1b[KsigmaLevel1\x1b[m\x1b[K\xe2\x80\x99 [\x1b[01;35m\x1b[K-Wunused-parameter\x1b[m\x1b[K]\n'}
[12.710365] (orb_slam3_ros2_wrapper) StderrLine: {'line': b'   85 |                                  \x1b[01;35m\x1b[Kconst float sigmaLevel1\x1b[m\x1b[K, const float sigmaLevel2,\n'}
[12.710452] (orb_slam3_ros2_wrapper) StderrLine: {'line': b'      |                                  \x1b[01;35m\x1b[K~~~~~~~~~~~~^~~~~~~~~~~\x1b[m\x1b[K\n'}
[12.710540] (orb_slam3_ros2_wrapper) StderrLine: {'line': b'\x1b[01m\x1b[K/home/orb/ORB_SLAM3/include/CameraModels/Pinhole.h:85:71:\x1b[m\x1b[K \x1b[01;35m\x1b[Kwarning: \x1b[m\x1b[Kunused parameter \xe2\x80\x98\x1b[01m\x1b[KsigmaLevel2\x1b[m\x1b[K\xe2\x80\x99 [\x1b[01;35m\x1b[K-Wunused-parameter\x1b[m\x1b[K]\n'}
[12.710627] (orb_slam3_ros2_wrapper) StderrLine: {'line': b'   85 |                                  const float sigmaLevel1, \x1b[01;35m\x1b[Kconst float sigmaLevel2\x1b[m\x1b[K,\n'}
[12.710714] (orb_slam3_ros2_wrapper) StderrLine: {'line': b'      |                                                           \x1b[01;35m\x1b[K~~~~~~~~~~~~^~~~~~~~~~~\x1b[m\x1b[K\n'}
[12.710830] (orb_slam3_ros2_wrapper) StderrLine: {'line': b'\x1b[01m\x1b[K/home/orb/ORB_SLAM3/include/CameraModels/Pinhole.h:86:51:\x1b[m\x1b[K \x1b[01;35m\x1b[Kwarning: \x1b[m\x1b[Kunused parameter \xe2\x80\x98\x1b[01m\x1b[Kx3Dtriangulated\x1b[m\x1b[K\xe2\x80\x99 [\x1b[01;35m\x1b[K-Wunused-parameter\x1b[m\x1b[K]\n'}
[12.710932] (orb_slam3_ros2_wrapper) StderrLine: {'line': b'   86 |                                  \x1b[01;35m\x1b[KEigen::Vector3f& x3Dtriangulated\x1b[m\x1b[K) { return false;}\n'}
[12.711019] (orb_slam3_ros2_wrapper) StderrLine: {'line': b'      |                                  \x1b[01;35m\x1b[K~~~~~~~~~~~~~~~~~^~~~~~~~~~~~~~~\x1b[m\x1b[K\n'}
[12.711105] (orb_slam3_ros2_wrapper) StderrLine: {'line': b'In file included from \x1b[01m\x1b[K/home/orb/ORB_SLAM3/include/Atlas.h:27\x1b[m\x1b[K,\n'}
[12.711192] (orb_slam3_ros2_wrapper) StderrLine: {'line': b'                 from \x1b[01m\x1b[K/home/orb/ORB_SLAM3/include/FrameDrawer.h:25\x1b[m\x1b[K,\n'}
[12.711278] (orb_slam3_ros2_wrapper) StderrLine: {'line': b'                 from \x1b[01m\x1b[K/home/orb/ORB_SLAM3/include/Viewer.h:23\x1b[m\x1b[K,\n'}
[12.711363] (orb_slam3_ros2_wrapper) StderrLine: {'line': b'                 from \x1b[01m\x1b[K/home/orb/ORB_SLAM3/include/Tracking.h:26\x1b[m\x1b[K,\n'}
[12.711448] (orb_slam3_ros2_wrapper) StderrLine: {'line': b'                 from \x1b[01m\x1b[K/home/orb/ORB_SLAM3/include/System.h:31\x1b[m\x1b[K,\n'}
[12.711534] (orb_slam3_ros2_wrapper) StderrLine: {'line': b'                 from \x1b[01m\x1b[K/root/colcon_ws/src/orb_slam3_ros2_wrapper/include/orb_slam3_ros2_wrapper/orb_slam3_interface.hpp:28\x1b[m\x1b[K,\n'}
[12.711620] (orb_slam3_ros2_wrapper) StderrLine: {'line': b'                 from \x1b[01m\x1b[K/root/colcon_ws/src/orb_slam3_ros2_wrapper/src/rgbd/rgbd-slam-node.hpp:38\x1b[m\x1b[K,\n'}
[12.711708] (orb_slam3_ros2_wrapper) StderrLine: {'line': b'                 from \x1b[01m\x1b[K/root/colcon_ws/src/orb_slam3_ros2_wrapper/src/rgbd/rgbd.cpp:7\x1b[m\x1b[K:\n'}
[12.712281] (orb_slam3_ros2_wrapper) StderrLine: {'line': b'\x1b[01m\x1b[K/home/orb/ORB_SLAM3/include/CameraModels/KannalaBrandt8.h:\x1b[m\x1b[K In constructor \xe2\x80\x98\x1b[01m\x1b[KORB_SLAM3::KannalaBrandt8::KannalaBrandt8(std::vector<float>)\x1b[m\x1b[K\xe2\x80\x99:\n'}
[12.715406] (orb_slam3_ros2_wrapper) StderrLine: {'line': b'\x1b[01m\x1b[K/home/orb/ORB_SLAM3/include/CameraModels/KannalaBrandt8.h:102:21:\x1b[m\x1b[K \x1b[01;35m\x1b[Kwarning: \x1b[m\x1b[K\xe2\x80\x98\x1b[01m\x1b[KORB_SLAM3::KannalaBrandt8::precision\x1b[m\x1b[K\xe2\x80\x99 will be initialized after [\x1b[01;35m\x1b[K-Wreorder\x1b[m\x1b[K]\n'}
[12.715636] (orb_slam3_ros2_wrapper) StderrLine: {'line': b'  102 |         const float \x1b[01;35m\x1b[Kprecision\x1b[m\x1b[K;\n'}
[12.715745] (orb_slam3_ros2_wrapper) StderrLine: {'line': b'      |                     \x1b[01;35m\x1b[K^~~~~~~~~\x1b[m\x1b[K\n'}
[12.715846] (orb_slam3_ros2_wrapper) StderrLine: {'line': b'\x1b[01m\x1b[K/home/orb/ORB_SLAM3/include/CameraModels/KannalaBrandt8.h:88:26:\x1b[m\x1b[K \x1b[01;35m\x1b[Kwarning: \x1b[m\x1b[K  \xe2\x80\x98\x1b[01m\x1b[Kstd::vector<int> ORB_SLAM3::KannalaBrandt8::mvLappingArea\x1b[m\x1b[K\xe2\x80\x99 [\x1b[01;35m\x1b[K-Wreorder\x1b[m\x1b[K]\n'}
[12.715947] (orb_slam3_ros2_wrapper) StderrLine: {'line': b'   88 |         std::vector<int> \x1b[01;35m\x1b[KmvLappingArea\x1b[m\x1b[K;\n'}
[12.716035] (orb_slam3_ros2_wrapper) StderrLine: {'line': b'      |                          \x1b[01;35m\x1b[K^~~~~~~~~~~~~\x1b[m\x1b[K\n'}
[12.716123] (orb_slam3_ros2_wrapper) StderrLine: {'line': b'In file included from \x1b[01m\x1b[K/home/orb/ORB_SLAM3/include/Atlas.h:27\x1b[m\x1b[K,\n'}
[12.716210] (orb_slam3_ros2_wrapper) StderrLine: {'line': b'                 from \x1b[01m\x1b[K/home/orb/ORB_SLAM3/include/FrameDrawer.h:25\x1b[m\x1b[K,\n'}
[12.716296] (orb_slam3_ros2_wrapper) StderrLine: {'line': b'                 from \x1b[01m\x1b[K/home/orb/ORB_SLAM3/include/Viewer.h:23\x1b[m\x1b[K,\n'}
[12.716381] (orb_slam3_ros2_wrapper) StderrLine: {'line': b'                 from \x1b[01m\x1b[K/home/orb/ORB_SLAM3/include/Tracking.h:26\x1b[m\x1b[K,\n'}
[12.716466] (orb_slam3_ros2_wrapper) StderrLine: {'line': b'                 from \x1b[01m\x1b[K/home/orb/ORB_SLAM3/include/System.h:31\x1b[m\x1b[K,\n'}
[12.716550] (orb_slam3_ros2_wrapper) StderrLine: {'line': b'                 from \x1b[01m\x1b[K/root/colcon_ws/src/orb_slam3_ros2_wrapper/include/orb_slam3_ros2_wrapper/orb_slam3_interface.hpp:28\x1b[m\x1b[K,\n'}
[12.716652] (orb_slam3_ros2_wrapper) StderrLine: {'line': b'                 from \x1b[01m\x1b[K/root/colcon_ws/src/orb_slam3_ros2_wrapper/src/rgbd/rgbd-slam-node.hpp:38\x1b[m\x1b[K,\n'}
[12.716745] (orb_slam3_ros2_wrapper) StderrLine: {'line': b'                 from \x1b[01m\x1b[K/root/colcon_ws/src/orb_slam3_ros2_wrapper/src/rgbd/rgbd.cpp:7\x1b[m\x1b[K:\n'}
[12.716842] (orb_slam3_ros2_wrapper) StderrLine: {'line': b'\x1b[01m\x1b[K/home/orb/ORB_SLAM3/include/CameraModels/KannalaBrandt8.h:47:9:\x1b[m\x1b[K \x1b[01;35m\x1b[Kwarning: \x1b[m\x1b[K  when initialized here [\x1b[01;35m\x1b[K-Wreorder\x1b[m\x1b[K]\n'}
[12.716930] (orb_slam3_ros2_wrapper) StderrLine: {'line': b'   47 |         \x1b[01;35m\x1b[KKannalaBrandt8\x1b[m\x1b[K(const std::vector<float> _vParameters) : GeometricCamera(_vParameters), precision(1e-6), mvLappingArea(2,0) ,tvr(nullptr) {\n'}
[12.717018] (orb_slam3_ros2_wrapper) StderrLine: {'line': b'      |         \x1b[01;35m\x1b[K^~~~~~~~~~~~~~\x1b[m\x1b[K\n'}
[12.717105] (orb_slam3_ros2_wrapper) StderrLine: {'line': b'In file included from \x1b[01m\x1b[K/home/orb/ORB_SLAM3/include/Atlas.h:27\x1b[m\x1b[K,\n'}
[12.717192] (orb_slam3_ros2_wrapper) StderrLine: {'line': b'                 from \x1b[01m\x1b[K/home/orb/ORB_SLAM3/include/FrameDrawer.h:25\x1b[m\x1b[K,\n'}
[12.717277] (orb_slam3_ros2_wrapper) StderrLine: {'line': b'                 from \x1b[01m\x1b[K/home/orb/ORB_SLAM3/include/Viewer.h:23\x1b[m\x1b[K,\n'}
[12.717362] (orb_slam3_ros2_wrapper) StderrLine: {'line': b'                 from \x1b[01m\x1b[K/home/orb/ORB_SLAM3/include/Tracking.h:26\x1b[m\x1b[K,\n'}
[12.717446] (orb_slam3_ros2_wrapper) StderrLine: {'line': b'                 from \x1b[01m\x1b[K/home/orb/ORB_SLAM3/include/System.h:31\x1b[m\x1b[K,\n'}
[12.717530] (orb_slam3_ros2_wrapper) StderrLine: {'line': b'                 from \x1b[01m\x1b[K/root/colcon_ws/src/orb_slam3_ros2_wrapper/include/orb_slam3_ros2_wrapper/orb_slam3_interface.hpp:28\x1b[m\x1b[K,\n'}
[12.717615] (orb_slam3_ros2_wrapper) StderrLine: {'line': b'                 from \x1b[01m\x1b[K/root/colcon_ws/src/orb_slam3_ros2_wrapper/src/rgbd/rgbd-slam-node.hpp:38\x1b[m\x1b[K,\n'}
[12.717699] (orb_slam3_ros2_wrapper) StderrLine: {'line': b'                 from \x1b[01m\x1b[K/root/colcon_ws/src/orb_slam3_ros2_wrapper/src/rgbd/rgbd.cpp:7\x1b[m\x1b[K:\n'}
[12.717797] (orb_slam3_ros2_wrapper) StderrLine: {'line': b'\x1b[01m\x1b[K/home/orb/ORB_SLAM3/include/CameraModels/KannalaBrandt8.h:\x1b[m\x1b[K In constructor \xe2\x80\x98\x1b[01m\x1b[KORB_SLAM3::KannalaBrandt8::KannalaBrandt8(std::vector<float>, float)\x1b[m\x1b[K\xe2\x80\x99:\n'}
[12.717886] (orb_slam3_ros2_wrapper) StderrLine: {'line': b'\x1b[01m\x1b[K/home/orb/ORB_SLAM3/include/CameraModels/KannalaBrandt8.h:102:21:\x1b[m\x1b[K \x1b[01;35m\x1b[Kwarning: \x1b[m\x1b[K\xe2\x80\x98\x1b[01m\x1b[KORB_SLAM3::KannalaBrandt8::precision\x1b[m\x1b[K\xe2\x80\x99 will be initialized after [\x1b[01;35m\x1b[K-Wreorder\x1b[m\x1b[K]\n'}
[12.717978] (orb_slam3_ros2_wrapper) StderrLine: {'line': b'  102 |         const float \x1b[01;35m\x1b[Kprecision\x1b[m\x1b[K;\n'}
[12.718071] (orb_slam3_ros2_wrapper) StderrLine: {'line': b'      |                     \x1b[01;35m\x1b[K^~~~~~~~~\x1b[m\x1b[K\n'}
[12.718158] (orb_slam3_ros2_wrapper) StderrLine: {'line': b'\x1b[01m\x1b[K/home/orb/ORB_SLAM3/include/CameraModels/KannalaBrandt8.h:88:26:\x1b[m\x1b[K \x1b[01;35m\x1b[Kwarning: \x1b[m\x1b[K  \xe2\x80\x98\x1b[01m\x1b[Kstd::vector<int> ORB_SLAM3::KannalaBrandt8::mvLappingArea\x1b[m\x1b[K\xe2\x80\x99 [\x1b[01;35m\x1b[K-Wreorder\x1b[m\x1b[K]\n'}
[12.718246] (orb_slam3_ros2_wrapper) StderrLine: {'line': b'   88 |         std::vector<int> \x1b[01;35m\x1b[KmvLappingArea\x1b[m\x1b[K;\n'}
[12.718331] (orb_slam3_ros2_wrapper) StderrLine: {'line': b'      |                          \x1b[01;35m\x1b[K^~~~~~~~~~~~~\x1b[m\x1b[K\n'}
[12.718416] (orb_slam3_ros2_wrapper) StderrLine: {'line': b'\x1b[01m\x1b[K/home/orb/ORB_SLAM3/include/CameraModels/KannalaBrandt8.h:53:9:\x1b[m\x1b[K \x1b[01;35m\x1b[Kwarning: \x1b[m\x1b[K  when initialized here [\x1b[01;35m\x1b[K-Wreorder\x1b[m\x1b[K]\n'}
[12.718514] (orb_slam3_ros2_wrapper) StderrLine: {'line': b'   53 |         \x1b[01;35m\x1b[KKannalaBrandt8\x1b[m\x1b[K(const std::vector<float> _vParameters, const float _precision) : GeometricCamera(_vParameters),\n'}
[12.718601] (orb_slam3_ros2_wrapper) StderrLine: {'line': b'      |         \x1b[01;35m\x1b[K^~~~~~~~~~~~~~\x1b[m\x1b[K\n'}
[12.718686] (orb_slam3_ros2_wrapper) StderrLine: {'line': b'\x1b[01m\x1b[K/home/orb/ORB_SLAM3/include/CameraModels/KannalaBrandt8.h:\x1b[m\x1b[K In constructor \xe2\x80\x98\x1b[01m\x1b[KORB_SLAM3::KannalaBrandt8::KannalaBrandt8(ORB_SLAM3::KannalaBrandt8*)\x1b[m\x1b[K\xe2\x80\x99:\n'}
[12.718793] (orb_slam3_ros2_wrapper) StderrLine: {'line': b'\x1b[01m\x1b[K/home/orb/ORB_SLAM3/include/CameraModels/KannalaBrandt8.h:102:21:\x1b[m\x1b[K \x1b[01;35m\x1b[Kwarning: \x1b[m\x1b[K\xe2\x80\x98\x1b[01m\x1b[KORB_SLAM3::KannalaBrandt8::precision\x1b[m\x1b[K\xe2\x80\x99 will be initialized after [\x1b[01;35m\x1b[K-Wreorder\x1b[m\x1b[K]\n'}
[12.718883] (orb_slam3_ros2_wrapper) StderrLine: {'line': b'  102 |         const float \x1b[01;35m\x1b[Kprecision\x1b[m\x1b[K;\n'}
[12.718972] (orb_slam3_ros2_wrapper) StderrLine: {'line': b'      |                     \x1b[01;35m\x1b[K^~~~~~~~~\x1b[m\x1b[K\n'}
[12.719057] (orb_slam3_ros2_wrapper) StderrLine: {'line': b'\x1b[01m\x1b[K/home/orb/ORB_SLAM3/include/CameraModels/KannalaBrandt8.h:88:26:\x1b[m\x1b[K \x1b[01;35m\x1b[Kwarning: \x1b[m\x1b[K  \xe2\x80\x98\x1b[01m\x1b[Kstd::vector<int> ORB_SLAM3::KannalaBrandt8::mvLappingArea\x1b[m\x1b[K\xe2\x80\x99 [\x1b[01;35m\x1b[K-Wreorder\x1b[m\x1b[K]\n'}
[12.719144] (orb_slam3_ros2_wrapper) StderrLine: {'line': b'   88 |         std::vector<int> \x1b[01;35m\x1b[KmvLappingArea\x1b[m\x1b[K;\n'}
[12.719238] (orb_slam3_ros2_wrapper) StderrLine: {'line': b'      |                          \x1b[01;35m\x1b[K^~~~~~~~~~~~~\x1b[m\x1b[K\n'}
[12.719323] (orb_slam3_ros2_wrapper) StderrLine: {'line': b'\x1b[01m\x1b[K/home/orb/ORB_SLAM3/include/CameraModels/KannalaBrandt8.h:59:9:\x1b[m\x1b[K \x1b[01;35m\x1b[Kwarning: \x1b[m\x1b[K  when initialized here [\x1b[01;35m\x1b[K-Wreorder\x1b[m\x1b[K]\n'}
[12.719410] (orb_slam3_ros2_wrapper) StderrLine: {'line': b'   59 |         \x1b[01;35m\x1b[KKannalaBrandt8\x1b[m\x1b[K(KannalaBrandt8* pKannala) : GeometricCamera(pKannala->mvParameters), precision(pKannala->precision), mvLappingArea(2,0) ,tvr(nullptr) {\n'}
[12.719495] (orb_slam3_ros2_wrapper) StderrLine: {'line': b'      |         \x1b[01;35m\x1b[K^~~~~~~~~~~~~~\x1b[m\x1b[K\n'}
[12.768788] (-) TimerEvent: {}
[12.808747] (orb_slam3_ros2_wrapper) StderrLine: {'line': b'In file included from \x1b[01m\x1b[K/home/orb/ORB_SLAM3/include/Atlas.h:26\x1b[m\x1b[K,\n'}
[12.809152] (orb_slam3_ros2_wrapper) StderrLine: {'line': b'                 from \x1b[01m\x1b[K/home/orb/ORB_SLAM3/include/FrameDrawer.h:25\x1b[m\x1b[K,\n'}
[12.809288] (orb_slam3_ros2_wrapper) StderrLine: {'line': b'                 from \x1b[01m\x1b[K/home/orb/ORB_SLAM3/include/Viewer.h:23\x1b[m\x1b[K,\n'}
[12.809411] (orb_slam3_ros2_wrapper) StderrLine: {'line': b'                 from \x1b[01m\x1b[K/home/orb/ORB_SLAM3/include/Tracking.h:26\x1b[m\x1b[K,\n'}
[12.809513] (orb_slam3_ros2_wrapper) StderrLine: {'line': b'                 from \x1b[01m\x1b[K/home/orb/ORB_SLAM3/include/System.h:31\x1b[m\x1b[K,\n'}
[12.809614] (orb_slam3_ros2_wrapper) StderrLine: {'line': b'                 from \x1b[01m\x1b[K/root/colcon_ws/src/orb_slam3_ros2_wrapper/include/orb_slam3_ros2_wrapper/orb_slam3_interface.hpp:28\x1b[m\x1b[K,\n'}
[12.809716] (orb_slam3_ros2_wrapper) StderrLine: {'line': b'                 from \x1b[01m\x1b[K/root/colcon_ws/src/orb_slam3_ros2_wrapper/src/rgbd/rgbd-slam-node.hpp:38\x1b[m\x1b[K,\n'}
[12.809830] (orb_slam3_ros2_wrapper) StderrLine: {'line': b'                 from \x1b[01m\x1b[K/root/colcon_ws/src/orb_slam3_ros2_wrapper/src/rgbd/rgbd-slam-node.cpp:6\x1b[m\x1b[K:\n'}
[12.809930] (orb_slam3_ros2_wrapper) StderrLine: {'line': b'\x1b[01m\x1b[K/home/orb/ORB_SLAM3/include/CameraModels/Pinhole.h:\x1b[m\x1b[K In member function \xe2\x80\x98\x1b[01m\x1b[Kvirtual bool ORB_SLAM3::Pinhole::matchAndtriangulate(const cv::KeyPoint&, const cv::KeyPoint&, ORB_SLAM3::GeometricCamera*, Sophus::SE3f&, Sophus::SE3f&, float, float, Eigen::Vector3f&)\x1b[m\x1b[K\xe2\x80\x99:\n'}
[12.810043] (orb_slam3_ros2_wrapper) StderrLine: {'line': b'\x1b[01m\x1b[K/home/orb/ORB_SLAM3/include/CameraModels/Pinhole.h:83:54:\x1b[m\x1b[K \x1b[01;35m\x1b[Kwarning: \x1b[m\x1b[Kunused parameter \xe2\x80\x98\x1b[01m\x1b[Kkp1\x1b[m\x1b[K\xe2\x80\x99 [\x1b[01;35m\x1b[K-Wunused-parameter\x1b[m\x1b[K]\n'}
[12.810144] (orb_slam3_ros2_wrapper) StderrLine: {'line': b'   83 |         bool matchAndtriangulate(\x1b[01;35m\x1b[Kconst cv::KeyPoint& kp1\x1b[m\x1b[K, const cv::KeyPoint& kp2, GeometricCamera* pOther,\n'}
[12.810242] (orb_slam3_ros2_wrapper) StderrLine: {'line': b'      |                                  \x1b[01;35m\x1b[K~~~~~~~~~~~~~~~~~~~~^~~\x1b[m\x1b[K\n'}
[12.810339] (orb_slam3_ros2_wrapper) StderrLine: {'line': b'\x1b[01m\x1b[K/home/orb/ORB_SLAM3/include/CameraModels/Pinhole.h:83:79:\x1b[m\x1b[K \x1b[01;35m\x1b[Kwarning: \x1b[m\x1b[Kunused parameter \xe2\x80\x98\x1b[01m\x1b[Kkp2\x1b[m\x1b[K\xe2\x80\x99 [\x1b[01;35m\x1b[K-Wunused-parameter\x1b[m\x1b[K]\n'}
[12.810434] (orb_slam3_ros2_wrapper) StderrLine: {'line': b'   83 |         bool matchAndtriangulate(const cv::KeyPoint& kp1, \x1b[01;35m\x1b[Kconst cv::KeyPoint& kp2\x1b[m\x1b[K, GeometricCamera* pOther,\n'}
[12.810533] (orb_slam3_ros2_wrapper) StderrLine: {'line': b'      |                                                           \x1b[01;35m\x1b[K~~~~~~~~~~~~~~~~~~~~^~~\x1b[m\x1b[K\n'}
[12.810635] (orb_slam3_ros2_wrapper) StderrLine: {'line': b'\x1b[01m\x1b[K/home/orb/ORB_SLAM3/include/CameraModels/Pinhole.h:83:101:\x1b[m\x1b[K \x1b[01;35m\x1b[Kwarning: \x1b[m\x1b[Kunused parameter \xe2\x80\x98\x1b[01m\x1b[KpOther\x1b[m\x1b[K\xe2\x80\x99 [\x1b[01;35m\x1b[K-Wunused-parameter\x1b[m\x1b[K]\n'}
[12.810743] (orb_slam3_ros2_wrapper) StderrLine: {'line': b'   83 |         bool matchAndtriangulate(const cv::KeyPoint& kp1, const cv::KeyPoint& kp2, \x1b[01;35m\x1b[KGeometricCamera* pOther\x1b[m\x1b[K,\n'}
[12.810853] (orb_slam3_ros2_wrapper) StderrLine: {'line': b'      |                                                                                    \x1b[01;35m\x1b[K~~~~~~~~~~~~~~~~~^~~~~~\x1b[m\x1b[K\n'}
[12.813165] (orb_slam3_ros2_wrapper) StderrLine: {'line': b'\x1b[01m\x1b[K/home/orb/ORB_SLAM3/include/CameraModels/Pinhole.h:84:48:\x1b[m\x1b[K \x1b[01;35m\x1b[Kwarning: \x1b[m\x1b[Kunused parameter \xe2\x80\x98\x1b[01m\x1b[KTcw1\x1b[m\x1b[K\xe2\x80\x99 [\x1b[01;35m\x1b[K-Wunused-parameter\x1b[m\x1b[K]\n'}
[12.813354] (orb_slam3_ros2_wrapper) StderrLine: {'line': b'   84 |                                  \x1b[01;35m\x1b[KSophus::SE3f& Tcw1\x1b[m\x1b[K, Sophus::SE3f& Tcw2,\n'}
[12.813473] (orb_slam3_ros2_wrapper) StderrLine: {'line': b'      |                                  \x1b[01;35m\x1b[K~~~~~~~~~~~~~~^~~~\x1b[m\x1b[K\n'}
[12.813620] (orb_slam3_ros2_wrapper) StderrLine: {'line': b'\x1b[01m\x1b[K/home/orb/ORB_SLAM3/include/CameraModels/Pinhole.h:84:68:\x1b[m\x1b[K \x1b[01;35m\x1b[Kwarning: \x1b[m\x1b[Kunused parameter \xe2\x80\x98\x1b[01m\x1b[KTcw2\x1b[m\x1b[K\xe2\x80\x99 [\x1b[01;35m\x1b[K-Wunused-parameter\x1b[m\x1b[K]\n'}
[12.813914] (orb_slam3_ros2_wrapper) StderrLine: {'line': b'   84 |                                  Sophus::SE3f& Tcw1, \x1b[01;35m\x1b[KSophus::SE3f& Tcw2\x1b[m\x1b[K,\n'}
[12.814020] (orb_slam3_ros2_wrapper) StderrLine: {'line': b'      |                                                      \x1b[01;35m\x1b[K~~~~~~~~~~~~~~^~~~\x1b[m\x1b[K\n'}
[12.814121] (orb_slam3_ros2_wrapper) StderrLine: {'line': b'\x1b[01m\x1b[K/home/orb/ORB_SLAM3/include/CameraModels/Pinhole.h:85:46:\x1b[m\x1b[K \x1b[01;35m\x1b[Kwarning: \x1b[m\x1b[Kunused parameter \xe2\x80\x98\x1b[01m\x1b[KsigmaLevel1\x1b[m\x1b[K\xe2\x80\x99 [\x1b[01;35m\x1b[K-Wunused-parameter\x1b[m\x1b[K]\n'}
[12.814219] (orb_slam3_ros2_wrapper) StderrLine: {'line': b'   85 |                                  \x1b[01;35m\x1b[Kconst float sigmaLevel1\x1b[m\x1b[K, const float sigmaLevel2,\n'}
[12.814483] (orb_slam3_ros2_wrapper) StderrLine: {'line': b'      |                                  \x1b[01;35m\x1b[K~~~~~~~~~~~~^~~~~~~~~~~\x1b[m\x1b[K\n'}
[12.814580] (orb_slam3_ros2_wrapper) StderrLine: {'line': b'\x1b[01m\x1b[K/home/orb/ORB_SLAM3/include/CameraModels/Pinhole.h:85:71:\x1b[m\x1b[K \x1b[01;35m\x1b[Kwarning: \x1b[m\x1b[Kunused parameter \xe2\x80\x98\x1b[01m\x1b[KsigmaLevel2\x1b[m\x1b[K\xe2\x80\x99 [\x1b[01;35m\x1b[K-Wunused-parameter\x1b[m\x1b[K]\n'}
[12.814812] (orb_slam3_ros2_wrapper) StderrLine: {'line': b'   85 |                                  const float sigmaLevel1, \x1b[01;35m\x1b[Kconst float sigmaLevel2\x1b[m\x1b[K,\n'}
[12.814940] (orb_slam3_ros2_wrapper) StderrLine: {'line': b'      |                                                           \x1b[01;35m\x1b[K~~~~~~~~~~~~^~~~~~~~~~~\x1b[m\x1b[K\n'}
[12.815044] (orb_slam3_ros2_wrapper) StderrLine: {'line': b'\x1b[01m\x1b[K/home/orb/ORB_SLAM3/include/CameraModels/Pinhole.h:86:51:\x1b[m\x1b[K \x1b[01;35m\x1b[Kwarning: \x1b[m\x1b[Kunused parameter \xe2\x80\x98\x1b[01m\x1b[Kx3Dtriangulated\x1b[m\x1b[K\xe2\x80\x99 [\x1b[01;35m\x1b[K-Wunused-parameter\x1b[m\x1b[K]\n'}
[12.815147] (orb_slam3_ros2_wrapper) StderrLine: {'line': b'   86 |                                  \x1b[01;35m\x1b[KEigen::Vector3f& x3Dtriangulated\x1b[m\x1b[K) { return false;}\n'}
[12.815249] (orb_slam3_ros2_wrapper) StderrLine: {'line': b'      |                                  \x1b[01;35m\x1b[K~~~~~~~~~~~~~~~~~^~~~~~~~~~~~~~~\x1b[m\x1b[K\n'}
[12.815349] (orb_slam3_ros2_wrapper) StderrLine: {'line': b'In file included from \x1b[01m\x1b[K/home/orb/ORB_SLAM3/include/Atlas.h:27\x1b[m\x1b[K,\n'}
[12.815447] (orb_slam3_ros2_wrapper) StderrLine: {'line': b'                 from \x1b[01m\x1b[K/home/orb/ORB_SLAM3/include/FrameDrawer.h:25\x1b[m\x1b[K,\n'}
[12.815558] (orb_slam3_ros2_wrapper) StderrLine: {'line': b'                 from \x1b[01m\x1b[K/home/orb/ORB_SLAM3/include/Viewer.h:23\x1b[m\x1b[K,\n'}
[12.815655] (orb_slam3_ros2_wrapper) StderrLine: {'line': b'                 from \x1b[01m\x1b[K/home/orb/ORB_SLAM3/include/Tracking.h:26\x1b[m\x1b[K,\n'}
[12.815767] (orb_slam3_ros2_wrapper) StderrLine: {'line': b'                 from \x1b[01m\x1b[K/home/orb/ORB_SLAM3/include/System.h:31\x1b[m\x1b[K,\n'}
[12.815875] (orb_slam3_ros2_wrapper) StderrLine: {'line': b'                 from \x1b[01m\x1b[K/root/colcon_ws/src/orb_slam3_ros2_wrapper/include/orb_slam3_ros2_wrapper/orb_slam3_interface.hpp:28\x1b[m\x1b[K,\n'}
[12.815976] (orb_slam3_ros2_wrapper) StderrLine: {'line': b'                 from \x1b[01m\x1b[K/root/colcon_ws/src/orb_slam3_ros2_wrapper/src/rgbd/rgbd-slam-node.hpp:38\x1b[m\x1b[K,\n'}
[12.816076] (orb_slam3_ros2_wrapper) StderrLine: {'line': b'                 from \x1b[01m\x1b[K/root/colcon_ws/src/orb_slam3_ros2_wrapper/src/rgbd/rgbd-slam-node.cpp:6\x1b[m\x1b[K:\n'}
[12.816175] (orb_slam3_ros2_wrapper) StderrLine: {'line': b'\x1b[01m\x1b[K/home/orb/ORB_SLAM3/include/CameraModels/KannalaBrandt8.h:\x1b[m\x1b[K In constructor \xe2\x80\x98\x1b[01m\x1b[KORB_SLAM3::KannalaBrandt8::KannalaBrandt8(std::vector<float>)\x1b[m\x1b[K\xe2\x80\x99:\n'}
[12.816279] (orb_slam3_ros2_wrapper) StderrLine: {'line': b'\x1b[01m\x1b[K/home/orb/ORB_SLAM3/include/CameraModels/KannalaBrandt8.h:102:21:\x1b[m\x1b[K \x1b[01;35m\x1b[Kwarning: \x1b[m\x1b[K\xe2\x80\x98\x1b[01m\x1b[KORB_SLAM3::KannalaBrandt8::precision\x1b[m\x1b[K\xe2\x80\x99 will be initialized after [\x1b[01;35m\x1b[K-Wreorder\x1b[m\x1b[K]\n'}
[12.816379] (orb_slam3_ros2_wrapper) StderrLine: {'line': b'  102 |         const float \x1b[01;35m\x1b[Kprecision\x1b[m\x1b[K;\n'}
[12.816476] (orb_slam3_ros2_wrapper) StderrLine: {'line': b'      |                     \x1b[01;35m\x1b[K^~~~~~~~~\x1b[m\x1b[K\n'}
[12.816572] (orb_slam3_ros2_wrapper) StderrLine: {'line': b'\x1b[01m\x1b[K/home/orb/ORB_SLAM3/include/CameraModels/KannalaBrandt8.h:88:26:\x1b[m\x1b[K \x1b[01;35m\x1b[Kwarning: \x1b[m\x1b[K  \xe2\x80\x98\x1b[01m\x1b[Kstd::vector<int> ORB_SLAM3::KannalaBrandt8::mvLappingArea\x1b[m\x1b[K\xe2\x80\x99 [\x1b[01;35m\x1b[K-Wreorder\x1b[m\x1b[K]\n'}
[12.816686] (orb_slam3_ros2_wrapper) StderrLine: {'line': b'   88 |         std::vector<int> \x1b[01;35m\x1b[KmvLappingArea\x1b[m\x1b[K;\n'}
[12.816802] (orb_slam3_ros2_wrapper) StderrLine: {'line': b'      |                          \x1b[01;35m\x1b[K^~~~~~~~~~~~~\x1b[m\x1b[K\n'}
[12.816904] (orb_slam3_ros2_wrapper) StderrLine: {'line': b'In file included from \x1b[01m\x1b[K/home/orb/ORB_SLAM3/include/Atlas.h:27\x1b[m\x1b[K,\n'}
[12.817002] (orb_slam3_ros2_wrapper) StderrLine: {'line': b'                 from \x1b[01m\x1b[K/home/orb/ORB_SLAM3/include/FrameDrawer.h:25\x1b[m\x1b[K,\n'}
[12.817107] (orb_slam3_ros2_wrapper) StderrLine: {'line': b'                 from \x1b[01m\x1b[K/home/orb/ORB_SLAM3/include/Viewer.h:23\x1b[m\x1b[K,\n'}
[12.817204] (orb_slam3_ros2_wrapper) StderrLine: {'line': b'                 from \x1b[01m\x1b[K/home/orb/ORB_SLAM3/include/Tracking.h:26\x1b[m\x1b[K,\n'}
[12.817303] (orb_slam3_ros2_wrapper) StderrLine: {'line': b'                 from \x1b[01m\x1b[K/home/orb/ORB_SLAM3/include/System.h:31\x1b[m\x1b[K,\n'}
[12.817400] (orb_slam3_ros2_wrapper) StderrLine: {'line': b'                 from \x1b[01m\x1b[K/root/colcon_ws/src/orb_slam3_ros2_wrapper/include/orb_slam3_ros2_wrapper/orb_slam3_interface.hpp:28\x1b[m\x1b[K,\n'}
[12.817503] (orb_slam3_ros2_wrapper) StderrLine: {'line': b'                 from \x1b[01m\x1b[K/root/colcon_ws/src/orb_slam3_ros2_wrapper/src/rgbd/rgbd-slam-node.hpp:38\x1b[m\x1b[K,\n'}
[12.817613] (orb_slam3_ros2_wrapper) StderrLine: {'line': b'                 from \x1b[01m\x1b[K/root/colcon_ws/src/orb_slam3_ros2_wrapper/src/rgbd/rgbd-slam-node.cpp:6\x1b[m\x1b[K:\n'}
[12.817715] (orb_slam3_ros2_wrapper) StderrLine: {'line': b'\x1b[01m\x1b[K/home/orb/ORB_SLAM3/include/CameraModels/KannalaBrandt8.h:47:9:\x1b[m\x1b[K \x1b[01;35m\x1b[Kwarning: \x1b[m\x1b[K  when initialized here [\x1b[01;35m\x1b[K-Wreorder\x1b[m\x1b[K]\n'}
[12.817834] (orb_slam3_ros2_wrapper) StderrLine: {'line': b'   47 |         \x1b[01;35m\x1b[KKannalaBrandt8\x1b[m\x1b[K(const std::vector<float> _vParameters) : GeometricCamera(_vParameters), precision(1e-6), mvLappingArea(2,0) ,tvr(nullptr) {\n'}
[12.817936] (orb_slam3_ros2_wrapper) StderrLine: {'line': b'      |         \x1b[01;35m\x1b[K^~~~~~~~~~~~~~\x1b[m\x1b[K\n'}
[12.818037] (orb_slam3_ros2_wrapper) StderrLine: {'line': b'In file included from \x1b[01m\x1b[K/home/orb/ORB_SLAM3/include/Atlas.h:27\x1b[m\x1b[K,\n'}
[12.818140] (orb_slam3_ros2_wrapper) StderrLine: {'line': b'                 from \x1b[01m\x1b[K/home/orb/ORB_SLAM3/include/FrameDrawer.h:25\x1b[m\x1b[K,\n'}
[12.818237] (orb_slam3_ros2_wrapper) StderrLine: {'line': b'                 from \x1b[01m\x1b[K/home/orb/ORB_SLAM3/include/Viewer.h:23\x1b[m\x1b[K,\n'}
[12.818332] (orb_slam3_ros2_wrapper) StderrLine: {'line': b'                 from \x1b[01m\x1b[K/home/orb/ORB_SLAM3/include/Tracking.h:26\x1b[m\x1b[K,\n'}
[12.818430] (orb_slam3_ros2_wrapper) StderrLine: {'line': b'                 from \x1b[01m\x1b[K/home/orb/ORB_SLAM3/include/System.h:31\x1b[m\x1b[K,\n'}
[12.818527] (orb_slam3_ros2_wrapper) StderrLine: {'line': b'                 from \x1b[01m\x1b[K/root/colcon_ws/src/orb_slam3_ros2_wrapper/include/orb_slam3_ros2_wrapper/orb_slam3_interface.hpp:28\x1b[m\x1b[K,\n'}
[12.818642] (orb_slam3_ros2_wrapper) StderrLine: {'line': b'                 from \x1b[01m\x1b[K/root/colcon_ws/src/orb_slam3_ros2_wrapper/src/rgbd/rgbd-slam-node.hpp:38\x1b[m\x1b[K,\n'}
[12.818787] (orb_slam3_ros2_wrapper) StderrLine: {'line': b'                 from \x1b[01m\x1b[K/root/colcon_ws/src/orb_slam3_ros2_wrapper/src/rgbd/rgbd-slam-node.cpp:6\x1b[m\x1b[K:\n'}
[12.818888] (orb_slam3_ros2_wrapper) StderrLine: {'line': b'\x1b[01m\x1b[K/home/orb/ORB_SLAM3/include/CameraModels/KannalaBrandt8.h:\x1b[m\x1b[K In constructor \xe2\x80\x98\x1b[01m\x1b[KORB_SLAM3::KannalaBrandt8::KannalaBrandt8(std::vector<float>, float)\x1b[m\x1b[K\xe2\x80\x99:\n'}
[12.819001] (orb_slam3_ros2_wrapper) StderrLine: {'line': b'\x1b[01m\x1b[K/home/orb/ORB_SLAM3/include/CameraModels/KannalaBrandt8.h:102:21:\x1b[m\x1b[K \x1b[01;35m\x1b[Kwarning: \x1b[m\x1b[K\xe2\x80\x98\x1b[01m\x1b[KORB_SLAM3::KannalaBrandt8::precision\x1b[m\x1b[K\xe2\x80\x99 will be initialized after [\x1b[01;35m\x1b[K-Wreorder\x1b[m\x1b[K]\n'}
[12.819112] (orb_slam3_ros2_wrapper) StderrLine: {'line': b'  102 |         const float \x1b[01;35m\x1b[Kprecision\x1b[m\x1b[K;\n'}
[12.819211] (orb_slam3_ros2_wrapper) StderrLine: {'line': b'      |                     \x1b[01;35m\x1b[K^~~~~~~~~\x1b[m\x1b[K\n'}
[12.819310] (orb_slam3_ros2_wrapper) StderrLine: {'line': b'\x1b[01m\x1b[K/home/orb/ORB_SLAM3/include/CameraModels/KannalaBrandt8.h:88:26:\x1b[m\x1b[K \x1b[01;35m\x1b[Kwarning: \x1b[m\x1b[K  \xe2\x80\x98\x1b[01m\x1b[Kstd::vector<int> ORB_SLAM3::KannalaBrandt8::mvLappingArea\x1b[m\x1b[K\xe2\x80\x99 [\x1b[01;35m\x1b[K-Wreorder\x1b[m\x1b[K]\n'}
[12.819411] (orb_slam3_ros2_wrapper) StderrLine: {'line': b'   88 |         std::vector<int> \x1b[01;35m\x1b[KmvLappingArea\x1b[m\x1b[K;\n'}
[12.819519] (orb_slam3_ros2_wrapper) StderrLine: {'line': b'      |                          \x1b[01;35m\x1b[K^~~~~~~~~~~~~\x1b[m\x1b[K\n'}
[12.819618] (orb_slam3_ros2_wrapper) StderrLine: {'line': b'\x1b[01m\x1b[K/home/orb/ORB_SLAM3/include/CameraModels/KannalaBrandt8.h:53:9:\x1b[m\x1b[K \x1b[01;35m\x1b[Kwarning: \x1b[m\x1b[K  when initialized here [\x1b[01;35m\x1b[K-Wreorder\x1b[m\x1b[K]\n'}
[12.819718] (orb_slam3_ros2_wrapper) StderrLine: {'line': b'   53 |         \x1b[01;35m\x1b[KKannalaBrandt8\x1b[m\x1b[K(const std::vector<float> _vParameters, const float _precision) : GeometricCamera(_vParameters),\n'}
[12.819833] (orb_slam3_ros2_wrapper) StderrLine: {'line': b'      |         \x1b[01;35m\x1b[K^~~~~~~~~~~~~~\x1b[m\x1b[K\n'}
[12.819934] (orb_slam3_ros2_wrapper) StderrLine: {'line': b'\x1b[01m\x1b[K/home/orb/ORB_SLAM3/include/CameraModels/KannalaBrandt8.h:\x1b[m\x1b[K In constructor \xe2\x80\x98\x1b[01m\x1b[KORB_SLAM3::KannalaBrandt8::KannalaBrandt8(ORB_SLAM3::KannalaBrandt8*)\x1b[m\x1b[K\xe2\x80\x99:\n'}
[12.820035] (orb_slam3_ros2_wrapper) StderrLine: {'line': b'\x1b[01m\x1b[K/home/orb/ORB_SLAM3/include/CameraModels/KannalaBrandt8.h:102:21:\x1b[m\x1b[K \x1b[01;35m\x1b[Kwarning: \x1b[m\x1b[K\xe2\x80\x98\x1b[01m\x1b[KORB_SLAM3::KannalaBrandt8::precision\x1b[m\x1b[K\xe2\x80\x99 will be initialized after [\x1b[01;35m\x1b[K-Wreorder\x1b[m\x1b[K]\n'}
[12.820138] (orb_slam3_ros2_wrapper) StderrLine: {'line': b'  102 |         const float \x1b[01;35m\x1b[Kprecision\x1b[m\x1b[K;\n'}
[12.820237] (orb_slam3_ros2_wrapper) StderrLine: {'line': b'      |                     \x1b[01;35m\x1b[K^~~~~~~~~\x1b[m\x1b[K\n'}
[12.820335] (orb_slam3_ros2_wrapper) StderrLine: {'line': b'\x1b[01m\x1b[K/home/orb/ORB_SLAM3/include/CameraModels/KannalaBrandt8.h:88:26:\x1b[m\x1b[K \x1b[01;35m\x1b[Kwarning: \x1b[m\x1b[K  \xe2\x80\x98\x1b[01m\x1b[Kstd::vector<int> ORB_SLAM3::KannalaBrandt8::mvLappingArea\x1b[m\x1b[K\xe2\x80\x99 [\x1b[01;35m\x1b[K-Wreorder\x1b[m\x1b[K]\n'}
[12.820442] (orb_slam3_ros2_wrapper) StderrLine: {'line': b'   88 |         std::vector<int> \x1b[01;35m\x1b[KmvLappingArea\x1b[m\x1b[K;\n'}
[12.820542] (orb_slam3_ros2_wrapper) StderrLine: {'line': b'      |                          \x1b[01;35m\x1b[K^~~~~~~~~~~~~\x1b[m\x1b[K\n'}
[12.820639] (orb_slam3_ros2_wrapper) StderrLine: {'line': b'\x1b[01m\x1b[K/home/orb/ORB_SLAM3/include/CameraModels/KannalaBrandt8.h:59:9:\x1b[m\x1b[K \x1b[01;35m\x1b[Kwarning: \x1b[m\x1b[K  when initialized here [\x1b[01;35m\x1b[K-Wreorder\x1b[m\x1b[K]\n'}
[12.820747] (orb_slam3_ros2_wrapper) StderrLine: {'line': b'   59 |         \x1b[01;35m\x1b[KKannalaBrandt8\x1b[m\x1b[K(KannalaBrandt8* pKannala) : GeometricCamera(pKannala->mvParameters), precision(pKannala->precision), mvLappingArea(2,0) ,tvr(nullptr) {\n'}
[12.820884] (orb_slam3_ros2_wrapper) StderrLine: {'line': b'      |         \x1b[01;35m\x1b[K^~~~~~~~~~~~~~\x1b[m\x1b[K\n'}
[12.869732] (-) TimerEvent: {}
[12.970806] (-) TimerEvent: {}
[13.071170] (-) TimerEvent: {}
[13.171628] (-) TimerEvent: {}
[13.272436] (-) TimerEvent: {}
[13.372989] (-) TimerEvent: {}
[13.473347] (-) TimerEvent: {}
[13.573697] (-) TimerEvent: {}
[13.613240] (orb_slam3_ros2_wrapper) StderrLine: {'line': b'In file included from \x1b[01m\x1b[K/home/orb/ORB_SLAM3/include/Frame.h:30\x1b[m\x1b[K,\n'}
[13.613479] (orb_slam3_ros2_wrapper) StderrLine: {'line': b'                 from \x1b[01m\x1b[K/home/orb/ORB_SLAM3/include/KeyFrame.h:28\x1b[m\x1b[K,\n'}
[13.613600] (orb_slam3_ros2_wrapper) StderrLine: {'line': b'                 from \x1b[01m\x1b[K/home/orb/ORB_SLAM3/include/MapPoint.h:23\x1b[m\x1b[K,\n'}
[13.613702] (orb_slam3_ros2_wrapper) StderrLine: {'line': b'                 from \x1b[01m\x1b[K/home/orb/ORB_SLAM3/include/FrameDrawer.h:24\x1b[m\x1b[K,\n'}
[13.613826] (orb_slam3_ros2_wrapper) StderrLine: {'line': b'                 from \x1b[01m\x1b[K/home/orb/ORB_SLAM3/include/Viewer.h:23\x1b[m\x1b[K,\n'}
[13.613934] (orb_slam3_ros2_wrapper) StderrLine: {'line': b'                 from \x1b[01m\x1b[K/home/orb/ORB_SLAM3/include/Tracking.h:26\x1b[m\x1b[K,\n'}
[13.614089] (orb_slam3_ros2_wrapper) StderrLine: {'line': b'                 from \x1b[01m\x1b[K/home/orb/ORB_SLAM3/include/System.h:31\x1b[m\x1b[K,\n'}
[13.614196] (orb_slam3_ros2_wrapper) StderrLine: {'line': b'                 from \x1b[01m\x1b[K/root/colcon_ws/src/orb_slam3_ros2_wrapper/include/orb_slam3_ros2_wrapper/orb_slam3_interface.hpp:28\x1b[m\x1b[K,\n'}
[13.614297] (orb_slam3_ros2_wrapper) StderrLine: {'line': b'                 from \x1b[01m\x1b[K/root/colcon_ws/src/orb_slam3_ros2_wrapper/src/orb_slam3_interface.cpp:6\x1b[m\x1b[K:\n'}
[13.614399] (orb_slam3_ros2_wrapper) StderrLine: {'line': b'\x1b[01m\x1b[K/home/orb/ORB_SLAM3/include/ImuTypes.h:\x1b[m\x1b[K In member function \xe2\x80\x98\x1b[01m\x1b[Kvoid ORB_SLAM3::IMU::Preintegrated::printMeasurements() const\x1b[m\x1b[K\xe2\x80\x99:\n'}
[13.614504] (orb_slam3_ros2_wrapper) StderrLine: {'line': b'\x1b[01m\x1b[K/home/orb/ORB_SLAM3/include/ImuTypes.h:204:23:\x1b[m\x1b[K \x1b[01;35m\x1b[Kwarning: \x1b[m\x1b[Kcomparison of integer expressions of different signedness: \xe2\x80\x98\x1b[01m\x1b[Kint\x1b[m\x1b[K\xe2\x80\x99 and \xe2\x80\x98\x1b[01m\x1b[Kstd::vector<ORB_SLAM3::IMU::Preintegrated::integrable>::size_type\x1b[m\x1b[K\xe2\x80\x99 {aka \xe2\x80\x98\x1b[01m\x1b[Klong unsigned int\x1b[m\x1b[K\xe2\x80\x99} [\x1b[01;35m\x1b[K-Wsign-compare\x1b[m\x1b[K]\n'}
[13.614762] (orb_slam3_ros2_wrapper) StderrLine: {'line': b'  204 |         for(int i=0; \x1b[01;35m\x1b[Ki<mvMeasurements.size()\x1b[m\x1b[K; i++){\n'}
[13.614877] (orb_slam3_ros2_wrapper) StderrLine: {'line': b'      |                      \x1b[01;35m\x1b[K~^~~~~~~~~~~~~~~~~~~~~~\x1b[m\x1b[K\n'}
[13.673791] (-) TimerEvent: {}
[13.775791] (-) TimerEvent: {}
[13.835327] (orb_slam3_ros2_wrapper) StderrLine: {'line': b'In file included from \x1b[01m\x1b[K/home/orb/ORB_SLAM3/Thirdparty/g2o/g2o/types/types_six_dof_expmap.h:37\x1b[m\x1b[K,\n'}
[13.836472] (orb_slam3_ros2_wrapper) StderrLine: {'line': b'                 from \x1b[01m\x1b[K/home/orb/ORB_SLAM3/include/Converter.h:26\x1b[m\x1b[K,\n'}
[13.836622] (orb_slam3_ros2_wrapper) StderrLine: {'line': b'                 from \x1b[01m\x1b[K/home/orb/ORB_SLAM3/include/Frame.h:33\x1b[m\x1b[K,\n'}
[13.836746] (orb_slam3_ros2_wrapper) StderrLine: {'line': b'                 from \x1b[01m\x1b[K/home/orb/ORB_SLAM3/include/KeyFrame.h:28\x1b[m\x1b[K,\n'}
[13.836885] (orb_slam3_ros2_wrapper) StderrLine: {'line': b'                 from \x1b[01m\x1b[K/home/orb/ORB_SLAM3/include/MapPoint.h:23\x1b[m\x1b[K,\n'}
[13.836995] (orb_slam3_ros2_wrapper) StderrLine: {'line': b'                 from \x1b[01m\x1b[K/home/orb/ORB_SLAM3/include/FrameDrawer.h:24\x1b[m\x1b[K,\n'}
[13.841147] (orb_slam3_ros2_wrapper) StderrLine: {'line': b'                 from \x1b[01m\x1b[K/home/orb/ORB_SLAM3/include/Viewer.h:23\x1b[m\x1b[K,\n'}
[13.842225] (orb_slam3_ros2_wrapper) StderrLine: {'line': b'                 from \x1b[01m\x1b[K/home/orb/ORB_SLAM3/include/Tracking.h:26\x1b[m\x1b[K,\n'}
[13.843242] (orb_slam3_ros2_wrapper) StderrLine: {'line': b'                 from \x1b[01m\x1b[K/home/orb/ORB_SLAM3/include/System.h:31\x1b[m\x1b[K,\n'}
[13.844250] (orb_slam3_ros2_wrapper) StderrLine: {'line': b'                 from \x1b[01m\x1b[K/root/colcon_ws/src/orb_slam3_ros2_wrapper/include/orb_slam3_ros2_wrapper/orb_slam3_interface.hpp:28\x1b[m\x1b[K,\n'}
[13.845299] (orb_slam3_ros2_wrapper) StderrLine: {'line': b'                 from \x1b[01m\x1b[K/root/colcon_ws/src/orb_slam3_ros2_wrapper/src/orb_slam3_interface.cpp:6\x1b[m\x1b[K:\n'}
[13.846357] (orb_slam3_ros2_wrapper) StderrLine: {'line': b'\x1b[01m\x1b[K/home/orb/ORB_SLAM3/Thirdparty/g2o/g2o/types/../core/base_vertex.h:\x1b[m\x1b[K At global scope:\n'}
[13.847404] (orb_slam3_ros2_wrapper) StderrLine: {'line': b'\x1b[01m\x1b[K/home/orb/ORB_SLAM3/Thirdparty/g2o/g2o/types/../core/base_vertex.h:62:74:\x1b[m\x1b[K \x1b[01;35m\x1b[Kwarning: \x1b[m\x1b[K\xe2\x80\x98\x1b[01m\x1b[KEigen::AlignedBit\x1b[m\x1b[K\xe2\x80\x99 is deprecated [\x1b[01;35m\x1b[K-Wdeprecated-declarations\x1b[m\x1b[K]\n'}
[13.848399] (orb_slam3_ros2_wrapper) StderrLine: {'line': b'   62 |     typedef Eigen::Map<Matrix<double, D, D>, Matrix<double,D,D>::Flags & \x1b[01;35m\x1b[KAlignedBit\x1b[m\x1b[K ? Aligned : Unaligned >  HessianBlockType;\n'}
[13.849431] (orb_slam3_ros2_wrapper) StderrLine: {'line': b'      |                                                                          \x1b[01;35m\x1b[K^~~~~~~~~~\x1b[m\x1b[K\n'}
[13.850452] (orb_slam3_ros2_wrapper) StderrLine: {'line': b'In file included from \x1b[01m\x1b[K/usr/include/eigen3/Eigen/Core:161\x1b[m\x1b[K,\n'}
[13.851206] (orb_slam3_ros2_wrapper) StderrLine: {'line': b'                 from \x1b[01m\x1b[K/root/colcon_ws/src/orb_slam3_ros2_wrapper/include/orb_slam3_ros2_wrapper/orb_slam3_interface.hpp:12\x1b[m\x1b[K,\n'}
[13.851428] (orb_slam3_ros2_wrapper) StderrLine: {'line': b'                 from \x1b[01m\x1b[K/root/colcon_ws/src/orb_slam3_ros2_wrapper/src/orb_slam3_interface.cpp:6\x1b[m\x1b[K:\n'}
[13.851562] (orb_slam3_ros2_wrapper) StderrLine: {'line': b'\x1b[01m\x1b[K/usr/include/eigen3/Eigen/src/Core/util/Constants.h:167:37:\x1b[m\x1b[K \x1b[01;36m\x1b[Knote: \x1b[m\x1b[Kdeclared here\n'}
[13.851682] (orb_slam3_ros2_wrapper) StderrLine: {'line': b'  167 | EIGEN_DEPRECATED const unsigned int \x1b[01;36m\x1b[KAlignedBit\x1b[m\x1b[K = 0x80;\n'}
[13.851819] (orb_slam3_ros2_wrapper) StderrLine: {'line': b'      |                                     \x1b[01;36m\x1b[K^~~~~~~~~~\x1b[m\x1b[K\n'}
[13.852767] (orb_slam3_ros2_wrapper) StderrLine: {'line': b'In file included from \x1b[01m\x1b[K/home/orb/ORB_SLAM3/Thirdparty/g2o/g2o/types/types_six_dof_expmap.h:38\x1b[m\x1b[K,\n'}
[13.853048] (orb_slam3_ros2_wrapper) StderrLine: {'line': b'                 from \x1b[01m\x1b[K/home/orb/ORB_SLAM3/include/Converter.h:26\x1b[m\x1b[K,\n'}
[13.853151] (orb_slam3_ros2_wrapper) StderrLine: {'line': b'                 from \x1b[01m\x1b[K/home/orb/ORB_SLAM3/include/Frame.h:33\x1b[m\x1b[K,\n'}
[13.853260] (orb_slam3_ros2_wrapper) StderrLine: {'line': b'                 from \x1b[01m\x1b[K/home/orb/ORB_SLAM3/include/KeyFrame.h:28\x1b[m\x1b[K,\n'}
[13.853355] (orb_slam3_ros2_wrapper) StderrLine: {'line': b'                 from \x1b[01m\x1b[K/home/orb/ORB_SLAM3/include/MapPoint.h:23\x1b[m\x1b[K,\n'}
[13.853447] (orb_slam3_ros2_wrapper) StderrLine: {'line': b'                 from \x1b[01m\x1b[K/home/orb/ORB_SLAM3/include/FrameDrawer.h:24\x1b[m\x1b[K,\n'}
[13.853539] (orb_slam3_ros2_wrapper) StderrLine: {'line': b'                 from \x1b[01m\x1b[K/home/orb/ORB_SLAM3/include/Viewer.h:23\x1b[m\x1b[K,\n'}
[13.853631] (orb_slam3_ros2_wrapper) StderrLine: {'line': b'                 from \x1b[01m\x1b[K/home/orb/ORB_SLAM3/include/Tracking.h:26\x1b[m\x1b[K,\n'}
[13.853730] (orb_slam3_ros2_wrapper) StderrLine: {'line': b'                 from \x1b[01m\x1b[K/home/orb/ORB_SLAM3/include/System.h:31\x1b[m\x1b[K,\n'}
[13.853831] (orb_slam3_ros2_wrapper) StderrLine: {'line': b'                 from \x1b[01m\x1b[K/root/colcon_ws/src/orb_slam3_ros2_wrapper/include/orb_slam3_ros2_wrapper/orb_slam3_interface.hpp:28\x1b[m\x1b[K,\n'}
[13.853924] (orb_slam3_ros2_wrapper) StderrLine: {'line': b'                 from \x1b[01m\x1b[K/root/colcon_ws/src/orb_slam3_ros2_wrapper/src/orb_slam3_interface.cpp:6\x1b[m\x1b[K:\n'}
[13.854026] (orb_slam3_ros2_wrapper) StderrLine: {'line': b'\x1b[01m\x1b[K/home/orb/ORB_SLAM3/Thirdparty/g2o/g2o/types/../core/base_binary_edge.h:59:82:\x1b[m\x1b[K \x1b[01;35m\x1b[Kwarning: \x1b[m\x1b[K\xe2\x80\x98\x1b[01m\x1b[KEigen::AlignedBit\x1b[m\x1b[K\xe2\x80\x99 is deprecated [\x1b[01;35m\x1b[K-Wdeprecated-declarations\x1b[m\x1b[K]\n'}
[13.854122] (orb_slam3_ros2_wrapper) StderrLine: {'line': b'   59 |       typedef Eigen::Map<Matrix<double, Di, Dj>, Matrix<double, Di, Dj>::Flags & \x1b[01;35m\x1b[KAlignedBit\x1b[m\x1b[K ? Aligned : Unaligned > HessianBlockType;\n'}
[13.854215] (orb_slam3_ros2_wrapper) StderrLine: {'line': b'      |                                                                                  \x1b[01;35m\x1b[K^~~~~~~~~~\x1b[m\x1b[K\n'}
[13.854306] (orb_slam3_ros2_wrapper) StderrLine: {'line': b'In file included from \x1b[01m\x1b[K/usr/include/eigen3/Eigen/Core:161\x1b[m\x1b[K,\n'}
[13.854396] (orb_slam3_ros2_wrapper) StderrLine: {'line': b'                 from \x1b[01m\x1b[K/root/colcon_ws/src/orb_slam3_ros2_wrapper/include/orb_slam3_ros2_wrapper/orb_slam3_interface.hpp:12\x1b[m\x1b[K,\n'}
[13.854488] (orb_slam3_ros2_wrapper) StderrLine: {'line': b'                 from \x1b[01m\x1b[K/root/colcon_ws/src/orb_slam3_ros2_wrapper/src/orb_slam3_interface.cpp:6\x1b[m\x1b[K:\n'}
[13.854580] (orb_slam3_ros2_wrapper) StderrLine: {'line': b'\x1b[01m\x1b[K/usr/include/eigen3/Eigen/src/Core/util/Constants.h:167:37:\x1b[m\x1b[K \x1b[01;36m\x1b[Knote: \x1b[m\x1b[Kdeclared here\n'}
[13.854671] (orb_slam3_ros2_wrapper) StderrLine: {'line': b'  167 | EIGEN_DEPRECATED const unsigned int \x1b[01;36m\x1b[KAlignedBit\x1b[m\x1b[K = 0x80;\n'}
[13.854775] (orb_slam3_ros2_wrapper) StderrLine: {'line': b'      |                                     \x1b[01;36m\x1b[K^~~~~~~~~~\x1b[m\x1b[K\n'}
[13.854872] (orb_slam3_ros2_wrapper) StderrLine: {'line': b'In file included from \x1b[01m\x1b[K/home/orb/ORB_SLAM3/Thirdparty/g2o/g2o/types/types_six_dof_expmap.h:38\x1b[m\x1b[K,\n'}
[13.854964] (orb_slam3_ros2_wrapper) StderrLine: {'line': b'                 from \x1b[01m\x1b[K/home/orb/ORB_SLAM3/include/Converter.h:26\x1b[m\x1b[K,\n'}
[13.855054] (orb_slam3_ros2_wrapper) StderrLine: {'line': b'                 from \x1b[01m\x1b[K/home/orb/ORB_SLAM3/include/Frame.h:33\x1b[m\x1b[K,\n'}
[13.855157] (orb_slam3_ros2_wrapper) StderrLine: {'line': b'                 from \x1b[01m\x1b[K/home/orb/ORB_SLAM3/include/KeyFrame.h:28\x1b[m\x1b[K,\n'}
[13.855252] (orb_slam3_ros2_wrapper) StderrLine: {'line': b'                 from \x1b[01m\x1b[K/home/orb/ORB_SLAM3/include/MapPoint.h:23\x1b[m\x1b[K,\n'}
[13.855340] (orb_slam3_ros2_wrapper) StderrLine: {'line': b'                 from \x1b[01m\x1b[K/home/orb/ORB_SLAM3/include/FrameDrawer.h:24\x1b[m\x1b[K,\n'}
[13.855432] (orb_slam3_ros2_wrapper) StderrLine: {'line': b'                 from \x1b[01m\x1b[K/home/orb/ORB_SLAM3/include/Viewer.h:23\x1b[m\x1b[K,\n'}
[13.855523] (orb_slam3_ros2_wrapper) StderrLine: {'line': b'                 from \x1b[01m\x1b[K/home/orb/ORB_SLAM3/include/Tracking.h:26\x1b[m\x1b[K,\n'}
[13.855614] (orb_slam3_ros2_wrapper) StderrLine: {'line': b'                 from \x1b[01m\x1b[K/home/orb/ORB_SLAM3/include/System.h:31\x1b[m\x1b[K,\n'}
[13.855703] (orb_slam3_ros2_wrapper) StderrLine: {'line': b'                 from \x1b[01m\x1b[K/root/colcon_ws/src/orb_slam3_ros2_wrapper/include/orb_slam3_ros2_wrapper/orb_slam3_interface.hpp:28\x1b[m\x1b[K,\n'}
[13.855816] (orb_slam3_ros2_wrapper) StderrLine: {'line': b'                 from \x1b[01m\x1b[K/root/colcon_ws/src/orb_slam3_ros2_wrapper/src/orb_slam3_interface.cpp:6\x1b[m\x1b[K:\n'}
[13.855912] (orb_slam3_ros2_wrapper) StderrLine: {'line': b'\x1b[01m\x1b[K/home/orb/ORB_SLAM3/Thirdparty/g2o/g2o/types/../core/base_binary_edge.h:60:82:\x1b[m\x1b[K \x1b[01;35m\x1b[Kwarning: \x1b[m\x1b[K\xe2\x80\x98\x1b[01m\x1b[KEigen::AlignedBit\x1b[m\x1b[K\xe2\x80\x99 is deprecated [\x1b[01;35m\x1b[K-Wdeprecated-declarations\x1b[m\x1b[K]\n'}
[13.856014] (orb_slam3_ros2_wrapper) StderrLine: {'line': b'   60 |       typedef Eigen::Map<Matrix<double, Dj, Di>, Matrix<double, Dj, Di>::Flags & \x1b[01;35m\x1b[KAlignedBit\x1b[m\x1b[K ? Aligned : Unaligned > HessianBlockTransposedType;\n'}
[13.856106] (orb_slam3_ros2_wrapper) StderrLine: {'line': b'      |                                                                                  \x1b[01;35m\x1b[K^~~~~~~~~~\x1b[m\x1b[K\n'}
[13.856198] (orb_slam3_ros2_wrapper) StderrLine: {'line': b'In file included from \x1b[01m\x1b[K/usr/include/eigen3/Eigen/Core:161\x1b[m\x1b[K,\n'}
[13.856288] (orb_slam3_ros2_wrapper) StderrLine: {'line': b'                 from \x1b[01m\x1b[K/root/colcon_ws/src/orb_slam3_ros2_wrapper/include/orb_slam3_ros2_wrapper/orb_slam3_interface.hpp:12\x1b[m\x1b[K,\n'}
[13.856378] (orb_slam3_ros2_wrapper) StderrLine: {'line': b'                 from \x1b[01m\x1b[K/root/colcon_ws/src/orb_slam3_ros2_wrapper/src/orb_slam3_interface.cpp:6\x1b[m\x1b[K:\n'}
[13.856468] (orb_slam3_ros2_wrapper) StderrLine: {'line': b'\x1b[01m\x1b[K/usr/include/eigen3/Eigen/src/Core/util/Constants.h:167:37:\x1b[m\x1b[K \x1b[01;36m\x1b[Knote: \x1b[m\x1b[Kdeclared here\n'}
[13.856558] (orb_slam3_ros2_wrapper) StderrLine: {'line': b'  167 | EIGEN_DEPRECATED const unsigned int \x1b[01;36m\x1b[KAlignedBit\x1b[m\x1b[K = 0x80;\n'}
[13.856657] (orb_slam3_ros2_wrapper) StderrLine: {'line': b'      |                                     \x1b[01;36m\x1b[K^~~~~~~~~~\x1b[m\x1b[K\n'}
[13.875908] (-) TimerEvent: {}
[13.960820] (orb_slam3_ros2_wrapper) StderrLine: {'line': b'In file included from \x1b[01m\x1b[K/home/orb/ORB_SLAM3/Thirdparty/g2o/g2o/types/types_six_dof_expmap.h:41\x1b[m\x1b[K,\n'}
[13.961050] (orb_slam3_ros2_wrapper) StderrLine: {'line': b'                 from \x1b[01m\x1b[K/home/orb/ORB_SLAM3/include/Converter.h:26\x1b[m\x1b[K,\n'}
[13.961160] (orb_slam3_ros2_wrapper) StderrLine: {'line': b'                 from \x1b[01m\x1b[K/home/orb/ORB_SLAM3/include/Frame.h:33\x1b[m\x1b[K,\n'}
[13.961254] (orb_slam3_ros2_wrapper) StderrLine: {'line': b'                 from \x1b[01m\x1b[K/home/orb/ORB_SLAM3/include/KeyFrame.h:28\x1b[m\x1b[K,\n'}
[13.961348] (orb_slam3_ros2_wrapper) StderrLine: {'line': b'                 from \x1b[01m\x1b[K/home/orb/ORB_SLAM3/include/MapPoint.h:23\x1b[m\x1b[K,\n'}
[13.961439] (orb_slam3_ros2_wrapper) StderrLine: {'line': b'                 from \x1b[01m\x1b[K/home/orb/ORB_SLAM3/include/FrameDrawer.h:24\x1b[m\x1b[K,\n'}
[13.961530] (orb_slam3_ros2_wrapper) StderrLine: {'line': b'                 from \x1b[01m\x1b[K/home/orb/ORB_SLAM3/include/Viewer.h:23\x1b[m\x1b[K,\n'}
[13.961620] (orb_slam3_ros2_wrapper) StderrLine: {'line': b'                 from \x1b[01m\x1b[K/home/orb/ORB_SLAM3/include/Tracking.h:26\x1b[m\x1b[K,\n'}
[13.961711] (orb_slam3_ros2_wrapper) StderrLine: {'line': b'                 from \x1b[01m\x1b[K/home/orb/ORB_SLAM3/include/System.h:31\x1b[m\x1b[K,\n'}
[13.961816] (orb_slam3_ros2_wrapper) StderrLine: {'line': b'                 from \x1b[01m\x1b[K/root/colcon_ws/src/orb_slam3_ros2_wrapper/include/orb_slam3_ros2_wrapper/orb_slam3_interface.hpp:28\x1b[m\x1b[K,\n'}
[13.961914] (orb_slam3_ros2_wrapper) StderrLine: {'line': b'                 from \x1b[01m\x1b[K/root/colcon_ws/src/orb_slam3_ros2_wrapper/src/orb_slam3_interface.cpp:6\x1b[m\x1b[K:\n'}
[13.962032] (orb_slam3_ros2_wrapper) StderrLine: {'line': b'\x1b[01m\x1b[K/home/orb/ORB_SLAM3/Thirdparty/g2o/g2o/types/se3quat.h:43:38:\x1b[m\x1b[K \x1b[01;35m\x1b[Kwarning: \x1b[m\x1b[Kextra \xe2\x80\x98\x1b[01m\x1b[K;\x1b[m\x1b[K\xe2\x80\x99 [\x1b[01;35m\x1b[K-Wpedantic\x1b[m\x1b[K]\n'}
[13.962131] (orb_slam3_ros2_wrapper) StderrLine: {'line': b'   43 |       EIGEN_MAKE_ALIGNED_OPERATOR_NEW\x1b[01;35m\x1b[K;\x1b[m\x1b[K\n'}
[13.962225] (orb_slam3_ros2_wrapper) StderrLine: {'line': b'      |                                      \x1b[01;35m\x1b[K^\x1b[m\x1b[K\n'}
[13.962316] (orb_slam3_ros2_wrapper) StderrLine: {'line': b'      |                                      \x1b[31m\x1b[K-\x1b[m\x1b[K\n'}
[13.976018] (-) TimerEvent: {}
[14.076356] (-) TimerEvent: {}
[14.176695] (-) TimerEvent: {}
[14.277287] (-) TimerEvent: {}
[14.377703] (-) TimerEvent: {}
[14.467081] (orb_slam3_ros2_wrapper) StderrLine: {'line': b'In file included from \x1b[01m\x1b[K/home/orb/ORB_SLAM3/Thirdparty/g2o/g2o/types/types_six_dof_expmap.h:37\x1b[m\x1b[K,\n'}
[14.467294] (orb_slam3_ros2_wrapper) StderrLine: {'line': b'                 from \x1b[01m\x1b[K/home/orb/ORB_SLAM3/include/Converter.h:26\x1b[m\x1b[K,\n'}
[14.467392] (orb_slam3_ros2_wrapper) StderrLine: {'line': b'                 from \x1b[01m\x1b[K/home/orb/ORB_SLAM3/include/Frame.h:33\x1b[m\x1b[K,\n'}
[14.467478] (orb_slam3_ros2_wrapper) StderrLine: {'line': b'                 from \x1b[01m\x1b[K/home/orb/ORB_SLAM3/include/KeyFrame.h:28\x1b[m\x1b[K,\n'}
[14.467561] (orb_slam3_ros2_wrapper) StderrLine: {'line': b'                 from \x1b[01m\x1b[K/home/orb/ORB_SLAM3/include/MapPoint.h:23\x1b[m\x1b[K,\n'}
[14.467644] (orb_slam3_ros2_wrapper) StderrLine: {'line': b'                 from \x1b[01m\x1b[K/home/orb/ORB_SLAM3/include/FrameDrawer.h:24\x1b[m\x1b[K,\n'}
[14.467732] (orb_slam3_ros2_wrapper) StderrLine: {'line': b'                 from \x1b[01m\x1b[K/home/orb/ORB_SLAM3/include/Viewer.h:23\x1b[m\x1b[K,\n'}
[14.467823] (orb_slam3_ros2_wrapper) StderrLine: {'line': b'                 from \x1b[01m\x1b[K/home/orb/ORB_SLAM3/include/Tracking.h:26\x1b[m\x1b[K,\n'}
[14.467905] (orb_slam3_ros2_wrapper) StderrLine: {'line': b'                 from \x1b[01m\x1b[K/home/orb/ORB_SLAM3/include/System.h:31\x1b[m\x1b[K,\n'}
[14.467986] (orb_slam3_ros2_wrapper) StderrLine: {'line': b'                 from \x1b[01m\x1b[K/root/colcon_ws/src/orb_slam3_ros2_wrapper/include/orb_slam3_ros2_wrapper/orb_slam3_interface.hpp:28\x1b[m\x1b[K,\n'}
[14.468069] (orb_slam3_ros2_wrapper) StderrLine: {'line': b'                 from \x1b[01m\x1b[K/root/colcon_ws/src/orb_slam3_ros2_wrapper/src/orb_slam3_interface.cpp:6\x1b[m\x1b[K:\n'}
[14.468166] (orb_slam3_ros2_wrapper) StderrLine: {'line': b'/home/orb/ORB_SLAM3/Thirdparty/g2o/g2o/types/../core/base_vertex.h: In instantiation of \xe2\x80\x98\x1b[01m\x1b[Kclass g2o::BaseVertex<3, Eigen::Matrix<double, 3, 1> >\x1b[m\x1b[K\xe2\x80\x99:\n'}
[14.468249] (orb_slam3_ros2_wrapper) StderrLine: {'line': b'\x1b[01m\x1b[K/home/orb/ORB_SLAM3/Thirdparty/g2o/g2o/types/types_sba.h:40:35:\x1b[m\x1b[K   required from here\n'}
[14.468333] (orb_slam3_ros2_wrapper) StderrLine: {'line': b'\x1b[01m\x1b[K/home/orb/ORB_SLAM3/Thirdparty/g2o/g2o/types/../core/base_vertex.h:62:72:\x1b[m\x1b[K \x1b[01;35m\x1b[Kwarning: \x1b[m\x1b[K\xe2\x80\x98\x1b[01m\x1b[KEigen::AlignedBit\x1b[m\x1b[K\xe2\x80\x99 is deprecated [\x1b[01;35m\x1b[K-Wdeprecated-declarations\x1b[m\x1b[K]\n'}
[14.468418] (orb_slam3_ros2_wrapper) StderrLine: {'line': b'   62 |     typedef Eigen::Map<Matrix<double, D, D>, Matrix<double,D,D>::\x1b[01;35m\x1b[KFlags & AlignedBit\x1b[m\x1b[K ? Aligned : Unaligned >  HessianBlockType;\n'}
[14.468601] (orb_slam3_ros2_wrapper) StderrLine: {'line': b'      |                                                                  \x1b[01;35m\x1b[K~~~~~~^~~~~~~~~~~~\x1b[m\x1b[K\n'}
[14.468698] (orb_slam3_ros2_wrapper) StderrLine: {'line': b'In file included from \x1b[01m\x1b[K/usr/include/eigen3/Eigen/Core:161\x1b[m\x1b[K,\n'}
[14.468978] (orb_slam3_ros2_wrapper) StderrLine: {'line': b'                 from \x1b[01m\x1b[K/root/colcon_ws/src/orb_slam3_ros2_wrapper/include/orb_slam3_ros2_wrapper/orb_slam3_interface.hpp:12\x1b[m\x1b[K,\n'}
[14.469081] (orb_slam3_ros2_wrapper) StderrLine: {'line': b'                 from \x1b[01m\x1b[K/root/colcon_ws/src/orb_slam3_ros2_wrapper/src/orb_slam3_interface.cpp:6\x1b[m\x1b[K:\n'}
[14.469167] (orb_slam3_ros2_wrapper) StderrLine: {'line': b'\x1b[01m\x1b[K/usr/include/eigen3/Eigen/src/Core/util/Constants.h:167:37:\x1b[m\x1b[K \x1b[01;36m\x1b[Knote: \x1b[m\x1b[Kdeclared here\n'}
[14.469253] (orb_slam3_ros2_wrapper) StderrLine: {'line': b'  167 | EIGEN_DEPRECATED const unsigned int \x1b[01;36m\x1b[KAlignedBit\x1b[m\x1b[K = 0x80;\n'}
[14.469337] (orb_slam3_ros2_wrapper) StderrLine: {'line': b'      |                                     \x1b[01;36m\x1b[K^~~~~~~~~~\x1b[m\x1b[K\n'}
[14.477790] (-) TimerEvent: {}
[14.519861] (orb_slam3_ros2_wrapper) StderrLine: {'line': b'In file included from \x1b[01m\x1b[K/home/orb/ORB_SLAM3/Thirdparty/g2o/g2o/types/types_six_dof_expmap.h:37\x1b[m\x1b[K,\n'}
[14.520208] (orb_slam3_ros2_wrapper) StderrLine: {'line': b'                 from \x1b[01m\x1b[K/home/orb/ORB_SLAM3/include/Converter.h:26\x1b[m\x1b[K,\n'}
[14.520325] (orb_slam3_ros2_wrapper) StderrLine: {'line': b'                 from \x1b[01m\x1b[K/home/orb/ORB_SLAM3/include/Frame.h:33\x1b[m\x1b[K,\n'}
[14.520418] (orb_slam3_ros2_wrapper) StderrLine: {'line': b'                 from \x1b[01m\x1b[K/home/orb/ORB_SLAM3/include/KeyFrame.h:28\x1b[m\x1b[K,\n'}
[14.520507] (orb_slam3_ros2_wrapper) StderrLine: {'line': b'                 from \x1b[01m\x1b[K/home/orb/ORB_SLAM3/include/MapPoint.h:23\x1b[m\x1b[K,\n'}
[14.520594] (orb_slam3_ros2_wrapper) StderrLine: {'line': b'                 from \x1b[01m\x1b[K/home/orb/ORB_SLAM3/include/FrameDrawer.h:24\x1b[m\x1b[K,\n'}
[14.520679] (orb_slam3_ros2_wrapper) StderrLine: {'line': b'                 from \x1b[01m\x1b[K/home/orb/ORB_SLAM3/include/Viewer.h:23\x1b[m\x1b[K,\n'}
[14.520796] (orb_slam3_ros2_wrapper) StderrLine: {'line': b'                 from \x1b[01m\x1b[K/home/orb/ORB_SLAM3/include/Tracking.h:26\x1b[m\x1b[K,\n'}
[14.520888] (orb_slam3_ros2_wrapper) StderrLine: {'line': b'                 from \x1b[01m\x1b[K/home/orb/ORB_SLAM3/include/System.h:31\x1b[m\x1b[K,\n'}
[14.520974] (orb_slam3_ros2_wrapper) StderrLine: {'line': b'                 from \x1b[01m\x1b[K/root/colcon_ws/src/orb_slam3_ros2_wrapper/include/orb_slam3_ros2_wrapper/orb_slam3_interface.hpp:28\x1b[m\x1b[K,\n'}
[14.521060] (orb_slam3_ros2_wrapper) StderrLine: {'line': b'                 from \x1b[01m\x1b[K/root/colcon_ws/src/orb_slam3_ros2_wrapper/src/orb_slam3_interface.cpp:6\x1b[m\x1b[K:\n'}
[14.521145] (orb_slam3_ros2_wrapper) StderrLine: {'line': b'/home/orb/ORB_SLAM3/Thirdparty/g2o/g2o/types/../core/base_vertex.h: In instantiation of \xe2\x80\x98\x1b[01m\x1b[Kclass g2o::BaseVertex<6, g2o::SE3Quat>\x1b[m\x1b[K\xe2\x80\x99:\n'}
[14.521231] (orb_slam3_ros2_wrapper) StderrLine: {'line': b'\x1b[01m\x1b[K/home/orb/ORB_SLAM3/Thirdparty/g2o/g2o/types/types_six_dof_expmap.h:59:33:\x1b[m\x1b[K   required from here\n'}
[14.521315] (orb_slam3_ros2_wrapper) StderrLine: {'line': b'\x1b[01m\x1b[K/home/orb/ORB_SLAM3/Thirdparty/g2o/g2o/types/../core/base_vertex.h:62:72:\x1b[m\x1b[K \x1b[01;35m\x1b[Kwarning: \x1b[m\x1b[K\xe2\x80\x98\x1b[01m\x1b[KEigen::AlignedBit\x1b[m\x1b[K\xe2\x80\x99 is deprecated [\x1b[01;35m\x1b[K-Wdeprecated-declarations\x1b[m\x1b[K]\n'}
[14.521402] (orb_slam3_ros2_wrapper) StderrLine: {'line': b'   62 |     typedef Eigen::Map<Matrix<double, D, D>, Matrix<double,D,D>::\x1b[01;35m\x1b[KFlags & AlignedBit\x1b[m\x1b[K ? Aligned : Unaligned >  HessianBlockType;\n'}
[14.521488] (orb_slam3_ros2_wrapper) StderrLine: {'line': b'      |                                                                  \x1b[01;35m\x1b[K~~~~~~^~~~~~~~~~~~\x1b[m\x1b[K\n'}
[14.521572] (orb_slam3_ros2_wrapper) StderrLine: {'line': b'In file included from \x1b[01m\x1b[K/usr/include/eigen3/Eigen/Core:161\x1b[m\x1b[K,\n'}
[14.521656] (orb_slam3_ros2_wrapper) StderrLine: {'line': b'                 from \x1b[01m\x1b[K/root/colcon_ws/src/orb_slam3_ros2_wrapper/include/orb_slam3_ros2_wrapper/orb_slam3_interface.hpp:12\x1b[m\x1b[K,\n'}
[14.521745] (orb_slam3_ros2_wrapper) StderrLine: {'line': b'                 from \x1b[01m\x1b[K/root/colcon_ws/src/orb_slam3_ros2_wrapper/src/orb_slam3_interface.cpp:6\x1b[m\x1b[K:\n'}
[14.521839] (orb_slam3_ros2_wrapper) StderrLine: {'line': b'\x1b[01m\x1b[K/usr/include/eigen3/Eigen/src/Core/util/Constants.h:167:37:\x1b[m\x1b[K \x1b[01;36m\x1b[Knote: \x1b[m\x1b[Kdeclared here\n'}
[14.521924] (orb_slam3_ros2_wrapper) StderrLine: {'line': b'  167 | EIGEN_DEPRECATED const unsigned int \x1b[01;36m\x1b[KAlignedBit\x1b[m\x1b[K = 0x80;\n'}
[14.522007] (orb_slam3_ros2_wrapper) StderrLine: {'line': b'      |                                     \x1b[01;36m\x1b[K^~~~~~~~~~\x1b[m\x1b[K\n'}
[14.576163] (orb_slam3_ros2_wrapper) StderrLine: {'line': b'In file included from \x1b[01m\x1b[K/home/orb/ORB_SLAM3/Thirdparty/g2o/g2o/types/types_six_dof_expmap.h:38\x1b[m\x1b[K,\n'}
[14.576569] (orb_slam3_ros2_wrapper) StderrLine: {'line': b'                 from \x1b[01m\x1b[K/home/orb/ORB_SLAM3/include/Converter.h:26\x1b[m\x1b[K,\n'}
[14.576679] (orb_slam3_ros2_wrapper) StderrLine: {'line': b'                 from \x1b[01m\x1b[K/home/orb/ORB_SLAM3/include/Frame.h:33\x1b[m\x1b[K,\n'}
[14.576789] (orb_slam3_ros2_wrapper) StderrLine: {'line': b'                 from \x1b[01m\x1b[K/home/orb/ORB_SLAM3/include/KeyFrame.h:28\x1b[m\x1b[K,\n'}
[14.576881] (orb_slam3_ros2_wrapper) StderrLine: {'line': b'                 from \x1b[01m\x1b[K/home/orb/ORB_SLAM3/include/MapPoint.h:23\x1b[m\x1b[K,\n'}
[14.576980] (orb_slam3_ros2_wrapper) StderrLine: {'line': b'                 from \x1b[01m\x1b[K/home/orb/ORB_SLAM3/include/FrameDrawer.h:24\x1b[m\x1b[K,\n'}
[14.577065] (orb_slam3_ros2_wrapper) StderrLine: {'line': b'                 from \x1b[01m\x1b[K/home/orb/ORB_SLAM3/include/Viewer.h:23\x1b[m\x1b[K,\n'}
[14.577149] (orb_slam3_ros2_wrapper) StderrLine: {'line': b'                 from \x1b[01m\x1b[K/home/orb/ORB_SLAM3/include/Tracking.h:26\x1b[m\x1b[K,\n'}
[14.577232] (orb_slam3_ros2_wrapper) StderrLine: {'line': b'                 from \x1b[01m\x1b[K/home/orb/ORB_SLAM3/include/System.h:31\x1b[m\x1b[K,\n'}
[14.577316] (orb_slam3_ros2_wrapper) StderrLine: {'line': b'                 from \x1b[01m\x1b[K/root/colcon_ws/src/orb_slam3_ros2_wrapper/include/orb_slam3_ros2_wrapper/orb_slam3_interface.hpp:28\x1b[m\x1b[K,\n'}
[14.577401] (orb_slam3_ros2_wrapper) StderrLine: {'line': b'                 from \x1b[01m\x1b[K/root/colcon_ws/src/orb_slam3_ros2_wrapper/src/orb_slam3_interface.cpp:6\x1b[m\x1b[K:\n'}
[14.577485] (orb_slam3_ros2_wrapper) StderrLine: {'line': b'/home/orb/ORB_SLAM3/Thirdparty/g2o/g2o/types/../core/base_binary_edge.h: In instantiation of \xe2\x80\x98\x1b[01m\x1b[Kclass g2o::BaseBinaryEdge<6, g2o::SE3Quat, g2o::VertexSE3Expmap, g2o::VertexSE3Expmap>\x1b[m\x1b[K\xe2\x80\x99:\n'}
[14.577582] (orb_slam3_ros2_wrapper) StderrLine: {'line': b'\x1b[01m\x1b[K/home/orb/ORB_SLAM3/Thirdparty/g2o/g2o/types/types_six_dof_expmap.h:83:24:\x1b[m\x1b[K   required from here\n'}
[14.577668] (orb_slam3_ros2_wrapper) StderrLine: {'line': b'\x1b[01m\x1b[K/home/orb/ORB_SLAM3/Thirdparty/g2o/g2o/types/../core/base_binary_edge.h:59:80:\x1b[m\x1b[K \x1b[01;35m\x1b[Kwarning: \x1b[m\x1b[K\xe2\x80\x98\x1b[01m\x1b[KEigen::AlignedBit\x1b[m\x1b[K\xe2\x80\x99 is deprecated [\x1b[01;35m\x1b[K-Wdeprecated-declarations\x1b[m\x1b[K]\n'}
[14.577773] (orb_slam3_ros2_wrapper) StderrLine: {'line': b'   59 |       typedef Eigen::Map<Matrix<double, Di, Dj>, Matrix<double, Di, Dj>::\x1b[01;35m\x1b[KFlags & AlignedBit\x1b[m\x1b[K ? Aligned : Unaligned > HessianBlockType;\n'}
[14.577863] (-) TimerEvent: {}
[14.578240] (orb_slam3_ros2_wrapper) StderrLine: {'line': b'      |                                                                          \x1b[01;35m\x1b[K~~~~~~^~~~~~~~~~~~\x1b[m\x1b[K\n'}
[14.578350] (orb_slam3_ros2_wrapper) StderrLine: {'line': b'In file included from \x1b[01m\x1b[K/usr/include/eigen3/Eigen/Core:161\x1b[m\x1b[K,\n'}
[14.578439] (orb_slam3_ros2_wrapper) StderrLine: {'line': b'                 from \x1b[01m\x1b[K/root/colcon_ws/src/orb_slam3_ros2_wrapper/include/orb_slam3_ros2_wrapper/orb_slam3_interface.hpp:12\x1b[m\x1b[K,\n'}
[14.578525] (orb_slam3_ros2_wrapper) StderrLine: {'line': b'                 from \x1b[01m\x1b[K/root/colcon_ws/src/orb_slam3_ros2_wrapper/src/orb_slam3_interface.cpp:6\x1b[m\x1b[K:\n'}
[14.578609] (orb_slam3_ros2_wrapper) StderrLine: {'line': b'\x1b[01m\x1b[K/usr/include/eigen3/Eigen/src/Core/util/Constants.h:167:37:\x1b[m\x1b[K \x1b[01;36m\x1b[Knote: \x1b[m\x1b[Kdeclared here\n'}
[14.578693] (orb_slam3_ros2_wrapper) StderrLine: {'line': b'  167 | EIGEN_DEPRECATED const unsigned int \x1b[01;36m\x1b[KAlignedBit\x1b[m\x1b[K = 0x80;\n'}
[14.578806] (orb_slam3_ros2_wrapper) StderrLine: {'line': b'      |                                     \x1b[01;36m\x1b[K^~~~~~~~~~\x1b[m\x1b[K\n'}
[14.578892] (orb_slam3_ros2_wrapper) StderrLine: {'line': b'In file included from \x1b[01m\x1b[K/home/orb/ORB_SLAM3/Thirdparty/g2o/g2o/types/types_six_dof_expmap.h:38\x1b[m\x1b[K,\n'}
[14.578977] (orb_slam3_ros2_wrapper) StderrLine: {'line': b'                 from \x1b[01m\x1b[K/home/orb/ORB_SLAM3/include/Converter.h:26\x1b[m\x1b[K,\n'}
[14.579061] (orb_slam3_ros2_wrapper) StderrLine: {'line': b'                 from \x1b[01m\x1b[K/home/orb/ORB_SLAM3/include/Frame.h:33\x1b[m\x1b[K,\n'}
[14.579145] (orb_slam3_ros2_wrapper) StderrLine: {'line': b'                 from \x1b[01m\x1b[K/home/orb/ORB_SLAM3/include/KeyFrame.h:28\x1b[m\x1b[K,\n'}
[14.579227] (orb_slam3_ros2_wrapper) StderrLine: {'line': b'                 from \x1b[01m\x1b[K/home/orb/ORB_SLAM3/include/MapPoint.h:23\x1b[m\x1b[K,\n'}
[14.579310] (orb_slam3_ros2_wrapper) StderrLine: {'line': b'                 from \x1b[01m\x1b[K/home/orb/ORB_SLAM3/include/FrameDrawer.h:24\x1b[m\x1b[K,\n'}
[14.579395] (orb_slam3_ros2_wrapper) StderrLine: {'line': b'                 from \x1b[01m\x1b[K/home/orb/ORB_SLAM3/include/Viewer.h:23\x1b[m\x1b[K,\n'}
[14.579478] (orb_slam3_ros2_wrapper) StderrLine: {'line': b'                 from \x1b[01m\x1b[K/home/orb/ORB_SLAM3/include/Tracking.h:26\x1b[m\x1b[K,\n'}
[14.579561] (orb_slam3_ros2_wrapper) StderrLine: {'line': b'                 from \x1b[01m\x1b[K/home/orb/ORB_SLAM3/include/System.h:31\x1b[m\x1b[K,\n'}
[14.579644] (orb_slam3_ros2_wrapper) StderrLine: {'line': b'                 from \x1b[01m\x1b[K/root/colcon_ws/src/orb_slam3_ros2_wrapper/include/orb_slam3_ros2_wrapper/orb_slam3_interface.hpp:28\x1b[m\x1b[K,\n'}
[14.579933] (orb_slam3_ros2_wrapper) StderrLine: {'line': b'                 from \x1b[01m\x1b[K/root/colcon_ws/src/orb_slam3_ros2_wrapper/src/orb_slam3_interface.cpp:6\x1b[m\x1b[K:\n'}
[14.580056] (orb_slam3_ros2_wrapper) StderrLine: {'line': b'\x1b[01m\x1b[K/home/orb/ORB_SLAM3/Thirdparty/g2o/g2o/types/../core/base_binary_edge.h:60:80:\x1b[m\x1b[K \x1b[01;35m\x1b[Kwarning: \x1b[m\x1b[K\xe2\x80\x98\x1b[01m\x1b[KEigen::AlignedBit\x1b[m\x1b[K\xe2\x80\x99 is deprecated [\x1b[01;35m\x1b[K-Wdeprecated-declarations\x1b[m\x1b[K]\n'}
[14.580147] (orb_slam3_ros2_wrapper) StderrLine: {'line': b'   60 |       typedef Eigen::Map<Matrix<double, Dj, Di>, Matrix<double, Dj, Di>::\x1b[01;35m\x1b[KFlags & AlignedBit\x1b[m\x1b[K ? Aligned : Unaligned > HessianBlockTransposedType;\n'}
[14.580235] (orb_slam3_ros2_wrapper) StderrLine: {'line': b'      |                                                                          \x1b[01;35m\x1b[K~~~~~~^~~~~~~~~~~~\x1b[m\x1b[K\n'}
[14.580320] (orb_slam3_ros2_wrapper) StderrLine: {'line': b'In file included from \x1b[01m\x1b[K/usr/include/eigen3/Eigen/Core:161\x1b[m\x1b[K,\n'}
[14.580407] (orb_slam3_ros2_wrapper) StderrLine: {'line': b'                 from \x1b[01m\x1b[K/root/colcon_ws/src/orb_slam3_ros2_wrapper/include/orb_slam3_ros2_wrapper/orb_slam3_interface.hpp:12\x1b[m\x1b[K,\n'}
[14.580491] (orb_slam3_ros2_wrapper) StderrLine: {'line': b'                 from \x1b[01m\x1b[K/root/colcon_ws/src/orb_slam3_ros2_wrapper/src/orb_slam3_interface.cpp:6\x1b[m\x1b[K:\n'}
[14.580575] (orb_slam3_ros2_wrapper) StderrLine: {'line': b'\x1b[01m\x1b[K/usr/include/eigen3/Eigen/src/Core/util/Constants.h:167:37:\x1b[m\x1b[K \x1b[01;36m\x1b[Knote: \x1b[m\x1b[Kdeclared here\n'}
[14.580658] (orb_slam3_ros2_wrapper) StderrLine: {'line': b'  167 | EIGEN_DEPRECATED const unsigned int \x1b[01;36m\x1b[KAlignedBit\x1b[m\x1b[K = 0x80;\n'}
[14.580752] (orb_slam3_ros2_wrapper) StderrLine: {'line': b'      |                                     \x1b[01;36m\x1b[K^~~~~~~~~~\x1b[m\x1b[K\n'}
[14.677998] (-) TimerEvent: {}
[14.721433] (orb_slam3_ros2_wrapper) StderrLine: {'line': b'In file included from \x1b[01m\x1b[K/home/orb/ORB_SLAM3/Thirdparty/g2o/g2o/types/types_six_dof_expmap.h:38\x1b[m\x1b[K,\n'}
[14.721673] (orb_slam3_ros2_wrapper) StderrLine: {'line': b'                 from \x1b[01m\x1b[K/home/orb/ORB_SLAM3/include/Converter.h:26\x1b[m\x1b[K,\n'}
[14.721809] (orb_slam3_ros2_wrapper) StderrLine: {'line': b'                 from \x1b[01m\x1b[K/home/orb/ORB_SLAM3/include/Frame.h:33\x1b[m\x1b[K,\n'}
[14.721927] (orb_slam3_ros2_wrapper) StderrLine: {'line': b'                 from \x1b[01m\x1b[K/home/orb/ORB_SLAM3/include/KeyFrame.h:28\x1b[m\x1b[K,\n'}
[14.722025] (orb_slam3_ros2_wrapper) StderrLine: {'line': b'                 from \x1b[01m\x1b[K/home/orb/ORB_SLAM3/include/MapPoint.h:23\x1b[m\x1b[K,\n'}
[14.722117] (orb_slam3_ros2_wrapper) StderrLine: {'line': b'                 from \x1b[01m\x1b[K/home/orb/ORB_SLAM3/include/FrameDrawer.h:24\x1b[m\x1b[K,\n'}
[14.722200] (orb_slam3_ros2_wrapper) StderrLine: {'line': b'                 from \x1b[01m\x1b[K/home/orb/ORB_SLAM3/include/Viewer.h:23\x1b[m\x1b[K,\n'}
[14.722284] (orb_slam3_ros2_wrapper) StderrLine: {'line': b'                 from \x1b[01m\x1b[K/home/orb/ORB_SLAM3/include/Tracking.h:26\x1b[m\x1b[K,\n'}
[14.722382] (orb_slam3_ros2_wrapper) StderrLine: {'line': b'                 from \x1b[01m\x1b[K/home/orb/ORB_SLAM3/include/System.h:31\x1b[m\x1b[K,\n'}
[14.722628] (orb_slam3_ros2_wrapper) StderrLine: {'line': b'                 from \x1b[01m\x1b[K/root/colcon_ws/src/orb_slam3_ros2_wrapper/include/orb_slam3_ros2_wrapper/orb_slam3_interface.hpp:28\x1b[m\x1b[K,\n'}
[14.722755] (orb_slam3_ros2_wrapper) StderrLine: {'line': b'                 from \x1b[01m\x1b[K/root/colcon_ws/src/orb_slam3_ros2_wrapper/src/orb_slam3_interface.cpp:6\x1b[m\x1b[K:\n'}
[14.722877] (orb_slam3_ros2_wrapper) StderrLine: {'line': b'/home/orb/ORB_SLAM3/Thirdparty/g2o/g2o/types/../core/base_binary_edge.h: In instantiation of \xe2\x80\x98\x1b[01m\x1b[Kclass g2o::BaseBinaryEdge<2, Eigen::Matrix<double, 2, 1>, g2o::VertexSBAPointXYZ, g2o::VertexSE3Expmap>\x1b[m\x1b[K\xe2\x80\x99:\n'}
[14.722988] (orb_slam3_ros2_wrapper) StderrLine: {'line': b'\x1b[01m\x1b[K/home/orb/ORB_SLAM3/Thirdparty/g2o/g2o/types/types_six_dof_expmap.h:114:35:\x1b[m\x1b[K   required from here\n'}
[14.723075] (orb_slam3_ros2_wrapper) StderrLine: {'line': b'\x1b[01m\x1b[K/home/orb/ORB_SLAM3/Thirdparty/g2o/g2o/types/../core/base_binary_edge.h:59:80:\x1b[m\x1b[K \x1b[01;35m\x1b[Kwarning: \x1b[m\x1b[K\xe2\x80\x98\x1b[01m\x1b[KEigen::AlignedBit\x1b[m\x1b[K\xe2\x80\x99 is deprecated [\x1b[01;35m\x1b[K-Wdeprecated-declarations\x1b[m\x1b[K]\n'}
[14.723156] (orb_slam3_ros2_wrapper) StderrLine: {'line': b'   59 |       typedef Eigen::Map<Matrix<double, Di, Dj>, Matrix<double, Di, Dj>::\x1b[01;35m\x1b[KFlags & AlignedBit\x1b[m\x1b[K ? Aligned : Unaligned > HessianBlockType;\n'}
[14.723236] (orb_slam3_ros2_wrapper) StderrLine: {'line': b'      |                                                                          \x1b[01;35m\x1b[K~~~~~~^~~~~~~~~~~~\x1b[m\x1b[K\n'}
[14.723316] (orb_slam3_ros2_wrapper) StderrLine: {'line': b'In file included from \x1b[01m\x1b[K/usr/include/eigen3/Eigen/Core:161\x1b[m\x1b[K,\n'}
[14.723411] (orb_slam3_ros2_wrapper) StderrLine: {'line': b'                 from \x1b[01m\x1b[K/root/colcon_ws/src/orb_slam3_ros2_wrapper/include/orb_slam3_ros2_wrapper/orb_slam3_interface.hpp:12\x1b[m\x1b[K,\n'}
[14.723495] (orb_slam3_ros2_wrapper) StderrLine: {'line': b'                 from \x1b[01m\x1b[K/root/colcon_ws/src/orb_slam3_ros2_wrapper/src/orb_slam3_interface.cpp:6\x1b[m\x1b[K:\n'}
[14.723573] (orb_slam3_ros2_wrapper) StderrLine: {'line': b'\x1b[01m\x1b[K/usr/include/eigen3/Eigen/src/Core/util/Constants.h:167:37:\x1b[m\x1b[K \x1b[01;36m\x1b[Knote: \x1b[m\x1b[Kdeclared here\n'}
[14.723654] (orb_slam3_ros2_wrapper) StderrLine: {'line': b'  167 | EIGEN_DEPRECATED const unsigned int \x1b[01;36m\x1b[KAlignedBit\x1b[m\x1b[K = 0x80;\n'}
[14.723759] (orb_slam3_ros2_wrapper) StderrLine: {'line': b'      |                                     \x1b[01;36m\x1b[K^~~~~~~~~~\x1b[m\x1b[K\n'}
[14.750555] (orb_slam3_ros2_wrapper) StderrLine: {'line': b'In file included from \x1b[01m\x1b[K/home/orb/ORB_SLAM3/Thirdparty/g2o/g2o/types/types_six_dof_expmap.h:38\x1b[m\x1b[K,\n'}
[14.750789] (orb_slam3_ros2_wrapper) StderrLine: {'line': b'                 from \x1b[01m\x1b[K/home/orb/ORB_SLAM3/include/Converter.h:26\x1b[m\x1b[K,\n'}
[14.750925] (orb_slam3_ros2_wrapper) StderrLine: {'line': b'                 from \x1b[01m\x1b[K/home/orb/ORB_SLAM3/include/Frame.h:33\x1b[m\x1b[K,\n'}
[14.751029] (orb_slam3_ros2_wrapper) StderrLine: {'line': b'                 from \x1b[01m\x1b[K/home/orb/ORB_SLAM3/include/KeyFrame.h:28\x1b[m\x1b[K,\n'}
[14.751129] (orb_slam3_ros2_wrapper) StderrLine: {'line': b'                 from \x1b[01m\x1b[K/home/orb/ORB_SLAM3/include/MapPoint.h:23\x1b[m\x1b[K,\n'}
[14.751227] (orb_slam3_ros2_wrapper) StderrLine: {'line': b'                 from \x1b[01m\x1b[K/home/orb/ORB_SLAM3/include/FrameDrawer.h:24\x1b[m\x1b[K,\n'}
[14.751326] (orb_slam3_ros2_wrapper) StderrLine: {'line': b'                 from \x1b[01m\x1b[K/home/orb/ORB_SLAM3/include/Viewer.h:23\x1b[m\x1b[K,\n'}
[14.751422] (orb_slam3_ros2_wrapper) StderrLine: {'line': b'                 from \x1b[01m\x1b[K/home/orb/ORB_SLAM3/include/Tracking.h:26\x1b[m\x1b[K,\n'}
[14.751521] (orb_slam3_ros2_wrapper) StderrLine: {'line': b'                 from \x1b[01m\x1b[K/home/orb/ORB_SLAM3/include/System.h:31\x1b[m\x1b[K,\n'}
[14.751621] (orb_slam3_ros2_wrapper) StderrLine: {'line': b'                 from \x1b[01m\x1b[K/root/colcon_ws/src/orb_slam3_ros2_wrapper/include/orb_slam3_ros2_wrapper/orb_slam3_interface.hpp:28\x1b[m\x1b[K,\n'}
[14.751732] (orb_slam3_ros2_wrapper) StderrLine: {'line': b'                 from \x1b[01m\x1b[K/root/colcon_ws/src/orb_slam3_ros2_wrapper/src/orb_slam3_interface.cpp:6\x1b[m\x1b[K:\n'}
[14.751845] (orb_slam3_ros2_wrapper) StderrLine: {'line': b'\x1b[01m\x1b[K/home/orb/ORB_SLAM3/Thirdparty/g2o/g2o/types/../core/base_binary_edge.h:60:80:\x1b[m\x1b[K \x1b[01;35m\x1b[Kwarning: \x1b[m\x1b[K\xe2\x80\x98\x1b[01m\x1b[KEigen::AlignedBit\x1b[m\x1b[K\xe2\x80\x99 is deprecated [\x1b[01;35m\x1b[K-Wdeprecated-declarations\x1b[m\x1b[K]\n'}
[14.751948] (orb_slam3_ros2_wrapper) StderrLine: {'line': b'   60 |       typedef Eigen::Map<Matrix<double, Dj, Di>, Matrix<double, Dj, Di>::\x1b[01;35m\x1b[KFlags & AlignedBit\x1b[m\x1b[K ? Aligned : Unaligned > HessianBlockTransposedType;\n'}
[14.752052] (orb_slam3_ros2_wrapper) StderrLine: {'line': b'      |                                                                          \x1b[01;35m\x1b[K~~~~~~^~~~~~~~~~~~\x1b[m\x1b[K\n'}
[14.752443] (orb_slam3_ros2_wrapper) StderrLine: {'line': b'In file included from \x1b[01m\x1b[K/usr/include/eigen3/Eigen/Core:161\x1b[m\x1b[K,\n'}
[14.752569] (orb_slam3_ros2_wrapper) StderrLine: {'line': b'                 from \x1b[01m\x1b[K/root/colcon_ws/src/orb_slam3_ros2_wrapper/include/orb_slam3_ros2_wrapper/orb_slam3_interface.hpp:12\x1b[m\x1b[K,\n'}
[14.752671] (orb_slam3_ros2_wrapper) StderrLine: {'line': b'                 from \x1b[01m\x1b[K/root/colcon_ws/src/orb_slam3_ros2_wrapper/src/orb_slam3_interface.cpp:6\x1b[m\x1b[K:\n'}
[14.752792] (orb_slam3_ros2_wrapper) StderrLine: {'line': b'\x1b[01m\x1b[K/usr/include/eigen3/Eigen/src/Core/util/Constants.h:167:37:\x1b[m\x1b[K \x1b[01;36m\x1b[Knote: \x1b[m\x1b[Kdeclared here\n'}
[14.752903] (orb_slam3_ros2_wrapper) StderrLine: {'line': b'  167 | EIGEN_DEPRECATED const unsigned int \x1b[01;36m\x1b[KAlignedBit\x1b[m\x1b[K = 0x80;\n'}
[14.752991] (orb_slam3_ros2_wrapper) StderrLine: {'line': b'      |                                     \x1b[01;36m\x1b[K^~~~~~~~~~\x1b[m\x1b[K\n'}
[14.778109] (-) TimerEvent: {}
[14.866466] (orb_slam3_ros2_wrapper) StderrLine: {'line': b'In file included from \x1b[01m\x1b[K/home/orb/ORB_SLAM3/Thirdparty/g2o/g2o/types/types_six_dof_expmap.h:38\x1b[m\x1b[K,\n'}
[14.866715] (orb_slam3_ros2_wrapper) StderrLine: {'line': b'                 from \x1b[01m\x1b[K/home/orb/ORB_SLAM3/include/Converter.h:26\x1b[m\x1b[K,\n'}
[14.867009] (orb_slam3_ros2_wrapper) StderrLine: {'line': b'                 from \x1b[01m\x1b[K/home/orb/ORB_SLAM3/include/Frame.h:33\x1b[m\x1b[K,\n'}
[14.867115] (orb_slam3_ros2_wrapper) StderrLine: {'line': b'                 from \x1b[01m\x1b[K/home/orb/ORB_SLAM3/include/KeyFrame.h:28\x1b[m\x1b[K,\n'}
[14.867239] (orb_slam3_ros2_wrapper) StderrLine: {'line': b'                 from \x1b[01m\x1b[K/home/orb/ORB_SLAM3/include/MapPoint.h:23\x1b[m\x1b[K,\n'}
[14.867343] (orb_slam3_ros2_wrapper) StderrLine: {'line': b'                 from \x1b[01m\x1b[K/home/orb/ORB_SLAM3/include/FrameDrawer.h:24\x1b[m\x1b[K,\n'}
[14.867439] (orb_slam3_ros2_wrapper) StderrLine: {'line': b'                 from \x1b[01m\x1b[K/home/orb/ORB_SLAM3/include/Viewer.h:23\x1b[m\x1b[K,\n'}
[14.867539] (orb_slam3_ros2_wrapper) StderrLine: {'line': b'                 from \x1b[01m\x1b[K/home/orb/ORB_SLAM3/include/Tracking.h:26\x1b[m\x1b[K,\n'}
[14.867642] (orb_slam3_ros2_wrapper) StderrLine: {'line': b'                 from \x1b[01m\x1b[K/home/orb/ORB_SLAM3/include/System.h:31\x1b[m\x1b[K,\n'}
[14.867757] (orb_slam3_ros2_wrapper) StderrLine: {'line': b'                 from \x1b[01m\x1b[K/root/colcon_ws/src/orb_slam3_ros2_wrapper/include/orb_slam3_ros2_wrapper/orb_slam3_interface.hpp:28\x1b[m\x1b[K,\n'}
[14.867873] (orb_slam3_ros2_wrapper) StderrLine: {'line': b'                 from \x1b[01m\x1b[K/root/colcon_ws/src/orb_slam3_ros2_wrapper/src/orb_slam3_interface.cpp:6\x1b[m\x1b[K:\n'}
[14.867978] (orb_slam3_ros2_wrapper) StderrLine: {'line': b'/home/orb/ORB_SLAM3/Thirdparty/g2o/g2o/types/../core/base_binary_edge.h: In instantiation of \xe2\x80\x98\x1b[01m\x1b[Kclass g2o::BaseBinaryEdge<3, Eigen::Matrix<double, 3, 1>, g2o::VertexSBAPointXYZ, g2o::VertexSE3Expmap>\x1b[m\x1b[K\xe2\x80\x99:\n'}
[14.868083] (orb_slam3_ros2_wrapper) StderrLine: {'line': b'\x1b[01m\x1b[K/home/orb/ORB_SLAM3/Thirdparty/g2o/g2o/types/types_six_dof_expmap.h:146:41:\x1b[m\x1b[K   required from here\n'}
[14.868186] (orb_slam3_ros2_wrapper) StderrLine: {'line': b'\x1b[01m\x1b[K/home/orb/ORB_SLAM3/Thirdparty/g2o/g2o/types/../core/base_binary_edge.h:59:80:\x1b[m\x1b[K \x1b[01;35m\x1b[Kwarning: \x1b[m\x1b[K\xe2\x80\x98\x1b[01m\x1b[KEigen::AlignedBit\x1b[m\x1b[K\xe2\x80\x99 is deprecated [\x1b[01;35m\x1b[K-Wdeprecated-declarations\x1b[m\x1b[K]\n'}
[14.868283] (orb_slam3_ros2_wrapper) StderrLine: {'line': b'   59 |       typedef Eigen::Map<Matrix<double, Di, Dj>, Matrix<double, Di, Dj>::\x1b[01;35m\x1b[KFlags & AlignedBit\x1b[m\x1b[K ? Aligned : Unaligned > HessianBlockType;\n'}
[14.868388] (orb_slam3_ros2_wrapper) StderrLine: {'line': b'      |                                                                          \x1b[01;35m\x1b[K~~~~~~^~~~~~~~~~~~\x1b[m\x1b[K\n'}
[14.868482] (orb_slam3_ros2_wrapper) StderrLine: {'line': b'In file included from \x1b[01m\x1b[K/usr/include/eigen3/Eigen/Core:161\x1b[m\x1b[K,\n'}
[14.868582] (orb_slam3_ros2_wrapper) StderrLine: {'line': b'                 from \x1b[01m\x1b[K/root/colcon_ws/src/orb_slam3_ros2_wrapper/include/orb_slam3_ros2_wrapper/orb_slam3_interface.hpp:12\x1b[m\x1b[K,\n'}
[14.868682] (orb_slam3_ros2_wrapper) StderrLine: {'line': b'                 from \x1b[01m\x1b[K/root/colcon_ws/src/orb_slam3_ros2_wrapper/src/orb_slam3_interface.cpp:6\x1b[m\x1b[K:\n'}
[14.868794] (orb_slam3_ros2_wrapper) StderrLine: {'line': b'\x1b[01m\x1b[K/usr/include/eigen3/Eigen/src/Core/util/Constants.h:167:37:\x1b[m\x1b[K \x1b[01;36m\x1b[Knote: \x1b[m\x1b[Kdeclared here\n'}
[14.868899] (orb_slam3_ros2_wrapper) StderrLine: {'line': b'  167 | EIGEN_DEPRECATED const unsigned int \x1b[01;36m\x1b[KAlignedBit\x1b[m\x1b[K = 0x80;\n'}
[14.869001] (orb_slam3_ros2_wrapper) StderrLine: {'line': b'      |                                     \x1b[01;36m\x1b[K^~~~~~~~~~\x1b[m\x1b[K\n'}
[14.869101] (orb_slam3_ros2_wrapper) StderrLine: {'line': b'In file included from \x1b[01m\x1b[K/home/orb/ORB_SLAM3/Thirdparty/g2o/g2o/types/types_six_dof_expmap.h:38\x1b[m\x1b[K,\n'}
[14.869203] (orb_slam3_ros2_wrapper) StderrLine: {'line': b'                 from \x1b[01m\x1b[K/home/orb/ORB_SLAM3/include/Converter.h:26\x1b[m\x1b[K,\n'}
[14.869306] (orb_slam3_ros2_wrapper) StderrLine: {'line': b'                 from \x1b[01m\x1b[K/home/orb/ORB_SLAM3/include/Frame.h:33\x1b[m\x1b[K,\n'}
[14.869406] (orb_slam3_ros2_wrapper) StderrLine: {'line': b'                 from \x1b[01m\x1b[K/home/orb/ORB_SLAM3/include/KeyFrame.h:28\x1b[m\x1b[K,\n'}
[14.869522] (orb_slam3_ros2_wrapper) StderrLine: {'line': b'                 from \x1b[01m\x1b[K/home/orb/ORB_SLAM3/include/MapPoint.h:23\x1b[m\x1b[K,\n'}
[14.869626] (orb_slam3_ros2_wrapper) StderrLine: {'line': b'                 from \x1b[01m\x1b[K/home/orb/ORB_SLAM3/include/FrameDrawer.h:24\x1b[m\x1b[K,\n'}
[14.869966] (orb_slam3_ros2_wrapper) StderrLine: {'line': b'                 from \x1b[01m\x1b[K/home/orb/ORB_SLAM3/include/Viewer.h:23\x1b[m\x1b[K,\n'}
[14.870101] (orb_slam3_ros2_wrapper) StderrLine: {'line': b'                 from \x1b[01m\x1b[K/home/orb/ORB_SLAM3/include/Tracking.h:26\x1b[m\x1b[K,\n'}
[14.870205] (orb_slam3_ros2_wrapper) StderrLine: {'line': b'                 from \x1b[01m\x1b[K/home/orb/ORB_SLAM3/include/System.h:31\x1b[m\x1b[K,\n'}
[14.870309] (orb_slam3_ros2_wrapper) StderrLine: {'line': b'                 from \x1b[01m\x1b[K/root/colcon_ws/src/orb_slam3_ros2_wrapper/include/orb_slam3_ros2_wrapper/orb_slam3_interface.hpp:28\x1b[m\x1b[K,\n'}
[14.870422] (orb_slam3_ros2_wrapper) StderrLine: {'line': b'                 from \x1b[01m\x1b[K/root/colcon_ws/src/orb_slam3_ros2_wrapper/src/orb_slam3_interface.cpp:6\x1b[m\x1b[K:\n'}
[14.870770] (orb_slam3_ros2_wrapper) StderrLine: {'line': b'\x1b[01m\x1b[K/home/orb/ORB_SLAM3/Thirdparty/g2o/g2o/types/../core/base_binary_edge.h:60:80:\x1b[m\x1b[K \x1b[01;35m\x1b[Kwarning: \x1b[m\x1b[K\xe2\x80\x98\x1b[01m\x1b[KEigen::AlignedBit\x1b[m\x1b[K\xe2\x80\x99 is deprecated [\x1b[01;35m\x1b[K-Wdeprecated-declarations\x1b[m\x1b[K]\n'}
[14.870891] (orb_slam3_ros2_wrapper) StderrLine: {'line': b'   60 |       typedef Eigen::Map<Matrix<double, Dj, Di>, Matrix<double, Dj, Di>::\x1b[01;35m\x1b[KFlags & AlignedBit\x1b[m\x1b[K ? Aligned : Unaligned > HessianBlockTransposedType;\n'}
[14.871009] (orb_slam3_ros2_wrapper) StderrLine: {'line': b'      |                                                                          \x1b[01;35m\x1b[K~~~~~~^~~~~~~~~~~~\x1b[m\x1b[K\n'}
[14.871124] (orb_slam3_ros2_wrapper) StderrLine: {'line': b'In file included from \x1b[01m\x1b[K/usr/include/eigen3/Eigen/Core:161\x1b[m\x1b[K,\n'}
[14.871226] (orb_slam3_ros2_wrapper) StderrLine: {'line': b'                 from \x1b[01m\x1b[K/root/colcon_ws/src/orb_slam3_ros2_wrapper/include/orb_slam3_ros2_wrapper/orb_slam3_interface.hpp:12\x1b[m\x1b[K,\n'}
[14.871326] (orb_slam3_ros2_wrapper) StderrLine: {'line': b'                 from \x1b[01m\x1b[K/root/colcon_ws/src/orb_slam3_ros2_wrapper/src/orb_slam3_interface.cpp:6\x1b[m\x1b[K:\n'}
[14.871427] (orb_slam3_ros2_wrapper) StderrLine: {'line': b'\x1b[01m\x1b[K/usr/include/eigen3/Eigen/src/Core/util/Constants.h:167:37:\x1b[m\x1b[K \x1b[01;36m\x1b[Knote: \x1b[m\x1b[Kdeclared here\n'}
[14.871529] (orb_slam3_ros2_wrapper) StderrLine: {'line': b'  167 | EIGEN_DEPRECATED const unsigned int \x1b[01;36m\x1b[KAlignedBit\x1b[m\x1b[K = 0x80;\n'}
[14.871630] (orb_slam3_ros2_wrapper) StderrLine: {'line': b'      |                                     \x1b[01;36m\x1b[K^~~~~~~~~~\x1b[m\x1b[K\n'}
[14.878216] (-) TimerEvent: {}
[14.978980] (-) TimerEvent: {}
[15.079314] (-) TimerEvent: {}
[15.179651] (-) TimerEvent: {}
[15.280007] (-) TimerEvent: {}
[15.284677] (orb_slam3_ros2_wrapper) StderrLine: {'line': b'In file included from \x1b[01m\x1b[K/home/orb/ORB_SLAM3/Thirdparty/g2o/g2o/types/types_six_dof_expmap.h:37\x1b[m\x1b[K,\n'}
[15.284921] (orb_slam3_ros2_wrapper) StderrLine: {'line': b'                 from \x1b[01m\x1b[K/home/orb/ORB_SLAM3/include/Converter.h:26\x1b[m\x1b[K,\n'}
[15.285039] (orb_slam3_ros2_wrapper) StderrLine: {'line': b'                 from \x1b[01m\x1b[K/home/orb/ORB_SLAM3/include/Frame.h:33\x1b[m\x1b[K,\n'}
[15.285138] (orb_slam3_ros2_wrapper) StderrLine: {'line': b'                 from \x1b[01m\x1b[K/home/orb/ORB_SLAM3/include/KeyFrame.h:28\x1b[m\x1b[K,\n'}
[15.285238] (orb_slam3_ros2_wrapper) StderrLine: {'line': b'                 from \x1b[01m\x1b[K/home/orb/ORB_SLAM3/include/MapPoint.h:23\x1b[m\x1b[K,\n'}
[15.285341] (orb_slam3_ros2_wrapper) StderrLine: {'line': b'                 from \x1b[01m\x1b[K/home/orb/ORB_SLAM3/include/FrameDrawer.h:24\x1b[m\x1b[K,\n'}
[15.285457] (orb_slam3_ros2_wrapper) StderrLine: {'line': b'                 from \x1b[01m\x1b[K/home/orb/ORB_SLAM3/include/Viewer.h:23\x1b[m\x1b[K,\n'}
[15.285553] (orb_slam3_ros2_wrapper) StderrLine: {'line': b'                 from \x1b[01m\x1b[K/home/orb/ORB_SLAM3/include/Tracking.h:26\x1b[m\x1b[K,\n'}
[15.285648] (orb_slam3_ros2_wrapper) StderrLine: {'line': b'                 from \x1b[01m\x1b[K/home/orb/ORB_SLAM3/include/System.h:31\x1b[m\x1b[K,\n'}
[15.285759] (orb_slam3_ros2_wrapper) StderrLine: {'line': b'                 from \x1b[01m\x1b[K/root/colcon_ws/src/orb_slam3_ros2_wrapper/include/orb_slam3_ros2_wrapper/orb_slam3_interface.hpp:28\x1b[m\x1b[K,\n'}
[15.285871] (orb_slam3_ros2_wrapper) StderrLine: {'line': b'                 from \x1b[01m\x1b[K/root/colcon_ws/src/orb_slam3_ros2_wrapper/src/orb_slam3_interface.cpp:6\x1b[m\x1b[K:\n'}
[15.285969] (orb_slam3_ros2_wrapper) StderrLine: {'line': b'/home/orb/ORB_SLAM3/Thirdparty/g2o/g2o/types/../core/base_vertex.h: In instantiation of \xe2\x80\x98\x1b[01m\x1b[Kclass g2o::BaseVertex<7, g2o::Sim3>\x1b[m\x1b[K\xe2\x80\x99:\n'}
[15.286065] (orb_slam3_ros2_wrapper) StderrLine: {'line': b'\x1b[01m\x1b[K/home/orb/ORB_SLAM3/Thirdparty/g2o/g2o/types/types_seven_dof_expmap.h:48:35:\x1b[m\x1b[K   required from here\n'}
[15.286163] (orb_slam3_ros2_wrapper) StderrLine: {'line': b'\x1b[01m\x1b[K/home/orb/ORB_SLAM3/Thirdparty/g2o/g2o/types/../core/base_vertex.h:62:72:\x1b[m\x1b[K \x1b[01;35m\x1b[Kwarning: \x1b[m\x1b[K\xe2\x80\x98\x1b[01m\x1b[KEigen::AlignedBit\x1b[m\x1b[K\xe2\x80\x99 is deprecated [\x1b[01;35m\x1b[K-Wdeprecated-declarations\x1b[m\x1b[K]\n'}
[15.286270] (orb_slam3_ros2_wrapper) StderrLine: {'line': b'   62 |     typedef Eigen::Map<Matrix<double, D, D>, Matrix<double,D,D>::\x1b[01;35m\x1b[KFlags & AlignedBit\x1b[m\x1b[K ? Aligned : Unaligned >  HessianBlockType;\n'}
[15.286369] (orb_slam3_ros2_wrapper) StderrLine: {'line': b'      |                                                                  \x1b[01;35m\x1b[K~~~~~~^~~~~~~~~~~~\x1b[m\x1b[K\n'}
[15.286794] (orb_slam3_ros2_wrapper) StderrLine: {'line': b'In file included from \x1b[01m\x1b[K/usr/include/eigen3/Eigen/Core:161\x1b[m\x1b[K,\n'}
[15.286947] (orb_slam3_ros2_wrapper) StderrLine: {'line': b'                 from \x1b[01m\x1b[K/root/colcon_ws/src/orb_slam3_ros2_wrapper/include/orb_slam3_ros2_wrapper/orb_slam3_interface.hpp:12\x1b[m\x1b[K,\n'}
[15.287061] (orb_slam3_ros2_wrapper) StderrLine: {'line': b'                 from \x1b[01m\x1b[K/root/colcon_ws/src/orb_slam3_ros2_wrapper/src/orb_slam3_interface.cpp:6\x1b[m\x1b[K:\n'}
[15.287169] (orb_slam3_ros2_wrapper) StderrLine: {'line': b'\x1b[01m\x1b[K/usr/include/eigen3/Eigen/src/Core/util/Constants.h:167:37:\x1b[m\x1b[K \x1b[01;36m\x1b[Knote: \x1b[m\x1b[Kdeclared here\n'}
[15.287280] (orb_slam3_ros2_wrapper) StderrLine: {'line': b'  167 | EIGEN_DEPRECATED const unsigned int \x1b[01;36m\x1b[KAlignedBit\x1b[m\x1b[K = 0x80;\n'}
[15.287384] (orb_slam3_ros2_wrapper) StderrLine: {'line': b'      |                                     \x1b[01;36m\x1b[K^~~~~~~~~~\x1b[m\x1b[K\n'}
[15.347149] (orb_slam3_ros2_wrapper) StderrLine: {'line': b'In file included from \x1b[01m\x1b[K/home/orb/ORB_SLAM3/Thirdparty/g2o/g2o/types/types_six_dof_expmap.h:38\x1b[m\x1b[K,\n'}
[15.347699] (orb_slam3_ros2_wrapper) StderrLine: {'line': b'                 from \x1b[01m\x1b[K/home/orb/ORB_SLAM3/include/Converter.h:26\x1b[m\x1b[K,\n'}
[15.347872] (orb_slam3_ros2_wrapper) StderrLine: {'line': b'                 from \x1b[01m\x1b[K/home/orb/ORB_SLAM3/include/Frame.h:33\x1b[m\x1b[K,\n'}
[15.347991] (orb_slam3_ros2_wrapper) StderrLine: {'line': b'                 from \x1b[01m\x1b[K/home/orb/ORB_SLAM3/include/KeyFrame.h:28\x1b[m\x1b[K,\n'}
[15.348101] (orb_slam3_ros2_wrapper) StderrLine: {'line': b'                 from \x1b[01m\x1b[K/home/orb/ORB_SLAM3/include/MapPoint.h:23\x1b[m\x1b[K,\n'}
[15.348207] (orb_slam3_ros2_wrapper) StderrLine: {'line': b'                 from \x1b[01m\x1b[K/home/orb/ORB_SLAM3/include/FrameDrawer.h:24\x1b[m\x1b[K,\n'}
[15.348328] (orb_slam3_ros2_wrapper) StderrLine: {'line': b'                 from \x1b[01m\x1b[K/home/orb/ORB_SLAM3/include/Viewer.h:23\x1b[m\x1b[K,\n'}
[15.348435] (orb_slam3_ros2_wrapper) StderrLine: {'line': b'                 from \x1b[01m\x1b[K/home/orb/ORB_SLAM3/include/Tracking.h:26\x1b[m\x1b[K,\n'}
[15.348542] (orb_slam3_ros2_wrapper) StderrLine: {'line': b'                 from \x1b[01m\x1b[K/home/orb/ORB_SLAM3/include/System.h:31\x1b[m\x1b[K,\n'}
[15.348658] (orb_slam3_ros2_wrapper) StderrLine: {'line': b'                 from \x1b[01m\x1b[K/root/colcon_ws/src/orb_slam3_ros2_wrapper/include/orb_slam3_ros2_wrapper/orb_slam3_interface.hpp:28\x1b[m\x1b[K,\n'}
[15.348780] (orb_slam3_ros2_wrapper) StderrLine: {'line': b'                 from \x1b[01m\x1b[K/root/colcon_ws/src/orb_slam3_ros2_wrapper/src/orb_slam3_interface.cpp:6\x1b[m\x1b[K:\n'}
[15.348893] (orb_slam3_ros2_wrapper) StderrLine: {'line': b'/home/orb/ORB_SLAM3/Thirdparty/g2o/g2o/types/../core/base_binary_edge.h: In instantiation of \xe2\x80\x98\x1b[01m\x1b[Kclass g2o::BaseBinaryEdge<7, g2o::Sim3, g2o::VertexSim3Expmap, g2o::VertexSim3Expmap>\x1b[m\x1b[K\xe2\x80\x99:\n'}
[15.349011] (orb_slam3_ros2_wrapper) StderrLine: {'line': b'\x1b[01m\x1b[K/home/orb/ORB_SLAM3/Thirdparty/g2o/g2o/types/types_seven_dof_expmap.h:99:27:\x1b[m\x1b[K   required from here\n'}
[15.349118] (orb_slam3_ros2_wrapper) StderrLine: {'line': b'\x1b[01m\x1b[K/home/orb/ORB_SLAM3/Thirdparty/g2o/g2o/types/../core/base_binary_edge.h:59:80:\x1b[m\x1b[K \x1b[01;35m\x1b[Kwarning: \x1b[m\x1b[K\xe2\x80\x98\x1b[01m\x1b[KEigen::AlignedBit\x1b[m\x1b[K\xe2\x80\x99 is deprecated [\x1b[01;35m\x1b[K-Wdeprecated-declarations\x1b[m\x1b[K]\n'}
[15.349231] (orb_slam3_ros2_wrapper) StderrLine: {'line': b'   59 |       typedef Eigen::Map<Matrix<double, Di, Dj>, Matrix<double, Di, Dj>::\x1b[01;35m\x1b[KFlags & AlignedBit\x1b[m\x1b[K ? Aligned : Unaligned > HessianBlockType;\n'}
[15.349338] (orb_slam3_ros2_wrapper) StderrLine: {'line': b'      |                                                                          \x1b[01;35m\x1b[K~~~~~~^~~~~~~~~~~~\x1b[m\x1b[K\n'}
[15.349458] (orb_slam3_ros2_wrapper) StderrLine: {'line': b'In file included from \x1b[01m\x1b[K/usr/include/eigen3/Eigen/Core:161\x1b[m\x1b[K,\n'}
[15.349567] (orb_slam3_ros2_wrapper) StderrLine: {'line': b'                 from \x1b[01m\x1b[K/root/colcon_ws/src/orb_slam3_ros2_wrapper/include/orb_slam3_ros2_wrapper/orb_slam3_interface.hpp:12\x1b[m\x1b[K,\n'}
[15.349675] (orb_slam3_ros2_wrapper) StderrLine: {'line': b'                 from \x1b[01m\x1b[K/root/colcon_ws/src/orb_slam3_ros2_wrapper/src/orb_slam3_interface.cpp:6\x1b[m\x1b[K:\n'}
[15.349799] (orb_slam3_ros2_wrapper) StderrLine: {'line': b'\x1b[01m\x1b[K/usr/include/eigen3/Eigen/src/Core/util/Constants.h:167:37:\x1b[m\x1b[K \x1b[01;36m\x1b[Knote: \x1b[m\x1b[Kdeclared here\n'}
[15.349908] (orb_slam3_ros2_wrapper) StderrLine: {'line': b'  167 | EIGEN_DEPRECATED const unsigned int \x1b[01;36m\x1b[KAlignedBit\x1b[m\x1b[K = 0x80;\n'}
[15.350013] (orb_slam3_ros2_wrapper) StderrLine: {'line': b'      |                                     \x1b[01;36m\x1b[K^~~~~~~~~~\x1b[m\x1b[K\n'}
[15.350120] (orb_slam3_ros2_wrapper) StderrLine: {'line': b'In file included from \x1b[01m\x1b[K/home/orb/ORB_SLAM3/Thirdparty/g2o/g2o/types/types_six_dof_expmap.h:38\x1b[m\x1b[K,\n'}
[15.350228] (orb_slam3_ros2_wrapper) StderrLine: {'line': b'                 from \x1b[01m\x1b[K/home/orb/ORB_SLAM3/include/Converter.h:26\x1b[m\x1b[K,\n'}
[15.350337] (orb_slam3_ros2_wrapper) StderrLine: {'line': b'                 from \x1b[01m\x1b[K/home/orb/ORB_SLAM3/include/Frame.h:33\x1b[m\x1b[K,\n'}
[15.350444] (orb_slam3_ros2_wrapper) StderrLine: {'line': b'                 from \x1b[01m\x1b[K/home/orb/ORB_SLAM3/include/KeyFrame.h:28\x1b[m\x1b[K,\n'}
[15.350551] (orb_slam3_ros2_wrapper) StderrLine: {'line': b'                 from \x1b[01m\x1b[K/home/orb/ORB_SLAM3/include/MapPoint.h:23\x1b[m\x1b[K,\n'}
[15.350656] (orb_slam3_ros2_wrapper) StderrLine: {'line': b'                 from \x1b[01m\x1b[K/home/orb/ORB_SLAM3/include/FrameDrawer.h:24\x1b[m\x1b[K,\n'}
[15.350801] (orb_slam3_ros2_wrapper) StderrLine: {'line': b'                 from \x1b[01m\x1b[K/home/orb/ORB_SLAM3/include/Viewer.h:23\x1b[m\x1b[K,\n'}
[15.350911] (orb_slam3_ros2_wrapper) StderrLine: {'line': b'                 from \x1b[01m\x1b[K/home/orb/ORB_SLAM3/include/Tracking.h:26\x1b[m\x1b[K,\n'}
[15.351017] (orb_slam3_ros2_wrapper) StderrLine: {'line': b'                 from \x1b[01m\x1b[K/home/orb/ORB_SLAM3/include/System.h:31\x1b[m\x1b[K,\n'}
[15.351121] (orb_slam3_ros2_wrapper) StderrLine: {'line': b'                 from \x1b[01m\x1b[K/root/colcon_ws/src/orb_slam3_ros2_wrapper/include/orb_slam3_ros2_wrapper/orb_slam3_interface.hpp:28\x1b[m\x1b[K,\n'}
[15.351229] (orb_slam3_ros2_wrapper) StderrLine: {'line': b'                 from \x1b[01m\x1b[K/root/colcon_ws/src/orb_slam3_ros2_wrapper/src/orb_slam3_interface.cpp:6\x1b[m\x1b[K:\n'}
[15.351337] (orb_slam3_ros2_wrapper) StderrLine: {'line': b'\x1b[01m\x1b[K/home/orb/ORB_SLAM3/Thirdparty/g2o/g2o/types/../core/base_binary_edge.h:60:80:\x1b[m\x1b[K \x1b[01;35m\x1b[Kwarning: \x1b[m\x1b[K\xe2\x80\x98\x1b[01m\x1b[KEigen::AlignedBit\x1b[m\x1b[K\xe2\x80\x99 is deprecated [\x1b[01;35m\x1b[K-Wdeprecated-declarations\x1b[m\x1b[K]\n'}
[15.351449] (orb_slam3_ros2_wrapper) StderrLine: {'line': b'   60 |       typedef Eigen::Map<Matrix<double, Dj, Di>, Matrix<double, Dj, Di>::\x1b[01;35m\x1b[KFlags & AlignedBit\x1b[m\x1b[K ? Aligned : Unaligned > HessianBlockTransposedType;\n'}
[15.351558] (orb_slam3_ros2_wrapper) StderrLine: {'line': b'      |                                                                          \x1b[01;35m\x1b[K~~~~~~^~~~~~~~~~~~\x1b[m\x1b[K\n'}
[15.351665] (orb_slam3_ros2_wrapper) StderrLine: {'line': b'In file included from \x1b[01m\x1b[K/usr/include/eigen3/Eigen/Core:161\x1b[m\x1b[K,\n'}
[15.351787] (orb_slam3_ros2_wrapper) StderrLine: {'line': b'                 from \x1b[01m\x1b[K/root/colcon_ws/src/orb_slam3_ros2_wrapper/include/orb_slam3_ros2_wrapper/orb_slam3_interface.hpp:12\x1b[m\x1b[K,\n'}
[15.351904] (orb_slam3_ros2_wrapper) StderrLine: {'line': b'                 from \x1b[01m\x1b[K/root/colcon_ws/src/orb_slam3_ros2_wrapper/src/orb_slam3_interface.cpp:6\x1b[m\x1b[K:\n'}
[15.352011] (orb_slam3_ros2_wrapper) StderrLine: {'line': b'\x1b[01m\x1b[K/usr/include/eigen3/Eigen/src/Core/util/Constants.h:167:37:\x1b[m\x1b[K \x1b[01;36m\x1b[Knote: \x1b[m\x1b[Kdeclared here\n'}
[15.352118] (orb_slam3_ros2_wrapper) StderrLine: {'line': b'  167 | EIGEN_DEPRECATED const unsigned int \x1b[01;36m\x1b[KAlignedBit\x1b[m\x1b[K = 0x80;\n'}
[15.352223] (orb_slam3_ros2_wrapper) StderrLine: {'line': b'      |                                     \x1b[01;36m\x1b[K^~~~~~~~~~\x1b[m\x1b[K\n'}
[15.380128] (-) TimerEvent: {}
[15.438355] (orb_slam3_ros2_wrapper) StderrLine: {'line': b'In file included from \x1b[01m\x1b[K/home/orb/ORB_SLAM3/Thirdparty/g2o/g2o/types/types_six_dof_expmap.h:38\x1b[m\x1b[K,\n'}
[15.438768] (orb_slam3_ros2_wrapper) StderrLine: {'line': b'                 from \x1b[01m\x1b[K/home/orb/ORB_SLAM3/include/Converter.h:26\x1b[m\x1b[K,\n'}
[15.438916] (orb_slam3_ros2_wrapper) StderrLine: {'line': b'                 from \x1b[01m\x1b[K/home/orb/ORB_SLAM3/include/Frame.h:33\x1b[m\x1b[K,\n'}
[15.439030] (orb_slam3_ros2_wrapper) StderrLine: {'line': b'                 from \x1b[01m\x1b[K/home/orb/ORB_SLAM3/include/KeyFrame.h:28\x1b[m\x1b[K,\n'}
[15.439139] (orb_slam3_ros2_wrapper) StderrLine: {'line': b'                 from \x1b[01m\x1b[K/home/orb/ORB_SLAM3/include/MapPoint.h:23\x1b[m\x1b[K,\n'}
[15.439248] (orb_slam3_ros2_wrapper) StderrLine: {'line': b'                 from \x1b[01m\x1b[K/home/orb/ORB_SLAM3/include/FrameDrawer.h:24\x1b[m\x1b[K,\n'}
[15.439353] (orb_slam3_ros2_wrapper) StderrLine: {'line': b'                 from \x1b[01m\x1b[K/home/orb/ORB_SLAM3/include/Viewer.h:23\x1b[m\x1b[K,\n'}
[15.439460] (orb_slam3_ros2_wrapper) StderrLine: {'line': b'                 from \x1b[01m\x1b[K/home/orb/ORB_SLAM3/include/Tracking.h:26\x1b[m\x1b[K,\n'}
[15.439584] (orb_slam3_ros2_wrapper) StderrLine: {'line': b'                 from \x1b[01m\x1b[K/home/orb/ORB_SLAM3/include/System.h:31\x1b[m\x1b[K,\n'}
[15.439670] (orb_slam3_ros2_wrapper) StderrLine: {'line': b'                 from \x1b[01m\x1b[K/root/colcon_ws/src/orb_slam3_ros2_wrapper/include/orb_slam3_ros2_wrapper/orb_slam3_interface.hpp:28\x1b[m\x1b[K,\n'}
[15.439780] (orb_slam3_ros2_wrapper) StderrLine: {'line': b'                 from \x1b[01m\x1b[K/root/colcon_ws/src/orb_slam3_ros2_wrapper/src/orb_slam3_interface.cpp:6\x1b[m\x1b[K:\n'}
[15.439867] (orb_slam3_ros2_wrapper) StderrLine: {'line': b'/home/orb/ORB_SLAM3/Thirdparty/g2o/g2o/types/../core/base_binary_edge.h: In instantiation of \xe2\x80\x98\x1b[01m\x1b[Kclass g2o::BaseBinaryEdge<2, Eigen::Matrix<double, 2, 1>, g2o::VertexSBAPointXYZ, g2o::VertexSim3Expmap>\x1b[m\x1b[K\xe2\x80\x99:\n'}
[15.439947] (orb_slam3_ros2_wrapper) StderrLine: {'line': b'\x1b[01m\x1b[K/home/orb/ORB_SLAM3/Thirdparty/g2o/g2o/types/types_seven_dof_expmap.h:130:36:\x1b[m\x1b[K   required from here\n'}
[15.440026] (orb_slam3_ros2_wrapper) StderrLine: {'line': b'\x1b[01m\x1b[K/home/orb/ORB_SLAM3/Thirdparty/g2o/g2o/types/../core/base_binary_edge.h:59:80:\x1b[m\x1b[K \x1b[01;35m\x1b[Kwarning: \x1b[m\x1b[K\xe2\x80\x98\x1b[01m\x1b[KEigen::AlignedBit\x1b[m\x1b[K\xe2\x80\x99 is deprecated [\x1b[01;35m\x1b[K-Wdeprecated-declarations\x1b[m\x1b[K]\n'}
[15.440117] (orb_slam3_ros2_wrapper) StderrLine: {'line': b'   59 |       typedef Eigen::Map<Matrix<double, Di, Dj>, Matrix<double, Di, Dj>::\x1b[01;35m\x1b[KFlags & AlignedBit\x1b[m\x1b[K ? Aligned : Unaligned > HessianBlockType;\n'}
[15.440196] (orb_slam3_ros2_wrapper) StderrLine: {'line': b'      |                                                                          \x1b[01;35m\x1b[K~~~~~~^~~~~~~~~~~~\x1b[m\x1b[K\n'}
[15.440276] (orb_slam3_ros2_wrapper) StderrLine: {'line': b'In file included from \x1b[01m\x1b[K/usr/include/eigen3/Eigen/Core:161\x1b[m\x1b[K,\n'}
[15.440354] (orb_slam3_ros2_wrapper) StderrLine: {'line': b'                 from \x1b[01m\x1b[K/root/colcon_ws/src/orb_slam3_ros2_wrapper/include/orb_slam3_ros2_wrapper/orb_slam3_interface.hpp:12\x1b[m\x1b[K,\n'}
[15.440432] (orb_slam3_ros2_wrapper) StderrLine: {'line': b'                 from \x1b[01m\x1b[K/root/colcon_ws/src/orb_slam3_ros2_wrapper/src/orb_slam3_interface.cpp:6\x1b[m\x1b[K:\n'}
[15.440513] (orb_slam3_ros2_wrapper) StderrLine: {'line': b'\x1b[01m\x1b[K/usr/include/eigen3/Eigen/src/Core/util/Constants.h:167:37:\x1b[m\x1b[K \x1b[01;36m\x1b[Knote: \x1b[m\x1b[Kdeclared here\n'}
[15.440593] (orb_slam3_ros2_wrapper) StderrLine: {'line': b'  167 | EIGEN_DEPRECATED const unsigned int \x1b[01;36m\x1b[KAlignedBit\x1b[m\x1b[K = 0x80;\n'}
[15.440672] (orb_slam3_ros2_wrapper) StderrLine: {'line': b'      |                                     \x1b[01;36m\x1b[K^~~~~~~~~~\x1b[m\x1b[K\n'}
[15.470252] (orb_slam3_ros2_wrapper) StderrLine: {'line': b'In file included from \x1b[01m\x1b[K/home/orb/ORB_SLAM3/Thirdparty/g2o/g2o/types/types_six_dof_expmap.h:38\x1b[m\x1b[K,\n'}
[15.470502] (orb_slam3_ros2_wrapper) StderrLine: {'line': b'                 from \x1b[01m\x1b[K/home/orb/ORB_SLAM3/include/Converter.h:26\x1b[m\x1b[K,\n'}
[15.470631] (orb_slam3_ros2_wrapper) StderrLine: {'line': b'                 from \x1b[01m\x1b[K/home/orb/ORB_SLAM3/include/Frame.h:33\x1b[m\x1b[K,\n'}
[15.470751] (orb_slam3_ros2_wrapper) StderrLine: {'line': b'                 from \x1b[01m\x1b[K/home/orb/ORB_SLAM3/include/KeyFrame.h:28\x1b[m\x1b[K,\n'}
[15.470876] (orb_slam3_ros2_wrapper) StderrLine: {'line': b'                 from \x1b[01m\x1b[K/home/orb/ORB_SLAM3/include/MapPoint.h:23\x1b[m\x1b[K,\n'}
[15.470984] (orb_slam3_ros2_wrapper) StderrLine: {'line': b'                 from \x1b[01m\x1b[K/home/orb/ORB_SLAM3/include/FrameDrawer.h:24\x1b[m\x1b[K,\n'}
[15.471094] (orb_slam3_ros2_wrapper) StderrLine: {'line': b'                 from \x1b[01m\x1b[K/home/orb/ORB_SLAM3/include/Viewer.h:23\x1b[m\x1b[K,\n'}
[15.471198] (orb_slam3_ros2_wrapper) StderrLine: {'line': b'                 from \x1b[01m\x1b[K/home/orb/ORB_SLAM3/include/Tracking.h:26\x1b[m\x1b[K,\n'}
[15.471322] (orb_slam3_ros2_wrapper) StderrLine: {'line': b'                 from \x1b[01m\x1b[K/home/orb/ORB_SLAM3/include/System.h:31\x1b[m\x1b[K,\n'}
[15.471428] (orb_slam3_ros2_wrapper) StderrLine: {'line': b'                 from \x1b[01m\x1b[K/root/colcon_ws/src/orb_slam3_ros2_wrapper/include/orb_slam3_ros2_wrapper/orb_slam3_interface.hpp:28\x1b[m\x1b[K,\n'}
[15.471536] (orb_slam3_ros2_wrapper) StderrLine: {'line': b'                 from \x1b[01m\x1b[K/root/colcon_ws/src/orb_slam3_ros2_wrapper/src/orb_slam3_interface.cpp:6\x1b[m\x1b[K:\n'}
[15.471656] (orb_slam3_ros2_wrapper) StderrLine: {'line': b'\x1b[01m\x1b[K/home/orb/ORB_SLAM3/Thirdparty/g2o/g2o/types/../core/base_binary_edge.h:60:80:\x1b[m\x1b[K \x1b[01;35m\x1b[Kwarning: \x1b[m\x1b[K\xe2\x80\x98\x1b[01m\x1b[KEigen::AlignedBit\x1b[m\x1b[K\xe2\x80\x99 is deprecated [\x1b[01;35m\x1b[K-Wdeprecated-declarations\x1b[m\x1b[K]\n'}
[15.471781] (orb_slam3_ros2_wrapper) StderrLine: {'line': b'   60 |       typedef Eigen::Map<Matrix<double, Dj, Di>, Matrix<double, Dj, Di>::\x1b[01;35m\x1b[KFlags & AlignedBit\x1b[m\x1b[K ? Aligned : Unaligned > HessianBlockTransposedType;\n'}
[15.471912] (orb_slam3_ros2_wrapper) StderrLine: {'line': b'      |                                                                          \x1b[01;35m\x1b[K~~~~~~^~~~~~~~~~~~\x1b[m\x1b[K\n'}
[15.472335] (orb_slam3_ros2_wrapper) StderrLine: {'line': b'In file included from \x1b[01m\x1b[K/usr/include/eigen3/Eigen/Core:161\x1b[m\x1b[K,\n'}
[15.472470] (orb_slam3_ros2_wrapper) StderrLine: {'line': b'                 from \x1b[01m\x1b[K/root/colcon_ws/src/orb_slam3_ros2_wrapper/include/orb_slam3_ros2_wrapper/orb_slam3_interface.hpp:12\x1b[m\x1b[K,\n'}
[15.472586] (orb_slam3_ros2_wrapper) StderrLine: {'line': b'                 from \x1b[01m\x1b[K/root/colcon_ws/src/orb_slam3_ros2_wrapper/src/orb_slam3_interface.cpp:6\x1b[m\x1b[K:\n'}
[15.472697] (orb_slam3_ros2_wrapper) StderrLine: {'line': b'\x1b[01m\x1b[K/usr/include/eigen3/Eigen/src/Core/util/Constants.h:167:37:\x1b[m\x1b[K \x1b[01;36m\x1b[Knote: \x1b[m\x1b[Kdeclared here\n'}
[15.472830] (orb_slam3_ros2_wrapper) StderrLine: {'line': b'  167 | EIGEN_DEPRECATED const unsigned int \x1b[01;36m\x1b[KAlignedBit\x1b[m\x1b[K = 0x80;\n'}
[15.472956] (orb_slam3_ros2_wrapper) StderrLine: {'line': b'      |                                     \x1b[01;36m\x1b[K^~~~~~~~~~\x1b[m\x1b[K\n'}
[15.480237] (-) TimerEvent: {}
[15.530070] (orb_slam3_ros2_wrapper) StderrLine: {'line': b'\x1b[01m\x1b[K/root/colcon_ws/src/orb_slam3_ros2_wrapper/src/rgbd/rgbd-slam-node.cpp:\x1b[m\x1b[K In member function \xe2\x80\x98\x1b[01m\x1b[Kvoid ORB_SLAM3_Wrapper::RgbdSlamNode::publishMapPointCloud(std::shared_ptr<rmw_request_id_s>, std::shared_ptr<slam_msgs::srv::GetAllLandmarksInMap_Request_<std::allocator<void> > >, std::shared_ptr<slam_msgs::srv::GetAllLandmarksInMap_Response_<std::allocator<void> > >)\x1b[m\x1b[K\xe2\x80\x99:\n'}
[15.530339] (orb_slam3_ros2_wrapper) StderrLine: {'line': b'\x1b[01m\x1b[K/root/colcon_ws/src/orb_slam3_ros2_wrapper/src/rgbd/rgbd-slam-node.cpp:183:13:\x1b[m\x1b[K \x1b[01;35m\x1b[Kwarning: \x1b[m\x1b[Kthis \xe2\x80\x98\x1b[01m\x1b[Kif\x1b[m\x1b[K\xe2\x80\x99 clause does not guard... [\x1b[01;35m\x1b[K-Wmisleading-indentation\x1b[m\x1b[K]\n'}
[15.530455] (orb_slam3_ros2_wrapper) StderrLine: {'line': b'  183 |             \x1b[01;35m\x1b[Kif\x1b[m\x1b[K (mapPCL.data.size() == 0)\n'}
[15.530558] (orb_slam3_ros2_wrapper) StderrLine: {'line': b'      |             \x1b[01;35m\x1b[K^~\x1b[m\x1b[K\n'}
[15.530664] (orb_slam3_ros2_wrapper) StderrLine: {'line': b'\x1b[01m\x1b[K/root/colcon_ws/src/orb_slam3_ros2_wrapper/src/rgbd/rgbd-slam-node.cpp:185:17:\x1b[m\x1b[K \x1b[01;36m\x1b[Knote: \x1b[m\x1b[K...this statement, but the latter is misleadingly indented as if it were guarded by the \xe2\x80\x98\x1b[01m\x1b[Kif\x1b[m\x1b[K\xe2\x80\x99\n'}
[15.530782] (orb_slam3_ros2_wrapper) StderrLine: {'line': b'  185 |                 \x1b[01;36m\x1b[Kreturn\x1b[m\x1b[K;\n'}
[15.530889] (orb_slam3_ros2_wrapper) StderrLine: {'line': b'      |                 \x1b[01;36m\x1b[K^~~~~~\x1b[m\x1b[K\n'}
[15.534153] (orb_slam3_ros2_wrapper) StderrLine: {'line': b'\x1b[01m\x1b[K/root/colcon_ws/src/orb_slam3_ros2_wrapper/src/rgbd/rgbd-slam-node.cpp:160:79:\x1b[m\x1b[K \x1b[01;35m\x1b[Kwarning: \x1b[m\x1b[Kunused parameter \xe2\x80\x98\x1b[01m\x1b[Krequest_header\x1b[m\x1b[K\xe2\x80\x99 [\x1b[01;35m\x1b[K-Wunused-parameter\x1b[m\x1b[K]\n'}
[15.534399] (orb_slam3_ros2_wrapper) StderrLine: {'line': b'  160 |     void RgbdSlamNode::publishMapPointCloud(\x1b[01;35m\x1b[Kstd::shared_ptr<rmw_request_id_t> request_header\x1b[m\x1b[K,\n'}
[15.534522] (orb_slam3_ros2_wrapper) StderrLine: {'line': b'      |                                             \x1b[01;35m\x1b[K~~~~~~~~~~~~~~~~~~~~~~~~~~~~~~~~~~^~~~~~~~~~~~~~\x1b[m\x1b[K\n'}
[15.534632] (orb_slam3_ros2_wrapper) StderrLine: {'line': b'\x1b[01m\x1b[K/root/colcon_ws/src/orb_slam3_ros2_wrapper/src/rgbd/rgbd-slam-node.cpp:161:108:\x1b[m\x1b[K \x1b[01;35m\x1b[Kwarning: \x1b[m\x1b[Kunused parameter \xe2\x80\x98\x1b[01m\x1b[Krequest\x1b[m\x1b[K\xe2\x80\x99 [\x1b[01;35m\x1b[K-Wunused-parameter\x1b[m\x1b[K]\n'}
[15.534761] (orb_slam3_ros2_wrapper) StderrLine: {'line': b'  161 |                                             \x1b[01;35m\x1b[Kstd::shared_ptr<slam_msgs::srv::GetAllLandmarksInMap::Request> request\x1b[m\x1b[K,\n'}
[15.534878] (orb_slam3_ros2_wrapper) StderrLine: {'line': b'      |                                             \x1b[01;35m\x1b[K~~~~~~~~~~~~~~~~~~~~~~~~~~~~~~~~~~~~~~~~~~~~~~~~~~~~~~~~~~~~~~~^~~~~~~\x1b[m\x1b[K\n'}
[15.547550] (orb_slam3_ros2_wrapper) StderrLine: {'line': b'\x1b[01m\x1b[K/root/colcon_ws/src/orb_slam3_ros2_wrapper/src/rgbd/rgbd-slam-node.cpp:\x1b[m\x1b[K In member function \xe2\x80\x98\x1b[01m\x1b[Kvoid ORB_SLAM3_Wrapper::RgbdSlamNode::getMapServer(std::shared_ptr<rmw_request_id_s>, std::shared_ptr<slam_msgs::srv::GetMap_Request_<std::allocator<void> > >, std::shared_ptr<slam_msgs::srv::GetMap_Response_<std::allocator<void> > >)\x1b[m\x1b[K\xe2\x80\x99:\n'}
[15.547818] (orb_slam3_ros2_wrapper) StderrLine: {'line': b'\x1b[01m\x1b[K/root/colcon_ws/src/orb_slam3_ros2_wrapper/src/rgbd/rgbd-slam-node.cpp:236:71:\x1b[m\x1b[K \x1b[01;35m\x1b[Kwarning: \x1b[m\x1b[Kunused parameter \xe2\x80\x98\x1b[01m\x1b[Krequest_header\x1b[m\x1b[K\xe2\x80\x99 [\x1b[01;35m\x1b[K-Wunused-parameter\x1b[m\x1b[K]\n'}
[15.547954] (orb_slam3_ros2_wrapper) StderrLine: {'line': b'  236 |     void RgbdSlamNode::getMapServer(\x1b[01;35m\x1b[Kstd::shared_ptr<rmw_request_id_t> request_header\x1b[m\x1b[K,\n'}
[15.548068] (orb_slam3_ros2_wrapper) StderrLine: {'line': b'      |                                     \x1b[01;35m\x1b[K~~~~~~~~~~~~~~~~~~~~~~~~~~~~~~~~~~^~~~~~~~~~~~~~\x1b[m\x1b[K\n'}
[15.562649] (orb_slam3_ros2_wrapper) StderrLine: {'line': b'\x1b[01m\x1b[K/root/colcon_ws/src/orb_slam3_ros2_wrapper/src/rgbd/rgbd-slam-node.cpp:\x1b[m\x1b[K In member function \xe2\x80\x98\x1b[01m\x1b[Kvoid ORB_SLAM3_Wrapper::RgbdSlamNode::getMapPointsInViewServer(std::shared_ptr<rmw_request_id_s>, std::shared_ptr<slam_msgs::srv::GetLandmarksInView_Request_<std::allocator<void> > >, std::shared_ptr<slam_msgs::srv::GetLandmarksInView_Response_<std::allocator<void> > >)\x1b[m\x1b[K\xe2\x80\x99:\n'}
[15.562916] (orb_slam3_ros2_wrapper) StderrLine: {'line': b'\x1b[01m\x1b[K/root/colcon_ws/src/orb_slam3_ros2_wrapper/src/rgbd/rgbd-slam-node.cpp:246:83:\x1b[m\x1b[K \x1b[01;35m\x1b[Kwarning: \x1b[m\x1b[Kunused parameter \xe2\x80\x98\x1b[01m\x1b[Krequest_header\x1b[m\x1b[K\xe2\x80\x99 [\x1b[01;35m\x1b[K-Wunused-parameter\x1b[m\x1b[K]\n'}
[15.563037] (orb_slam3_ros2_wrapper) StderrLine: {'line': b'  246 |     void RgbdSlamNode::getMapPointsInViewServer(\x1b[01;35m\x1b[Kstd::shared_ptr<rmw_request_id_t> request_header\x1b[m\x1b[K,\n'}
[15.563132] (orb_slam3_ros2_wrapper) StderrLine: {'line': b'      |                                                 \x1b[01;35m\x1b[K~~~~~~~~~~~~~~~~~~~~~~~~~~~~~~~~~~^~~~~~~~~~~~~~\x1b[m\x1b[K\n'}
[15.580433] (-) TimerEvent: {}
[15.680822] (-) TimerEvent: {}
[15.781168] (-) TimerEvent: {}
[15.881533] (-) TimerEvent: {}
[15.981890] (-) TimerEvent: {}
[16.082650] (-) TimerEvent: {}
[16.182991] (-) TimerEvent: {}
[16.283718] (-) TimerEvent: {}
[16.384064] (-) TimerEvent: {}
[16.484403] (-) TimerEvent: {}
[16.585738] (-) TimerEvent: {}
[16.621606] (orb_slam3_ros2_wrapper) StderrLine: {'line': b'In file included from \x1b[01m\x1b[K/home/orb/ORB_SLAM3/include/Atlas.h:26\x1b[m\x1b[K,\n'}
[16.621861] (orb_slam3_ros2_wrapper) StderrLine: {'line': b'                 from \x1b[01m\x1b[K/home/orb/ORB_SLAM3/include/FrameDrawer.h:25\x1b[m\x1b[K,\n'}
[16.621992] (orb_slam3_ros2_wrapper) StderrLine: {'line': b'                 from \x1b[01m\x1b[K/home/orb/ORB_SLAM3/include/Viewer.h:23\x1b[m\x1b[K,\n'}
[16.622104] (orb_slam3_ros2_wrapper) StderrLine: {'line': b'                 from \x1b[01m\x1b[K/home/orb/ORB_SLAM3/include/Tracking.h:26\x1b[m\x1b[K,\n'}
[16.622213] (orb_slam3_ros2_wrapper) StderrLine: {'line': b'                 from \x1b[01m\x1b[K/home/orb/ORB_SLAM3/include/System.h:31\x1b[m\x1b[K,\n'}
[16.622322] (orb_slam3_ros2_wrapper) StderrLine: {'line': b'                 from \x1b[01m\x1b[K/root/colcon_ws/src/orb_slam3_ros2_wrapper/include/orb_slam3_ros2_wrapper/orb_slam3_interface.hpp:28\x1b[m\x1b[K,\n'}
[16.622433] (orb_slam3_ros2_wrapper) StderrLine: {'line': b'                 from \x1b[01m\x1b[K/root/colcon_ws/src/orb_slam3_ros2_wrapper/src/orb_slam3_interface.cpp:6\x1b[m\x1b[K:\n'}
[16.622540] (orb_slam3_ros2_wrapper) StderrLine: {'line': b'\x1b[01m\x1b[K/home/orb/ORB_SLAM3/include/CameraModels/Pinhole.h:\x1b[m\x1b[K In member function \xe2\x80\x98\x1b[01m\x1b[Kvirtual bool ORB_SLAM3::Pinhole::matchAndtriangulate(const cv::KeyPoint&, const cv::KeyPoint&, ORB_SLAM3::GeometricCamera*, Sophus::SE3f&, Sophus::SE3f&, float, float, Eigen::Vector3f&)\x1b[m\x1b[K\xe2\x80\x99:\n'}
[16.622675] (orb_slam3_ros2_wrapper) StderrLine: {'line': b'\x1b[01m\x1b[K/home/orb/ORB_SLAM3/include/CameraModels/Pinhole.h:83:54:\x1b[m\x1b[K \x1b[01;35m\x1b[Kwarning: \x1b[m\x1b[Kunused parameter \xe2\x80\x98\x1b[01m\x1b[Kkp1\x1b[m\x1b[K\xe2\x80\x99 [\x1b[01;35m\x1b[K-Wunused-parameter\x1b[m\x1b[K]\n'}
[16.622827] (orb_slam3_ros2_wrapper) StderrLine: {'line': b'   83 |         bool matchAndtriangulate(\x1b[01;35m\x1b[Kconst cv::KeyPoint& kp1\x1b[m\x1b[K, const cv::KeyPoint& kp2, GeometricCamera* pOther,\n'}
[16.622943] (orb_slam3_ros2_wrapper) StderrLine: {'line': b'      |                                  \x1b[01;35m\x1b[K~~~~~~~~~~~~~~~~~~~~^~~\x1b[m\x1b[K\n'}
[16.623250] (orb_slam3_ros2_wrapper) StderrLine: {'line': b'\x1b[01m\x1b[K/home/orb/ORB_SLAM3/include/CameraModels/Pinhole.h:83:79:\x1b[m\x1b[K \x1b[01;35m\x1b[Kwarning: \x1b[m\x1b[Kunused parameter \xe2\x80\x98\x1b[01m\x1b[Kkp2\x1b[m\x1b[K\xe2\x80\x99 [\x1b[01;35m\x1b[K-Wunused-parameter\x1b[m\x1b[K]\n'}
[16.623386] (orb_slam3_ros2_wrapper) StderrLine: {'line': b'   83 |         bool matchAndtriangulate(const cv::KeyPoint& kp1, \x1b[01;35m\x1b[Kconst cv::KeyPoint& kp2\x1b[m\x1b[K, GeometricCamera* pOther,\n'}
[16.623516] (orb_slam3_ros2_wrapper) StderrLine: {'line': b'      |                                                           \x1b[01;35m\x1b[K~~~~~~~~~~~~~~~~~~~~^~~\x1b[m\x1b[K\n'}
[16.623632] (orb_slam3_ros2_wrapper) StderrLine: {'line': b'\x1b[01m\x1b[K/home/orb/ORB_SLAM3/include/CameraModels/Pinhole.h:83:101:\x1b[m\x1b[K \x1b[01;35m\x1b[Kwarning: \x1b[m\x1b[Kunused parameter \xe2\x80\x98\x1b[01m\x1b[KpOther\x1b[m\x1b[K\xe2\x80\x99 [\x1b[01;35m\x1b[K-Wunused-parameter\x1b[m\x1b[K]\n'}
[16.623752] (orb_slam3_ros2_wrapper) StderrLine: {'line': b'   83 |         bool matchAndtriangulate(const cv::KeyPoint& kp1, const cv::KeyPoint& kp2, \x1b[01;35m\x1b[KGeometricCamera* pOther\x1b[m\x1b[K,\n'}
[16.623980] (orb_slam3_ros2_wrapper) StderrLine: {'line': b'      |                                                                                    \x1b[01;35m\x1b[K~~~~~~~~~~~~~~~~~^~~~~~\x1b[m\x1b[K\n'}
[16.624093] (orb_slam3_ros2_wrapper) StderrLine: {'line': b'\x1b[01m\x1b[K/home/orb/ORB_SLAM3/include/CameraModels/Pinhole.h:84:48:\x1b[m\x1b[K \x1b[01;35m\x1b[Kwarning: \x1b[m\x1b[Kunused parameter \xe2\x80\x98\x1b[01m\x1b[KTcw1\x1b[m\x1b[K\xe2\x80\x99 [\x1b[01;35m\x1b[K-Wunused-parameter\x1b[m\x1b[K]\n'}
[16.624206] (orb_slam3_ros2_wrapper) StderrLine: {'line': b'   84 |                                  \x1b[01;35m\x1b[KSophus::SE3f& Tcw1\x1b[m\x1b[K, Sophus::SE3f& Tcw2,\n'}
[16.624304] (orb_slam3_ros2_wrapper) StderrLine: {'line': b'      |                                  \x1b[01;35m\x1b[K~~~~~~~~~~~~~~^~~~\x1b[m\x1b[K\n'}
[16.624408] (orb_slam3_ros2_wrapper) StderrLine: {'line': b'\x1b[01m\x1b[K/home/orb/ORB_SLAM3/include/CameraModels/Pinhole.h:84:68:\x1b[m\x1b[K \x1b[01;35m\x1b[Kwarning: \x1b[m\x1b[Kunused parameter \xe2\x80\x98\x1b[01m\x1b[KTcw2\x1b[m\x1b[K\xe2\x80\x99 [\x1b[01;35m\x1b[K-Wunused-parameter\x1b[m\x1b[K]\n'}
[16.624515] (orb_slam3_ros2_wrapper) StderrLine: {'line': b'   84 |                                  Sophus::SE3f& Tcw1, \x1b[01;35m\x1b[KSophus::SE3f& Tcw2\x1b[m\x1b[K,\n'}
[16.624752] (orb_slam3_ros2_wrapper) StderrLine: {'line': b'      |                                                      \x1b[01;35m\x1b[K~~~~~~~~~~~~~~^~~~\x1b[m\x1b[K\n'}
[16.625011] (orb_slam3_ros2_wrapper) StderrLine: {'line': b'\x1b[01m\x1b[K/home/orb/ORB_SLAM3/include/CameraModels/Pinhole.h:85:46:\x1b[m\x1b[K \x1b[01;35m\x1b[Kwarning: \x1b[m\x1b[Kunused parameter \xe2\x80\x98\x1b[01m\x1b[KsigmaLevel1\x1b[m\x1b[K\xe2\x80\x99 [\x1b[01;35m\x1b[K-Wunused-parameter\x1b[m\x1b[K]\n'}
[16.625137] (orb_slam3_ros2_wrapper) StderrLine: {'line': b'   85 |                                  \x1b[01;35m\x1b[Kconst float sigmaLevel1\x1b[m\x1b[K, const float sigmaLevel2,\n'}
[16.625252] (orb_slam3_ros2_wrapper) StderrLine: {'line': b'      |                                  \x1b[01;35m\x1b[K~~~~~~~~~~~~^~~~~~~~~~~\x1b[m\x1b[K\n'}
[16.625366] (orb_slam3_ros2_wrapper) StderrLine: {'line': b'\x1b[01m\x1b[K/home/orb/ORB_SLAM3/include/CameraModels/Pinhole.h:85:71:\x1b[m\x1b[K \x1b[01;35m\x1b[Kwarning: \x1b[m\x1b[Kunused parameter \xe2\x80\x98\x1b[01m\x1b[KsigmaLevel2\x1b[m\x1b[K\xe2\x80\x99 [\x1b[01;35m\x1b[K-Wunused-parameter\x1b[m\x1b[K]\n'}
[16.625497] (orb_slam3_ros2_wrapper) StderrLine: {'line': b'   85 |                                  const float sigmaLevel1, \x1b[01;35m\x1b[Kconst float sigmaLevel2\x1b[m\x1b[K,\n'}
[16.625613] (orb_slam3_ros2_wrapper) StderrLine: {'line': b'      |                                                           \x1b[01;35m\x1b[K~~~~~~~~~~~~^~~~~~~~~~~\x1b[m\x1b[K\n'}
[16.625736] (orb_slam3_ros2_wrapper) StderrLine: {'line': b'\x1b[01m\x1b[K/home/orb/ORB_SLAM3/include/CameraModels/Pinhole.h:86:51:\x1b[m\x1b[K \x1b[01;35m\x1b[Kwarning: \x1b[m\x1b[Kunused parameter \xe2\x80\x98\x1b[01m\x1b[Kx3Dtriangulated\x1b[m\x1b[K\xe2\x80\x99 [\x1b[01;35m\x1b[K-Wunused-parameter\x1b[m\x1b[K]\n'}
[16.625988] (orb_slam3_ros2_wrapper) StderrLine: {'line': b'   86 |                                  \x1b[01;35m\x1b[KEigen::Vector3f& x3Dtriangulated\x1b[m\x1b[K) { return false;}\n'}
[16.626110] (orb_slam3_ros2_wrapper) StderrLine: {'line': b'      |                                  \x1b[01;35m\x1b[K~~~~~~~~~~~~~~~~~^~~~~~~~~~~~~~~\x1b[m\x1b[K\n'}
[16.626226] (orb_slam3_ros2_wrapper) StderrLine: {'line': b'In file included from \x1b[01m\x1b[K/home/orb/ORB_SLAM3/include/Atlas.h:27\x1b[m\x1b[K,\n'}
[16.626477] (orb_slam3_ros2_wrapper) StderrLine: {'line': b'                 from \x1b[01m\x1b[K/home/orb/ORB_SLAM3/include/FrameDrawer.h:25\x1b[m\x1b[K,\n'}
[16.626604] (orb_slam3_ros2_wrapper) StderrLine: {'line': b'                 from \x1b[01m\x1b[K/home/orb/ORB_SLAM3/include/Viewer.h:23\x1b[m\x1b[K,\n'}
[16.626728] (orb_slam3_ros2_wrapper) StderrLine: {'line': b'                 from \x1b[01m\x1b[K/home/orb/ORB_SLAM3/include/Tracking.h:26\x1b[m\x1b[K,\n'}
[16.626857] (orb_slam3_ros2_wrapper) StderrLine: {'line': b'                 from \x1b[01m\x1b[K/home/orb/ORB_SLAM3/include/System.h:31\x1b[m\x1b[K,\n'}
[16.626973] (orb_slam3_ros2_wrapper) StderrLine: {'line': b'                 from \x1b[01m\x1b[K/root/colcon_ws/src/orb_slam3_ros2_wrapper/include/orb_slam3_ros2_wrapper/orb_slam3_interface.hpp:28\x1b[m\x1b[K,\n'}
[16.627102] (orb_slam3_ros2_wrapper) StderrLine: {'line': b'                 from \x1b[01m\x1b[K/root/colcon_ws/src/orb_slam3_ros2_wrapper/src/orb_slam3_interface.cpp:6\x1b[m\x1b[K:\n'}
[16.627215] (orb_slam3_ros2_wrapper) StderrLine: {'line': b'\x1b[01m\x1b[K/home/orb/ORB_SLAM3/include/CameraModels/KannalaBrandt8.h:\x1b[m\x1b[K In constructor \xe2\x80\x98\x1b[01m\x1b[KORB_SLAM3::KannalaBrandt8::KannalaBrandt8(std::vector<float>)\x1b[m\x1b[K\xe2\x80\x99:\n'}
[16.627332] (orb_slam3_ros2_wrapper) StderrLine: {'line': b'\x1b[01m\x1b[K/home/orb/ORB_SLAM3/include/CameraModels/KannalaBrandt8.h:102:21:\x1b[m\x1b[K \x1b[01;35m\x1b[Kwarning: \x1b[m\x1b[K\xe2\x80\x98\x1b[01m\x1b[KORB_SLAM3::KannalaBrandt8::precision\x1b[m\x1b[K\xe2\x80\x99 will be initialized after [\x1b[01;35m\x1b[K-Wreorder\x1b[m\x1b[K]\n'}
[16.627461] (orb_slam3_ros2_wrapper) StderrLine: {'line': b'  102 |         const float \x1b[01;35m\x1b[Kprecision\x1b[m\x1b[K;\n'}
[16.627579] (orb_slam3_ros2_wrapper) StderrLine: {'line': b'      |                     \x1b[01;35m\x1b[K^~~~~~~~~\x1b[m\x1b[K\n'}
[16.627693] (orb_slam3_ros2_wrapper) StderrLine: {'line': b'\x1b[01m\x1b[K/home/orb/ORB_SLAM3/include/CameraModels/KannalaBrandt8.h:88:26:\x1b[m\x1b[K \x1b[01;35m\x1b[Kwarning: \x1b[m\x1b[K  \xe2\x80\x98\x1b[01m\x1b[Kstd::vector<int> ORB_SLAM3::KannalaBrandt8::mvLappingArea\x1b[m\x1b[K\xe2\x80\x99 [\x1b[01;35m\x1b[K-Wreorder\x1b[m\x1b[K]\n'}
[16.627826] (orb_slam3_ros2_wrapper) StderrLine: {'line': b'   88 |         std::vector<int> \x1b[01;35m\x1b[KmvLappingArea\x1b[m\x1b[K;\n'}
[16.627943] (orb_slam3_ros2_wrapper) StderrLine: {'line': b'      |                          \x1b[01;35m\x1b[K^~~~~~~~~~~~~\x1b[m\x1b[K\n'}
[16.628058] (orb_slam3_ros2_wrapper) StderrLine: {'line': b'In file included from \x1b[01m\x1b[K/home/orb/ORB_SLAM3/include/Atlas.h:27\x1b[m\x1b[K,\n'}
[16.628187] (orb_slam3_ros2_wrapper) StderrLine: {'line': b'                 from \x1b[01m\x1b[K/home/orb/ORB_SLAM3/include/FrameDrawer.h:25\x1b[m\x1b[K,\n'}
[16.628299] (orb_slam3_ros2_wrapper) StderrLine: {'line': b'                 from \x1b[01m\x1b[K/home/orb/ORB_SLAM3/include/Viewer.h:23\x1b[m\x1b[K,\n'}
[16.628413] (orb_slam3_ros2_wrapper) StderrLine: {'line': b'                 from \x1b[01m\x1b[K/home/orb/ORB_SLAM3/include/Tracking.h:26\x1b[m\x1b[K,\n'}
[16.628526] (orb_slam3_ros2_wrapper) StderrLine: {'line': b'                 from \x1b[01m\x1b[K/home/orb/ORB_SLAM3/include/System.h:31\x1b[m\x1b[K,\n'}
[16.628639] (orb_slam3_ros2_wrapper) StderrLine: {'line': b'                 from \x1b[01m\x1b[K/root/colcon_ws/src/orb_slam3_ros2_wrapper/include/orb_slam3_ros2_wrapper/orb_slam3_interface.hpp:28\x1b[m\x1b[K,\n'}
[16.628771] (orb_slam3_ros2_wrapper) StderrLine: {'line': b'                 from \x1b[01m\x1b[K/root/colcon_ws/src/orb_slam3_ros2_wrapper/src/orb_slam3_interface.cpp:6\x1b[m\x1b[K:\n'}
[16.628893] (orb_slam3_ros2_wrapper) StderrLine: {'line': b'\x1b[01m\x1b[K/home/orb/ORB_SLAM3/include/CameraModels/KannalaBrandt8.h:47:9:\x1b[m\x1b[K \x1b[01;35m\x1b[Kwarning: \x1b[m\x1b[K  when initialized here [\x1b[01;35m\x1b[K-Wreorder\x1b[m\x1b[K]\n'}
[16.629009] (orb_slam3_ros2_wrapper) StderrLine: {'line': b'   47 |         \x1b[01;35m\x1b[KKannalaBrandt8\x1b[m\x1b[K(const std::vector<float> _vParameters) : GeometricCamera(_vParameters), precision(1e-6), mvLappingArea(2,0) ,tvr(nullptr) {\n'}
[16.629122] (orb_slam3_ros2_wrapper) StderrLine: {'line': b'      |         \x1b[01;35m\x1b[K^~~~~~~~~~~~~~\x1b[m\x1b[K\n'}
[16.629233] (orb_slam3_ros2_wrapper) StderrLine: {'line': b'In file included from \x1b[01m\x1b[K/home/orb/ORB_SLAM3/include/Atlas.h:27\x1b[m\x1b[K,\n'}
[16.629346] (orb_slam3_ros2_wrapper) StderrLine: {'line': b'                 from \x1b[01m\x1b[K/home/orb/ORB_SLAM3/include/FrameDrawer.h:25\x1b[m\x1b[K,\n'}
[16.629459] (orb_slam3_ros2_wrapper) StderrLine: {'line': b'                 from \x1b[01m\x1b[K/home/orb/ORB_SLAM3/include/Viewer.h:23\x1b[m\x1b[K,\n'}
[16.629578] (orb_slam3_ros2_wrapper) StderrLine: {'line': b'                 from \x1b[01m\x1b[K/home/orb/ORB_SLAM3/include/Tracking.h:26\x1b[m\x1b[K,\n'}
[16.629706] (orb_slam3_ros2_wrapper) StderrLine: {'line': b'                 from \x1b[01m\x1b[K/home/orb/ORB_SLAM3/include/System.h:31\x1b[m\x1b[K,\n'}
[16.629840] (orb_slam3_ros2_wrapper) StderrLine: {'line': b'                 from \x1b[01m\x1b[K/root/colcon_ws/src/orb_slam3_ros2_wrapper/include/orb_slam3_ros2_wrapper/orb_slam3_interface.hpp:28\x1b[m\x1b[K,\n'}
[16.629969] (orb_slam3_ros2_wrapper) StderrLine: {'line': b'                 from \x1b[01m\x1b[K/root/colcon_ws/src/orb_slam3_ros2_wrapper/src/orb_slam3_interface.cpp:6\x1b[m\x1b[K:\n'}
[16.630083] (orb_slam3_ros2_wrapper) StderrLine: {'line': b'\x1b[01m\x1b[K/home/orb/ORB_SLAM3/include/CameraModels/KannalaBrandt8.h:\x1b[m\x1b[K In constructor \xe2\x80\x98\x1b[01m\x1b[KORB_SLAM3::KannalaBrandt8::KannalaBrandt8(std::vector<float>, float)\x1b[m\x1b[K\xe2\x80\x99:\n'}
[16.630184] (orb_slam3_ros2_wrapper) StderrLine: {'line': b'\x1b[01m\x1b[K/home/orb/ORB_SLAM3/include/CameraModels/KannalaBrandt8.h:102:21:\x1b[m\x1b[K \x1b[01;35m\x1b[Kwarning: \x1b[m\x1b[K\xe2\x80\x98\x1b[01m\x1b[KORB_SLAM3::KannalaBrandt8::precision\x1b[m\x1b[K\xe2\x80\x99 will be initialized after [\x1b[01;35m\x1b[K-Wreorder\x1b[m\x1b[K]\n'}
[16.630298] (orb_slam3_ros2_wrapper) StderrLine: {'line': b'  102 |         const float \x1b[01;35m\x1b[Kprecision\x1b[m\x1b[K;\n'}
[16.630410] (orb_slam3_ros2_wrapper) StderrLine: {'line': b'      |                     \x1b[01;35m\x1b[K^~~~~~~~~\x1b[m\x1b[K\n'}
[16.630524] (orb_slam3_ros2_wrapper) StderrLine: {'line': b'\x1b[01m\x1b[K/home/orb/ORB_SLAM3/include/CameraModels/KannalaBrandt8.h:88:26:\x1b[m\x1b[K \x1b[01;35m\x1b[Kwarning: \x1b[m\x1b[K  \xe2\x80\x98\x1b[01m\x1b[Kstd::vector<int> ORB_SLAM3::KannalaBrandt8::mvLappingArea\x1b[m\x1b[K\xe2\x80\x99 [\x1b[01;35m\x1b[K-Wreorder\x1b[m\x1b[K]\n'}
[16.630638] (orb_slam3_ros2_wrapper) StderrLine: {'line': b'   88 |         std::vector<int> \x1b[01;35m\x1b[KmvLappingArea\x1b[m\x1b[K;\n'}
[16.630765] (orb_slam3_ros2_wrapper) StderrLine: {'line': b'      |                          \x1b[01;35m\x1b[K^~~~~~~~~~~~~\x1b[m\x1b[K\n'}
[16.630886] (orb_slam3_ros2_wrapper) StderrLine: {'line': b'\x1b[01m\x1b[K/home/orb/ORB_SLAM3/include/CameraModels/KannalaBrandt8.h:53:9:\x1b[m\x1b[K \x1b[01;35m\x1b[Kwarning: \x1b[m\x1b[K  when initialized here [\x1b[01;35m\x1b[K-Wreorder\x1b[m\x1b[K]\n'}
[16.631001] (orb_slam3_ros2_wrapper) StderrLine: {'line': b'   53 |         \x1b[01;35m\x1b[KKannalaBrandt8\x1b[m\x1b[K(const std::vector<float> _vParameters, const float _precision) : GeometricCamera(_vParameters),\n'}
[16.631115] (orb_slam3_ros2_wrapper) StderrLine: {'line': b'      |         \x1b[01;35m\x1b[K^~~~~~~~~~~~~~\x1b[m\x1b[K\n'}
[16.631232] (orb_slam3_ros2_wrapper) StderrLine: {'line': b'\x1b[01m\x1b[K/home/orb/ORB_SLAM3/include/CameraModels/KannalaBrandt8.h:\x1b[m\x1b[K In constructor \xe2\x80\x98\x1b[01m\x1b[KORB_SLAM3::KannalaBrandt8::KannalaBrandt8(ORB_SLAM3::KannalaBrandt8*)\x1b[m\x1b[K\xe2\x80\x99:\n'}
[16.631347] (orb_slam3_ros2_wrapper) StderrLine: {'line': b'\x1b[01m\x1b[K/home/orb/ORB_SLAM3/include/CameraModels/KannalaBrandt8.h:102:21:\x1b[m\x1b[K \x1b[01;35m\x1b[Kwarning: \x1b[m\x1b[K\xe2\x80\x98\x1b[01m\x1b[KORB_SLAM3::KannalaBrandt8::precision\x1b[m\x1b[K\xe2\x80\x99 will be initialized after [\x1b[01;35m\x1b[K-Wreorder\x1b[m\x1b[K]\n'}
[16.631468] (orb_slam3_ros2_wrapper) StderrLine: {'line': b'  102 |         const float \x1b[01;35m\x1b[Kprecision\x1b[m\x1b[K;\n'}
[16.631581] (orb_slam3_ros2_wrapper) StderrLine: {'line': b'      |                     \x1b[01;35m\x1b[K^~~~~~~~~\x1b[m\x1b[K\n'}
[16.631692] (orb_slam3_ros2_wrapper) StderrLine: {'line': b'\x1b[01m\x1b[K/home/orb/ORB_SLAM3/include/CameraModels/KannalaBrandt8.h:88:26:\x1b[m\x1b[K \x1b[01;35m\x1b[Kwarning: \x1b[m\x1b[K  \xe2\x80\x98\x1b[01m\x1b[Kstd::vector<int> ORB_SLAM3::KannalaBrandt8::mvLappingArea\x1b[m\x1b[K\xe2\x80\x99 [\x1b[01;35m\x1b[K-Wreorder\x1b[m\x1b[K]\n'}
[16.631837] (orb_slam3_ros2_wrapper) StderrLine: {'line': b'   88 |         std::vector<int> \x1b[01;35m\x1b[KmvLappingArea\x1b[m\x1b[K;\n'}
[16.631949] (orb_slam3_ros2_wrapper) StderrLine: {'line': b'      |                          \x1b[01;35m\x1b[K^~~~~~~~~~~~~\x1b[m\x1b[K\n'}
[16.632072] (orb_slam3_ros2_wrapper) StderrLine: {'line': b'\x1b[01m\x1b[K/home/orb/ORB_SLAM3/include/CameraModels/KannalaBrandt8.h:59:9:\x1b[m\x1b[K \x1b[01;35m\x1b[Kwarning: \x1b[m\x1b[K  when initialized here [\x1b[01;35m\x1b[K-Wreorder\x1b[m\x1b[K]\n'}
[16.632190] (orb_slam3_ros2_wrapper) StderrLine: {'line': b'   59 |         \x1b[01;35m\x1b[KKannalaBrandt8\x1b[m\x1b[K(KannalaBrandt8* pKannala) : GeometricCamera(pKannala->mvParameters), precision(pKannala->precision), mvLappingArea(2,0) ,tvr(nullptr) {\n'}
[16.632308] (orb_slam3_ros2_wrapper) StderrLine: {'line': b'      |         \x1b[01;35m\x1b[K^~~~~~~~~~~~~~\x1b[m\x1b[K\n'}
[16.685795] (-) TimerEvent: {}
[16.786121] (-) TimerEvent: {}
[16.886458] (-) TimerEvent: {}
[16.986790] (-) TimerEvent: {}
[17.087126] (-) TimerEvent: {}
[17.187486] (-) TimerEvent: {}
[17.287802] (-) TimerEvent: {}
[17.388150] (-) TimerEvent: {}
[17.488479] (-) TimerEvent: {}
[17.588802] (-) TimerEvent: {}
[17.689140] (-) TimerEvent: {}
[17.789469] (-) TimerEvent: {}
[17.889797] (-) TimerEvent: {}
[17.990143] (-) TimerEvent: {}
[18.090490] (-) TimerEvent: {}
[18.191141] (-) TimerEvent: {}
[18.291686] (-) TimerEvent: {}
[18.392282] (-) TimerEvent: {}
[18.492859] (-) TimerEvent: {}
[18.593787] (-) TimerEvent: {}
[18.684402] (orb_slam3_ros2_wrapper) StderrLine: {'line': b'\x1b[01m\x1b[K/root/colcon_ws/src/orb_slam3_ros2_wrapper/src/orb_slam3_interface.cpp:\x1b[m\x1b[K In member function \xe2\x80\x98\x1b[01m\x1b[Kvoid ORB_SLAM3_Wrapper::ORBSLAM3Interface::mapPointsVisibleFromPose(Sophus::SE3f&, std::vector<ORB_SLAM3::MapPoint*>&, int, float, float)\x1b[m\x1b[K\xe2\x80\x99:\n'}
[18.684662] (orb_slam3_ros2_wrapper) StderrLine: {'line': b'\x1b[01m\x1b[K/root/colcon_ws/src/orb_slam3_ros2_wrapper/src/orb_slam3_interface.cpp:234:14:\x1b[m\x1b[K \x1b[01;35m\x1b[Kwarning: \x1b[m\x1b[Kvariable \xe2\x80\x98\x1b[01m\x1b[KmRwc\x1b[m\x1b[K\xe2\x80\x99 set but not used [\x1b[01;35m\x1b[K-Wunused-but-set-variable\x1b[m\x1b[K]\n'}
[18.684813] (orb_slam3_ros2_wrapper) StderrLine: {'line': b'  234 |         auto \x1b[01;35m\x1b[KmRwc\x1b[m\x1b[K = Twc.rotationMatrix();\n'}
[18.684935] (orb_slam3_ros2_wrapper) StderrLine: {'line': b'      |              \x1b[01;35m\x1b[K^~~~\x1b[m\x1b[K\n'}
[18.687900] (orb_slam3_ros2_wrapper) StderrLine: {'line': b'\x1b[01m\x1b[K/root/colcon_ws/src/orb_slam3_ros2_wrapper/src/orb_slam3_interface.cpp:216:166:\x1b[m\x1b[K \x1b[01;35m\x1b[Kwarning: \x1b[m\x1b[Kunused parameter \xe2\x80\x98\x1b[01m\x1b[KmaxAngle\x1b[m\x1b[K\xe2\x80\x99 [\x1b[01;35m\x1b[K-Wunused-parameter\x1b[m\x1b[K]\n'}
[18.688291] (orb_slam3_ros2_wrapper) StderrLine: {'line': b'  216 |     void ORBSLAM3Interface::mapPointsVisibleFromPose(Sophus::SE3f& cameraPose, std::vector<ORB_SLAM3::MapPoint*>& points, int maxLandmarks, float maxDistance, \x1b[01;35m\x1b[Kfloat maxAngle\x1b[m\x1b[K)\n'}
[18.688421] (orb_slam3_ros2_wrapper) StderrLine: {'line': b'      |                                                                                                                                                                \x1b[01;35m\x1b[K~~~~~~^~~~~~~~\x1b[m\x1b[K\n'}
[18.693896] (-) TimerEvent: {}
[18.731345] (orb_slam3_ros2_wrapper) StderrLine: {'line': b'\x1b[01m\x1b[K/root/colcon_ws/src/orb_slam3_ros2_wrapper/src/orb_slam3_interface.cpp:\x1b[m\x1b[K In member function \xe2\x80\x98\x1b[01m\x1b[Kbool ORB_SLAM3_Wrapper::ORBSLAM3Interface::trackRGBD(sensor_msgs::msg::Image_<std::allocator<void> >::SharedPtr, sensor_msgs::msg::Image_<std::allocator<void> >::SharedPtr, Sophus::SE3f&)\x1b[m\x1b[K\xe2\x80\x99:\n'}
[18.732346] (orb_slam3_ros2_wrapper) StderrLine: {'line': b'\x1b[01m\x1b[K/root/colcon_ws/src/orb_slam3_ros2_wrapper/src/orb_slam3_interface.cpp:617:18:\x1b[m\x1b[K \x1b[01;35m\x1b[Kwarning: \x1b[m\x1b[Kvariable \xe2\x80\x98\x1b[01m\x1b[KtempTwc\x1b[m\x1b[K\xe2\x80\x99 set but not used [\x1b[01;35m\x1b[K-Wunused-but-set-variable\x1b[m\x1b[K]\n'}
[18.732513] (orb_slam3_ros2_wrapper) StderrLine: {'line': b'  617 |             auto \x1b[01;35m\x1b[KtempTwc\x1b[m\x1b[K = Tcw.inverse();\n'}
[18.732645] (orb_slam3_ros2_wrapper) StderrLine: {'line': b'      |                  \x1b[01;35m\x1b[K^~~~~~~\x1b[m\x1b[K\n'}
[18.794012] (-) TimerEvent: {}
[18.894366] (-) TimerEvent: {}
[18.995224] (-) TimerEvent: {}
[19.095572] (-) TimerEvent: {}
[19.196417] (-) TimerEvent: {}
[19.296811] (-) TimerEvent: {}
[19.308526] (orb_slam3_ros2_wrapper) StderrLine: {'line': b'In file included from \x1b[01m\x1b[K/home/orb/ORB_SLAM3/include/Frame.h:30\x1b[m\x1b[K,\n'}
[19.309436] (orb_slam3_ros2_wrapper) StderrLine: {'line': b'                 from \x1b[01m\x1b[K/home/orb/ORB_SLAM3/include/KeyFrame.h:28\x1b[m\x1b[K,\n'}
[19.309586] (orb_slam3_ros2_wrapper) StderrLine: {'line': b'                 from \x1b[01m\x1b[K/home/orb/ORB_SLAM3/include/MapPoint.h:23\x1b[m\x1b[K,\n'}
[19.309705] (orb_slam3_ros2_wrapper) StderrLine: {'line': b'                 from \x1b[01m\x1b[K/root/colcon_ws/src/orb_slam3_ros2_wrapper/include/orb_slam3_ros2_wrapper/type_conversion.hpp:26\x1b[m\x1b[K,\n'}
[19.309839] (orb_slam3_ros2_wrapper) StderrLine: {'line': b'                 from \x1b[01m\x1b[K/root/colcon_ws/src/orb_slam3_ros2_wrapper/tests/typeConversionsTests.cpp:5\x1b[m\x1b[K:\n'}
[19.309956] (orb_slam3_ros2_wrapper) StderrLine: {'line': b'\x1b[01m\x1b[K/home/orb/ORB_SLAM3/include/ImuTypes.h:\x1b[m\x1b[K In member function \xe2\x80\x98\x1b[01m\x1b[Kvoid ORB_SLAM3::IMU::Preintegrated::printMeasurements() const\x1b[m\x1b[K\xe2\x80\x99:\n'}
[19.310070] (orb_slam3_ros2_wrapper) StderrLine: {'line': b'\x1b[01m\x1b[K/home/orb/ORB_SLAM3/include/ImuTypes.h:204:23:\x1b[m\x1b[K \x1b[01;35m\x1b[Kwarning: \x1b[m\x1b[Kcomparison of integer expressions of different signedness: \xe2\x80\x98\x1b[01m\x1b[Kint\x1b[m\x1b[K\xe2\x80\x99 and \xe2\x80\x98\x1b[01m\x1b[Kstd::vector<ORB_SLAM3::IMU::Preintegrated::integrable>::size_type\x1b[m\x1b[K\xe2\x80\x99 {aka \xe2\x80\x98\x1b[01m\x1b[Klong unsigned int\x1b[m\x1b[K\xe2\x80\x99} [\x1b[01;35m\x1b[K-Wsign-compare\x1b[m\x1b[K]\n'}
[19.310188] (orb_slam3_ros2_wrapper) StderrLine: {'line': b'  204 |         for(int i=0; \x1b[01;35m\x1b[Ki<mvMeasurements.size()\x1b[m\x1b[K; i++){\n'}
[19.310301] (orb_slam3_ros2_wrapper) StderrLine: {'line': b'      |                      \x1b[01;35m\x1b[K~^~~~~~~~~~~~~~~~~~~~~~\x1b[m\x1b[K\n'}
[19.397811] (-) TimerEvent: {}
[19.447122] (orb_slam3_ros2_wrapper) StderrLine: {'line': b'In file included from \x1b[01m\x1b[K/home/orb/ORB_SLAM3/Thirdparty/g2o/g2o/types/types_six_dof_expmap.h:37\x1b[m\x1b[K,\n'}
[19.447362] (orb_slam3_ros2_wrapper) StderrLine: {'line': b'                 from \x1b[01m\x1b[K/home/orb/ORB_SLAM3/include/Converter.h:26\x1b[m\x1b[K,\n'}
[19.447488] (orb_slam3_ros2_wrapper) StderrLine: {'line': b'                 from \x1b[01m\x1b[K/home/orb/ORB_SLAM3/include/Frame.h:33\x1b[m\x1b[K,\n'}
[19.447599] (orb_slam3_ros2_wrapper) StderrLine: {'line': b'                 from \x1b[01m\x1b[K/home/orb/ORB_SLAM3/include/KeyFrame.h:28\x1b[m\x1b[K,\n'}
[19.447706] (orb_slam3_ros2_wrapper) StderrLine: {'line': b'                 from \x1b[01m\x1b[K/home/orb/ORB_SLAM3/include/MapPoint.h:23\x1b[m\x1b[K,\n'}
[19.447833] (orb_slam3_ros2_wrapper) StderrLine: {'line': b'                 from \x1b[01m\x1b[K/root/colcon_ws/src/orb_slam3_ros2_wrapper/include/orb_slam3_ros2_wrapper/type_conversion.hpp:26\x1b[m\x1b[K,\n'}
[19.447961] (orb_slam3_ros2_wrapper) StderrLine: {'line': b'                 from \x1b[01m\x1b[K/root/colcon_ws/src/orb_slam3_ros2_wrapper/tests/typeConversionsTests.cpp:5\x1b[m\x1b[K:\n'}
[19.448069] (orb_slam3_ros2_wrapper) StderrLine: {'line': b'\x1b[01m\x1b[K/home/orb/ORB_SLAM3/Thirdparty/g2o/g2o/types/../core/base_vertex.h:\x1b[m\x1b[K At global scope:\n'}
[19.448175] (orb_slam3_ros2_wrapper) StderrLine: {'line': b'\x1b[01m\x1b[K/home/orb/ORB_SLAM3/Thirdparty/g2o/g2o/types/../core/base_vertex.h:62:74:\x1b[m\x1b[K \x1b[01;35m\x1b[Kwarning: \x1b[m\x1b[K\xe2\x80\x98\x1b[01m\x1b[KEigen::AlignedBit\x1b[m\x1b[K\xe2\x80\x99 is deprecated [\x1b[01;35m\x1b[K-Wdeprecated-declarations\x1b[m\x1b[K]\n'}
[19.448295] (orb_slam3_ros2_wrapper) StderrLine: {'line': b'   62 |     typedef Eigen::Map<Matrix<double, D, D>, Matrix<double,D,D>::Flags & \x1b[01;35m\x1b[KAlignedBit\x1b[m\x1b[K ? Aligned : Unaligned >  HessianBlockType;\n'}
[19.448402] (orb_slam3_ros2_wrapper) StderrLine: {'line': b'      |                                                                          \x1b[01;35m\x1b[K^~~~~~~~~~\x1b[m\x1b[K\n'}
[19.450885] (orb_slam3_ros2_wrapper) StderrLine: {'line': b'In file included from \x1b[01m\x1b[K/usr/include/eigen3/Eigen/Core:161\x1b[m\x1b[K,\n'}
[19.451112] (orb_slam3_ros2_wrapper) StderrLine: {'line': b'                 from \x1b[01m\x1b[K/usr/include/eigen3/Eigen/Dense:1\x1b[m\x1b[K,\n'}
[19.451239] (orb_slam3_ros2_wrapper) StderrLine: {'line': b'                 from \x1b[01m\x1b[K/root/colcon_ws/src/orb_slam3_ros2_wrapper/tests/typeConversionsTests.cpp:3\x1b[m\x1b[K:\n'}
[19.451347] (orb_slam3_ros2_wrapper) StderrLine: {'line': b'\x1b[01m\x1b[K/usr/include/eigen3/Eigen/src/Core/util/Constants.h:167:37:\x1b[m\x1b[K \x1b[01;36m\x1b[Knote: \x1b[m\x1b[Kdeclared here\n'}
[19.451461] (orb_slam3_ros2_wrapper) StderrLine: {'line': b'  167 | EIGEN_DEPRECATED const unsigned int \x1b[01;36m\x1b[KAlignedBit\x1b[m\x1b[K = 0x80;\n'}
[19.451569] (orb_slam3_ros2_wrapper) StderrLine: {'line': b'      |                                     \x1b[01;36m\x1b[K^~~~~~~~~~\x1b[m\x1b[K\n'}
[19.464992] (orb_slam3_ros2_wrapper) StderrLine: {'line': b'In file included from \x1b[01m\x1b[K/home/orb/ORB_SLAM3/Thirdparty/g2o/g2o/types/types_six_dof_expmap.h:38\x1b[m\x1b[K,\n'}
[19.465229] (orb_slam3_ros2_wrapper) StderrLine: {'line': b'                 from \x1b[01m\x1b[K/home/orb/ORB_SLAM3/include/Converter.h:26\x1b[m\x1b[K,\n'}
[19.465353] (orb_slam3_ros2_wrapper) StderrLine: {'line': b'                 from \x1b[01m\x1b[K/home/orb/ORB_SLAM3/include/Frame.h:33\x1b[m\x1b[K,\n'}
[19.465478] (orb_slam3_ros2_wrapper) StderrLine: {'line': b'                 from \x1b[01m\x1b[K/home/orb/ORB_SLAM3/include/KeyFrame.h:28\x1b[m\x1b[K,\n'}
[19.465589] (orb_slam3_ros2_wrapper) StderrLine: {'line': b'                 from \x1b[01m\x1b[K/home/orb/ORB_SLAM3/include/MapPoint.h:23\x1b[m\x1b[K,\n'}
[19.465696] (orb_slam3_ros2_wrapper) StderrLine: {'line': b'                 from \x1b[01m\x1b[K/root/colcon_ws/src/orb_slam3_ros2_wrapper/include/orb_slam3_ros2_wrapper/type_conversion.hpp:26\x1b[m\x1b[K,\n'}
[19.465822] (orb_slam3_ros2_wrapper) StderrLine: {'line': b'                 from \x1b[01m\x1b[K/root/colcon_ws/src/orb_slam3_ros2_wrapper/tests/typeConversionsTests.cpp:5\x1b[m\x1b[K:\n'}
[19.465954] (orb_slam3_ros2_wrapper) StderrLine: {'line': b'\x1b[01m\x1b[K/home/orb/ORB_SLAM3/Thirdparty/g2o/g2o/types/../core/base_binary_edge.h:59:82:\x1b[m\x1b[K \x1b[01;35m\x1b[Kwarning: \x1b[m\x1b[K\xe2\x80\x98\x1b[01m\x1b[KEigen::AlignedBit\x1b[m\x1b[K\xe2\x80\x99 is deprecated [\x1b[01;35m\x1b[K-Wdeprecated-declarations\x1b[m\x1b[K]\n'}
[19.466059] (orb_slam3_ros2_wrapper) StderrLine: {'line': b'   59 |       typedef Eigen::Map<Matrix<double, Di, Dj>, Matrix<double, Di, Dj>::Flags & \x1b[01;35m\x1b[KAlignedBit\x1b[m\x1b[K ? Aligned : Unaligned > HessianBlockType;\n'}
[19.466157] (orb_slam3_ros2_wrapper) StderrLine: {'line': b'      |                                                                                  \x1b[01;35m\x1b[K^~~~~~~~~~\x1b[m\x1b[K\n'}
[19.466256] (orb_slam3_ros2_wrapper) StderrLine: {'line': b'In file included from \x1b[01m\x1b[K/usr/include/eigen3/Eigen/Core:161\x1b[m\x1b[K,\n'}
[19.466355] (orb_slam3_ros2_wrapper) StderrLine: {'line': b'                 from \x1b[01m\x1b[K/usr/include/eigen3/Eigen/Dense:1\x1b[m\x1b[K,\n'}
[19.466454] (orb_slam3_ros2_wrapper) StderrLine: {'line': b'                 from \x1b[01m\x1b[K/root/colcon_ws/src/orb_slam3_ros2_wrapper/tests/typeConversionsTests.cpp:3\x1b[m\x1b[K:\n'}
[19.466554] (orb_slam3_ros2_wrapper) StderrLine: {'line': b'\x1b[01m\x1b[K/usr/include/eigen3/Eigen/src/Core/util/Constants.h:167:37:\x1b[m\x1b[K \x1b[01;36m\x1b[Knote: \x1b[m\x1b[Kdeclared here\n'}
[19.466655] (orb_slam3_ros2_wrapper) StderrLine: {'line': b'  167 | EIGEN_DEPRECATED const unsigned int \x1b[01;36m\x1b[KAlignedBit\x1b[m\x1b[K = 0x80;\n'}
[19.466785] (orb_slam3_ros2_wrapper) StderrLine: {'line': b'      |                                     \x1b[01;36m\x1b[K^~~~~~~~~~\x1b[m\x1b[K\n'}
[19.467051] (orb_slam3_ros2_wrapper) StderrLine: {'line': b'In file included from \x1b[01m\x1b[K/home/orb/ORB_SLAM3/Thirdparty/g2o/g2o/types/types_six_dof_expmap.h:38\x1b[m\x1b[K,\n'}
[19.467174] (orb_slam3_ros2_wrapper) StderrLine: {'line': b'                 from \x1b[01m\x1b[K/home/orb/ORB_SLAM3/include/Converter.h:26\x1b[m\x1b[K,\n'}
[19.467280] (orb_slam3_ros2_wrapper) StderrLine: {'line': b'                 from \x1b[01m\x1b[K/home/orb/ORB_SLAM3/include/Frame.h:33\x1b[m\x1b[K,\n'}
[19.467385] (orb_slam3_ros2_wrapper) StderrLine: {'line': b'                 from \x1b[01m\x1b[K/home/orb/ORB_SLAM3/include/KeyFrame.h:28\x1b[m\x1b[K,\n'}
[19.467488] (orb_slam3_ros2_wrapper) StderrLine: {'line': b'                 from \x1b[01m\x1b[K/home/orb/ORB_SLAM3/include/MapPoint.h:23\x1b[m\x1b[K,\n'}
[19.467592] (orb_slam3_ros2_wrapper) StderrLine: {'line': b'                 from \x1b[01m\x1b[K/root/colcon_ws/src/orb_slam3_ros2_wrapper/include/orb_slam3_ros2_wrapper/type_conversion.hpp:26\x1b[m\x1b[K,\n'}
[19.467696] (orb_slam3_ros2_wrapper) StderrLine: {'line': b'                 from \x1b[01m\x1b[K/root/colcon_ws/src/orb_slam3_ros2_wrapper/tests/typeConversionsTests.cpp:5\x1b[m\x1b[K:\n'}
[19.467821] (orb_slam3_ros2_wrapper) StderrLine: {'line': b'\x1b[01m\x1b[K/home/orb/ORB_SLAM3/Thirdparty/g2o/g2o/types/../core/base_binary_edge.h:60:82:\x1b[m\x1b[K \x1b[01;35m\x1b[Kwarning: \x1b[m\x1b[K\xe2\x80\x98\x1b[01m\x1b[KEigen::AlignedBit\x1b[m\x1b[K\xe2\x80\x99 is deprecated [\x1b[01;35m\x1b[K-Wdeprecated-declarations\x1b[m\x1b[K]\n'}
[19.467927] (orb_slam3_ros2_wrapper) StderrLine: {'line': b'   60 |       typedef Eigen::Map<Matrix<double, Dj, Di>, Matrix<double, Dj, Di>::Flags & \x1b[01;35m\x1b[KAlignedBit\x1b[m\x1b[K ? Aligned : Unaligned > HessianBlockTransposedType;\n'}
[19.468029] (orb_slam3_ros2_wrapper) StderrLine: {'line': b'      |                                                                                  \x1b[01;35m\x1b[K^~~~~~~~~~\x1b[m\x1b[K\n'}
[19.468137] (orb_slam3_ros2_wrapper) StderrLine: {'line': b'In file included from \x1b[01m\x1b[K/usr/include/eigen3/Eigen/Core:161\x1b[m\x1b[K,\n'}
[19.468260] (orb_slam3_ros2_wrapper) StderrLine: {'line': b'                 from \x1b[01m\x1b[K/usr/include/eigen3/Eigen/Dense:1\x1b[m\x1b[K,\n'}
[19.468361] (orb_slam3_ros2_wrapper) StderrLine: {'line': b'                 from \x1b[01m\x1b[K/root/colcon_ws/src/orb_slam3_ros2_wrapper/tests/typeConversionsTests.cpp:3\x1b[m\x1b[K:\n'}
[19.468462] (orb_slam3_ros2_wrapper) StderrLine: {'line': b'\x1b[01m\x1b[K/usr/include/eigen3/Eigen/src/Core/util/Constants.h:167:37:\x1b[m\x1b[K \x1b[01;36m\x1b[Knote: \x1b[m\x1b[Kdeclared here\n'}
[19.468563] (orb_slam3_ros2_wrapper) StderrLine: {'line': b'  167 | EIGEN_DEPRECATED const unsigned int \x1b[01;36m\x1b[KAlignedBit\x1b[m\x1b[K = 0x80;\n'}
[19.468662] (orb_slam3_ros2_wrapper) StderrLine: {'line': b'      |                                     \x1b[01;36m\x1b[K^~~~~~~~~~\x1b[m\x1b[K\n'}
[19.497921] (-) TimerEvent: {}
[19.534304] (orb_slam3_ros2_wrapper) StderrLine: {'line': b'In file included from \x1b[01m\x1b[K/home/orb/ORB_SLAM3/Thirdparty/g2o/g2o/types/types_six_dof_expmap.h:41\x1b[m\x1b[K,\n'}
[19.534536] (orb_slam3_ros2_wrapper) StderrLine: {'line': b'                 from \x1b[01m\x1b[K/home/orb/ORB_SLAM3/include/Converter.h:26\x1b[m\x1b[K,\n'}
[19.534672] (orb_slam3_ros2_wrapper) StderrLine: {'line': b'                 from \x1b[01m\x1b[K/home/orb/ORB_SLAM3/include/Frame.h:33\x1b[m\x1b[K,\n'}
[19.534800] (orb_slam3_ros2_wrapper) StderrLine: {'line': b'                 from \x1b[01m\x1b[K/home/orb/ORB_SLAM3/include/KeyFrame.h:28\x1b[m\x1b[K,\n'}
[19.534908] (orb_slam3_ros2_wrapper) StderrLine: {'line': b'                 from \x1b[01m\x1b[K/home/orb/ORB_SLAM3/include/MapPoint.h:23\x1b[m\x1b[K,\n'}
[19.535011] (orb_slam3_ros2_wrapper) StderrLine: {'line': b'                 from \x1b[01m\x1b[K/root/colcon_ws/src/orb_slam3_ros2_wrapper/include/orb_slam3_ros2_wrapper/type_conversion.hpp:26\x1b[m\x1b[K,\n'}
[19.535124] (orb_slam3_ros2_wrapper) StderrLine: {'line': b'                 from \x1b[01m\x1b[K/root/colcon_ws/src/orb_slam3_ros2_wrapper/tests/typeConversionsTests.cpp:5\x1b[m\x1b[K:\n'}
[19.535228] (orb_slam3_ros2_wrapper) StderrLine: {'line': b'\x1b[01m\x1b[K/home/orb/ORB_SLAM3/Thirdparty/g2o/g2o/types/se3quat.h:43:38:\x1b[m\x1b[K \x1b[01;35m\x1b[Kwarning: \x1b[m\x1b[Kextra \xe2\x80\x98\x1b[01m\x1b[K;\x1b[m\x1b[K\xe2\x80\x99 [\x1b[01;35m\x1b[K-Wpedantic\x1b[m\x1b[K]\n'}
[19.535334] (orb_slam3_ros2_wrapper) StderrLine: {'line': b'   43 |       EIGEN_MAKE_ALIGNED_OPERATOR_NEW\x1b[01;35m\x1b[K;\x1b[m\x1b[K\n'}
[19.535432] (orb_slam3_ros2_wrapper) StderrLine: {'line': b'      |                                      \x1b[01;35m\x1b[K^\x1b[m\x1b[K\n'}
[19.535535] (orb_slam3_ros2_wrapper) StderrLine: {'line': b'      |                                      \x1b[31m\x1b[K-\x1b[m\x1b[K\n'}
[19.598040] (-) TimerEvent: {}
[19.698373] (-) TimerEvent: {}
[19.798706] (-) TimerEvent: {}
[19.862197] (orb_slam3_ros2_wrapper) StderrLine: {'line': b'In file included from \x1b[01m\x1b[K/home/orb/ORB_SLAM3/Thirdparty/g2o/g2o/types/types_six_dof_expmap.h:37\x1b[m\x1b[K,\n'}
[19.862433] (orb_slam3_ros2_wrapper) StderrLine: {'line': b'                 from \x1b[01m\x1b[K/home/orb/ORB_SLAM3/include/Converter.h:26\x1b[m\x1b[K,\n'}
[19.862543] (orb_slam3_ros2_wrapper) StderrLine: {'line': b'                 from \x1b[01m\x1b[K/home/orb/ORB_SLAM3/include/Frame.h:33\x1b[m\x1b[K,\n'}
[19.862649] (orb_slam3_ros2_wrapper) StderrLine: {'line': b'                 from \x1b[01m\x1b[K/home/orb/ORB_SLAM3/include/KeyFrame.h:28\x1b[m\x1b[K,\n'}
[19.862766] (orb_slam3_ros2_wrapper) StderrLine: {'line': b'                 from \x1b[01m\x1b[K/home/orb/ORB_SLAM3/include/MapPoint.h:23\x1b[m\x1b[K,\n'}
[19.862871] (orb_slam3_ros2_wrapper) StderrLine: {'line': b'                 from \x1b[01m\x1b[K/root/colcon_ws/src/orb_slam3_ros2_wrapper/include/orb_slam3_ros2_wrapper/type_conversion.hpp:26\x1b[m\x1b[K,\n'}
[19.862976] (orb_slam3_ros2_wrapper) StderrLine: {'line': b'                 from \x1b[01m\x1b[K/root/colcon_ws/src/orb_slam3_ros2_wrapper/tests/typeConversionsTests.cpp:5\x1b[m\x1b[K:\n'}
[19.863070] (orb_slam3_ros2_wrapper) StderrLine: {'line': b'/home/orb/ORB_SLAM3/Thirdparty/g2o/g2o/types/../core/base_vertex.h: In instantiation of \xe2\x80\x98\x1b[01m\x1b[Kclass g2o::BaseVertex<3, Eigen::Matrix<double, 3, 1> >\x1b[m\x1b[K\xe2\x80\x99:\n'}
[19.863168] (orb_slam3_ros2_wrapper) StderrLine: {'line': b'\x1b[01m\x1b[K/home/orb/ORB_SLAM3/Thirdparty/g2o/g2o/types/types_sba.h:40:35:\x1b[m\x1b[K   required from here\n'}
[19.863268] (orb_slam3_ros2_wrapper) StderrLine: {'line': b'\x1b[01m\x1b[K/home/orb/ORB_SLAM3/Thirdparty/g2o/g2o/types/../core/base_vertex.h:62:72:\x1b[m\x1b[K \x1b[01;35m\x1b[Kwarning: \x1b[m\x1b[K\xe2\x80\x98\x1b[01m\x1b[KEigen::AlignedBit\x1b[m\x1b[K\xe2\x80\x99 is deprecated [\x1b[01;35m\x1b[K-Wdeprecated-declarations\x1b[m\x1b[K]\n'}
[19.863370] (orb_slam3_ros2_wrapper) StderrLine: {'line': b'   62 |     typedef Eigen::Map<Matrix<double, D, D>, Matrix<double,D,D>::\x1b[01;35m\x1b[KFlags & AlignedBit\x1b[m\x1b[K ? Aligned : Unaligned >  HessianBlockType;\n'}
[19.863469] (orb_slam3_ros2_wrapper) StderrLine: {'line': b'      |                                                                  \x1b[01;35m\x1b[K~~~~~~^~~~~~~~~~~~\x1b[m\x1b[K\n'}
[19.863568] (orb_slam3_ros2_wrapper) StderrLine: {'line': b'In file included from \x1b[01m\x1b[K/usr/include/eigen3/Eigen/Core:161\x1b[m\x1b[K,\n'}
[19.863667] (orb_slam3_ros2_wrapper) StderrLine: {'line': b'                 from \x1b[01m\x1b[K/usr/include/eigen3/Eigen/Dense:1\x1b[m\x1b[K,\n'}
[19.863780] (orb_slam3_ros2_wrapper) StderrLine: {'line': b'                 from \x1b[01m\x1b[K/root/colcon_ws/src/orb_slam3_ros2_wrapper/tests/typeConversionsTests.cpp:3\x1b[m\x1b[K:\n'}
[19.863881] (orb_slam3_ros2_wrapper) StderrLine: {'line': b'\x1b[01m\x1b[K/usr/include/eigen3/Eigen/src/Core/util/Constants.h:167:37:\x1b[m\x1b[K \x1b[01;36m\x1b[Knote: \x1b[m\x1b[Kdeclared here\n'}
[19.863992] (orb_slam3_ros2_wrapper) StderrLine: {'line': b'  167 | EIGEN_DEPRECATED const unsigned int \x1b[01;36m\x1b[KAlignedBit\x1b[m\x1b[K = 0x80;\n'}
[19.864089] (orb_slam3_ros2_wrapper) StderrLine: {'line': b'      |                                     \x1b[01;36m\x1b[K^~~~~~~~~~\x1b[m\x1b[K\n'}
[19.896367] (orb_slam3_ros2_wrapper) StderrLine: {'line': b'In file included from \x1b[01m\x1b[K/home/orb/ORB_SLAM3/Thirdparty/g2o/g2o/types/types_six_dof_expmap.h:37\x1b[m\x1b[K,\n'}
[19.896595] (orb_slam3_ros2_wrapper) StderrLine: {'line': b'                 from \x1b[01m\x1b[K/home/orb/ORB_SLAM3/include/Converter.h:26\x1b[m\x1b[K,\n'}
[19.896702] (orb_slam3_ros2_wrapper) StderrLine: {'line': b'                 from \x1b[01m\x1b[K/home/orb/ORB_SLAM3/include/Frame.h:33\x1b[m\x1b[K,\n'}
[19.896824] (orb_slam3_ros2_wrapper) StderrLine: {'line': b'                 from \x1b[01m\x1b[K/home/orb/ORB_SLAM3/include/KeyFrame.h:28\x1b[m\x1b[K,\n'}
[19.896917] (orb_slam3_ros2_wrapper) StderrLine: {'line': b'                 from \x1b[01m\x1b[K/home/orb/ORB_SLAM3/include/MapPoint.h:23\x1b[m\x1b[K,\n'}
[19.897011] (orb_slam3_ros2_wrapper) StderrLine: {'line': b'                 from \x1b[01m\x1b[K/root/colcon_ws/src/orb_slam3_ros2_wrapper/include/orb_slam3_ros2_wrapper/type_conversion.hpp:26\x1b[m\x1b[K,\n'}
[19.897110] (orb_slam3_ros2_wrapper) StderrLine: {'line': b'                 from \x1b[01m\x1b[K/root/colcon_ws/src/orb_slam3_ros2_wrapper/tests/typeConversionsTests.cpp:5\x1b[m\x1b[K:\n'}
[19.897226] (orb_slam3_ros2_wrapper) StderrLine: {'line': b'/home/orb/ORB_SLAM3/Thirdparty/g2o/g2o/types/../core/base_vertex.h: In instantiation of \xe2\x80\x98\x1b[01m\x1b[Kclass g2o::BaseVertex<6, g2o::SE3Quat>\x1b[m\x1b[K\xe2\x80\x99:\n'}
[19.897328] (orb_slam3_ros2_wrapper) StderrLine: {'line': b'\x1b[01m\x1b[K/home/orb/ORB_SLAM3/Thirdparty/g2o/g2o/types/types_six_dof_expmap.h:59:33:\x1b[m\x1b[K   required from here\n'}
[19.897429] (orb_slam3_ros2_wrapper) StderrLine: {'line': b'\x1b[01m\x1b[K/home/orb/ORB_SLAM3/Thirdparty/g2o/g2o/types/../core/base_vertex.h:62:72:\x1b[m\x1b[K \x1b[01;35m\x1b[Kwarning: \x1b[m\x1b[K\xe2\x80\x98\x1b[01m\x1b[KEigen::AlignedBit\x1b[m\x1b[K\xe2\x80\x99 is deprecated [\x1b[01;35m\x1b[K-Wdeprecated-declarations\x1b[m\x1b[K]\n'}
[19.897532] (orb_slam3_ros2_wrapper) StderrLine: {'line': b'   62 |     typedef Eigen::Map<Matrix<double, D, D>, Matrix<double,D,D>::\x1b[01;35m\x1b[KFlags & AlignedBit\x1b[m\x1b[K ? Aligned : Unaligned >  HessianBlockType;\n'}
[19.897632] (orb_slam3_ros2_wrapper) StderrLine: {'line': b'      |                                                                  \x1b[01;35m\x1b[K~~~~~~^~~~~~~~~~~~\x1b[m\x1b[K\n'}
[19.897834] (orb_slam3_ros2_wrapper) StderrLine: {'line': b'In file included from \x1b[01m\x1b[K/usr/include/eigen3/Eigen/Core:161\x1b[m\x1b[K,\n'}
[19.897973] (orb_slam3_ros2_wrapper) StderrLine: {'line': b'                 from \x1b[01m\x1b[K/usr/include/eigen3/Eigen/Dense:1\x1b[m\x1b[K,\n'}
[19.898077] (orb_slam3_ros2_wrapper) StderrLine: {'line': b'                 from \x1b[01m\x1b[K/root/colcon_ws/src/orb_slam3_ros2_wrapper/tests/typeConversionsTests.cpp:3\x1b[m\x1b[K:\n'}
[19.898175] (orb_slam3_ros2_wrapper) StderrLine: {'line': b'\x1b[01m\x1b[K/usr/include/eigen3/Eigen/src/Core/util/Constants.h:167:37:\x1b[m\x1b[K \x1b[01;36m\x1b[Knote: \x1b[m\x1b[Kdeclared here\n'}
[19.898274] (orb_slam3_ros2_wrapper) StderrLine: {'line': b'  167 | EIGEN_DEPRECATED const unsigned int \x1b[01;36m\x1b[KAlignedBit\x1b[m\x1b[K = 0x80;\n'}
[19.898374] (orb_slam3_ros2_wrapper) StderrLine: {'line': b'      |                                     \x1b[01;36m\x1b[K^~~~~~~~~~\x1b[m\x1b[K\n'}
[19.898752] (-) TimerEvent: {}
[19.931897] (orb_slam3_ros2_wrapper) StderrLine: {'line': b'In file included from \x1b[01m\x1b[K/home/orb/ORB_SLAM3/Thirdparty/g2o/g2o/types/types_six_dof_expmap.h:38\x1b[m\x1b[K,\n'}
[19.932121] (orb_slam3_ros2_wrapper) StderrLine: {'line': b'                 from \x1b[01m\x1b[K/home/orb/ORB_SLAM3/include/Converter.h:26\x1b[m\x1b[K,\n'}
[19.932253] (orb_slam3_ros2_wrapper) StderrLine: {'line': b'                 from \x1b[01m\x1b[K/home/orb/ORB_SLAM3/include/Frame.h:33\x1b[m\x1b[K,\n'}
[19.932346] (orb_slam3_ros2_wrapper) StderrLine: {'line': b'                 from \x1b[01m\x1b[K/home/orb/ORB_SLAM3/include/KeyFrame.h:28\x1b[m\x1b[K,\n'}
[19.932440] (orb_slam3_ros2_wrapper) StderrLine: {'line': b'                 from \x1b[01m\x1b[K/home/orb/ORB_SLAM3/include/MapPoint.h:23\x1b[m\x1b[K,\n'}
[19.932541] (orb_slam3_ros2_wrapper) StderrLine: {'line': b'                 from \x1b[01m\x1b[K/root/colcon_ws/src/orb_slam3_ros2_wrapper/include/orb_slam3_ros2_wrapper/type_conversion.hpp:26\x1b[m\x1b[K,\n'}
[19.932629] (orb_slam3_ros2_wrapper) StderrLine: {'line': b'                 from \x1b[01m\x1b[K/root/colcon_ws/src/orb_slam3_ros2_wrapper/tests/typeConversionsTests.cpp:5\x1b[m\x1b[K:\n'}
[19.932730] (orb_slam3_ros2_wrapper) StderrLine: {'line': b'/home/orb/ORB_SLAM3/Thirdparty/g2o/g2o/types/../core/base_binary_edge.h: In instantiation of \xe2\x80\x98\x1b[01m\x1b[Kclass g2o::BaseBinaryEdge<6, g2o::SE3Quat, g2o::VertexSE3Expmap, g2o::VertexSE3Expmap>\x1b[m\x1b[K\xe2\x80\x99:\n'}
[19.932839] (orb_slam3_ros2_wrapper) StderrLine: {'line': b'\x1b[01m\x1b[K/home/orb/ORB_SLAM3/Thirdparty/g2o/g2o/types/types_six_dof_expmap.h:83:24:\x1b[m\x1b[K   required from here\n'}
[19.932942] (orb_slam3_ros2_wrapper) StderrLine: {'line': b'\x1b[01m\x1b[K/home/orb/ORB_SLAM3/Thirdparty/g2o/g2o/types/../core/base_binary_edge.h:59:80:\x1b[m\x1b[K \x1b[01;35m\x1b[Kwarning: \x1b[m\x1b[K\xe2\x80\x98\x1b[01m\x1b[KEigen::AlignedBit\x1b[m\x1b[K\xe2\x80\x99 is deprecated [\x1b[01;35m\x1b[K-Wdeprecated-declarations\x1b[m\x1b[K]\n'}
[19.933043] (orb_slam3_ros2_wrapper) StderrLine: {'line': b'   59 |       typedef Eigen::Map<Matrix<double, Di, Dj>, Matrix<double, Di, Dj>::\x1b[01;35m\x1b[KFlags & AlignedBit\x1b[m\x1b[K ? Aligned : Unaligned > HessianBlockType;\n'}
[19.933320] (orb_slam3_ros2_wrapper) StderrLine: {'line': b'      |                                                                          \x1b[01;35m\x1b[K~~~~~~^~~~~~~~~~~~\x1b[m\x1b[K\n'}
[19.933437] (orb_slam3_ros2_wrapper) StderrLine: {'line': b'In file included from \x1b[01m\x1b[K/usr/include/eigen3/Eigen/Core:161\x1b[m\x1b[K,\n'}
[19.933538] (orb_slam3_ros2_wrapper) StderrLine: {'line': b'                 from \x1b[01m\x1b[K/usr/include/eigen3/Eigen/Dense:1\x1b[m\x1b[K,\n'}
[19.933639] (orb_slam3_ros2_wrapper) StderrLine: {'line': b'                 from \x1b[01m\x1b[K/root/colcon_ws/src/orb_slam3_ros2_wrapper/tests/typeConversionsTests.cpp:3\x1b[m\x1b[K:\n'}
[19.933766] (orb_slam3_ros2_wrapper) StderrLine: {'line': b'\x1b[01m\x1b[K/usr/include/eigen3/Eigen/src/Core/util/Constants.h:167:37:\x1b[m\x1b[K \x1b[01;36m\x1b[Knote: \x1b[m\x1b[Kdeclared here\n'}
[19.933881] (orb_slam3_ros2_wrapper) StderrLine: {'line': b'  167 | EIGEN_DEPRECATED const unsigned int \x1b[01;36m\x1b[KAlignedBit\x1b[m\x1b[K = 0x80;\n'}
[19.933977] (orb_slam3_ros2_wrapper) StderrLine: {'line': b'      |                                     \x1b[01;36m\x1b[K^~~~~~~~~~\x1b[m\x1b[K\n'}
[19.934072] (orb_slam3_ros2_wrapper) StderrLine: {'line': b'In file included from \x1b[01m\x1b[K/home/orb/ORB_SLAM3/Thirdparty/g2o/g2o/types/types_six_dof_expmap.h:38\x1b[m\x1b[K,\n'}
[19.934166] (orb_slam3_ros2_wrapper) StderrLine: {'line': b'                 from \x1b[01m\x1b[K/home/orb/ORB_SLAM3/include/Converter.h:26\x1b[m\x1b[K,\n'}
[19.934263] (orb_slam3_ros2_wrapper) StderrLine: {'line': b'                 from \x1b[01m\x1b[K/home/orb/ORB_SLAM3/include/Frame.h:33\x1b[m\x1b[K,\n'}
[19.934359] (orb_slam3_ros2_wrapper) StderrLine: {'line': b'                 from \x1b[01m\x1b[K/home/orb/ORB_SLAM3/include/KeyFrame.h:28\x1b[m\x1b[K,\n'}
[19.934457] (orb_slam3_ros2_wrapper) StderrLine: {'line': b'                 from \x1b[01m\x1b[K/home/orb/ORB_SLAM3/include/MapPoint.h:23\x1b[m\x1b[K,\n'}
[19.934550] (orb_slam3_ros2_wrapper) StderrLine: {'line': b'                 from \x1b[01m\x1b[K/root/colcon_ws/src/orb_slam3_ros2_wrapper/include/orb_slam3_ros2_wrapper/type_conversion.hpp:26\x1b[m\x1b[K,\n'}
[19.934664] (orb_slam3_ros2_wrapper) StderrLine: {'line': b'                 from \x1b[01m\x1b[K/root/colcon_ws/src/orb_slam3_ros2_wrapper/tests/typeConversionsTests.cpp:5\x1b[m\x1b[K:\n'}
[19.934781] (orb_slam3_ros2_wrapper) StderrLine: {'line': b'\x1b[01m\x1b[K/home/orb/ORB_SLAM3/Thirdparty/g2o/g2o/types/../core/base_binary_edge.h:60:80:\x1b[m\x1b[K \x1b[01;35m\x1b[Kwarning: \x1b[m\x1b[K\xe2\x80\x98\x1b[01m\x1b[KEigen::AlignedBit\x1b[m\x1b[K\xe2\x80\x99 is deprecated [\x1b[01;35m\x1b[K-Wdeprecated-declarations\x1b[m\x1b[K]\n'}
[19.934904] (orb_slam3_ros2_wrapper) StderrLine: {'line': b'   60 |       typedef Eigen::Map<Matrix<double, Dj, Di>, Matrix<double, Dj, Di>::\x1b[01;35m\x1b[KFlags & AlignedBit\x1b[m\x1b[K ? Aligned : Unaligned > HessianBlockTransposedType;\n'}
[19.935003] (orb_slam3_ros2_wrapper) StderrLine: {'line': b'      |                                                                          \x1b[01;35m\x1b[K~~~~~~^~~~~~~~~~~~\x1b[m\x1b[K\n'}
[19.935101] (orb_slam3_ros2_wrapper) StderrLine: {'line': b'In file included from \x1b[01m\x1b[K/usr/include/eigen3/Eigen/Core:161\x1b[m\x1b[K,\n'}
[19.935198] (orb_slam3_ros2_wrapper) StderrLine: {'line': b'                 from \x1b[01m\x1b[K/usr/include/eigen3/Eigen/Dense:1\x1b[m\x1b[K,\n'}
[19.935305] (orb_slam3_ros2_wrapper) StderrLine: {'line': b'                 from \x1b[01m\x1b[K/root/colcon_ws/src/orb_slam3_ros2_wrapper/tests/typeConversionsTests.cpp:3\x1b[m\x1b[K:\n'}
[19.935403] (orb_slam3_ros2_wrapper) StderrLine: {'line': b'\x1b[01m\x1b[K/usr/include/eigen3/Eigen/src/Core/util/Constants.h:167:37:\x1b[m\x1b[K \x1b[01;36m\x1b[Knote: \x1b[m\x1b[Kdeclared here\n'}
[19.935511] (orb_slam3_ros2_wrapper) StderrLine: {'line': b'  167 | EIGEN_DEPRECATED const unsigned int \x1b[01;36m\x1b[KAlignedBit\x1b[m\x1b[K = 0x80;\n'}
[19.935610] (orb_slam3_ros2_wrapper) StderrLine: {'line': b'      |                                     \x1b[01;36m\x1b[K^~~~~~~~~~\x1b[m\x1b[K\n'}
[19.998872] (-) TimerEvent: {}
[20.020113] (orb_slam3_ros2_wrapper) StderrLine: {'line': b'In file included from \x1b[01m\x1b[K/home/orb/ORB_SLAM3/Thirdparty/g2o/g2o/types/types_six_dof_expmap.h:38\x1b[m\x1b[K,\n'}
[20.021510] (orb_slam3_ros2_wrapper) StderrLine: {'line': b'                 from \x1b[01m\x1b[K/home/orb/ORB_SLAM3/include/Converter.h:26\x1b[m\x1b[K,\n'}
[20.021670] (orb_slam3_ros2_wrapper) StderrLine: {'line': b'                 from \x1b[01m\x1b[K/home/orb/ORB_SLAM3/include/Frame.h:33\x1b[m\x1b[K,\n'}
[20.021801] (orb_slam3_ros2_wrapper) StderrLine: {'line': b'                 from \x1b[01m\x1b[K/home/orb/ORB_SLAM3/include/KeyFrame.h:28\x1b[m\x1b[K,\n'}
[20.021911] (orb_slam3_ros2_wrapper) StderrLine: {'line': b'                 from \x1b[01m\x1b[K/home/orb/ORB_SLAM3/include/MapPoint.h:23\x1b[m\x1b[K,\n'}
[20.022014] (orb_slam3_ros2_wrapper) StderrLine: {'line': b'                 from \x1b[01m\x1b[K/root/colcon_ws/src/orb_slam3_ros2_wrapper/include/orb_slam3_ros2_wrapper/type_conversion.hpp:26\x1b[m\x1b[K,\n'}
[20.022120] (orb_slam3_ros2_wrapper) StderrLine: {'line': b'                 from \x1b[01m\x1b[K/root/colcon_ws/src/orb_slam3_ros2_wrapper/tests/typeConversionsTests.cpp:5\x1b[m\x1b[K:\n'}
[20.022222] (orb_slam3_ros2_wrapper) StderrLine: {'line': b'/home/orb/ORB_SLAM3/Thirdparty/g2o/g2o/types/../core/base_binary_edge.h: In instantiation of \xe2\x80\x98\x1b[01m\x1b[Kclass g2o::BaseBinaryEdge<2, Eigen::Matrix<double, 2, 1>, g2o::VertexSBAPointXYZ, g2o::VertexSE3Expmap>\x1b[m\x1b[K\xe2\x80\x99:\n'}
[20.022326] (orb_slam3_ros2_wrapper) StderrLine: {'line': b'\x1b[01m\x1b[K/home/orb/ORB_SLAM3/Thirdparty/g2o/g2o/types/types_six_dof_expmap.h:114:35:\x1b[m\x1b[K   required from here\n'}
[20.022426] (orb_slam3_ros2_wrapper) StderrLine: {'line': b'\x1b[01m\x1b[K/home/orb/ORB_SLAM3/Thirdparty/g2o/g2o/types/../core/base_binary_edge.h:59:80:\x1b[m\x1b[K \x1b[01;35m\x1b[Kwarning: \x1b[m\x1b[K\xe2\x80\x98\x1b[01m\x1b[KEigen::AlignedBit\x1b[m\x1b[K\xe2\x80\x99 is deprecated [\x1b[01;35m\x1b[K-Wdeprecated-declarations\x1b[m\x1b[K]\n'}
[20.022546] (orb_slam3_ros2_wrapper) StderrLine: {'line': b'   59 |       typedef Eigen::Map<Matrix<double, Di, Dj>, Matrix<double, Di, Dj>::\x1b[01;35m\x1b[KFlags & AlignedBit\x1b[m\x1b[K ? Aligned : Unaligned > HessianBlockType;\n'}
[20.022640] (orb_slam3_ros2_wrapper) StderrLine: {'line': b'      |                                                                          \x1b[01;35m\x1b[K~~~~~~^~~~~~~~~~~~\x1b[m\x1b[K\n'}
[20.022745] (orb_slam3_ros2_wrapper) StderrLine: {'line': b'In file included from \x1b[01m\x1b[K/usr/include/eigen3/Eigen/Core:161\x1b[m\x1b[K,\n'}
[20.022859] (orb_slam3_ros2_wrapper) StderrLine: {'line': b'                 from \x1b[01m\x1b[K/usr/include/eigen3/Eigen/Dense:1\x1b[m\x1b[K,\n'}
[20.022962] (orb_slam3_ros2_wrapper) StderrLine: {'line': b'                 from \x1b[01m\x1b[K/root/colcon_ws/src/orb_slam3_ros2_wrapper/tests/typeConversionsTests.cpp:3\x1b[m\x1b[K:\n'}
[20.023064] (orb_slam3_ros2_wrapper) StderrLine: {'line': b'\x1b[01m\x1b[K/usr/include/eigen3/Eigen/src/Core/util/Constants.h:167:37:\x1b[m\x1b[K \x1b[01;36m\x1b[Knote: \x1b[m\x1b[Kdeclared here\n'}
[20.023168] (orb_slam3_ros2_wrapper) StderrLine: {'line': b'  167 | EIGEN_DEPRECATED const unsigned int \x1b[01;36m\x1b[KAlignedBit\x1b[m\x1b[K = 0x80;\n'}
[20.023268] (orb_slam3_ros2_wrapper) StderrLine: {'line': b'      |                                     \x1b[01;36m\x1b[K^~~~~~~~~~\x1b[m\x1b[K\n'}
[20.043626] (orb_slam3_ros2_wrapper) StderrLine: {'line': b'In file included from \x1b[01m\x1b[K/home/orb/ORB_SLAM3/Thirdparty/g2o/g2o/types/types_six_dof_expmap.h:38\x1b[m\x1b[K,\n'}
[20.043906] (orb_slam3_ros2_wrapper) StderrLine: {'line': b'                 from \x1b[01m\x1b[K/home/orb/ORB_SLAM3/include/Converter.h:26\x1b[m\x1b[K,\n'}
[20.044031] (orb_slam3_ros2_wrapper) StderrLine: {'line': b'                 from \x1b[01m\x1b[K/home/orb/ORB_SLAM3/include/Frame.h:33\x1b[m\x1b[K,\n'}
[20.044136] (orb_slam3_ros2_wrapper) StderrLine: {'line': b'                 from \x1b[01m\x1b[K/home/orb/ORB_SLAM3/include/KeyFrame.h:28\x1b[m\x1b[K,\n'}
[20.044239] (orb_slam3_ros2_wrapper) StderrLine: {'line': b'                 from \x1b[01m\x1b[K/home/orb/ORB_SLAM3/include/MapPoint.h:23\x1b[m\x1b[K,\n'}
[20.044340] (orb_slam3_ros2_wrapper) StderrLine: {'line': b'                 from \x1b[01m\x1b[K/root/colcon_ws/src/orb_slam3_ros2_wrapper/include/orb_slam3_ros2_wrapper/type_conversion.hpp:26\x1b[m\x1b[K,\n'}
[20.044443] (orb_slam3_ros2_wrapper) StderrLine: {'line': b'                 from \x1b[01m\x1b[K/root/colcon_ws/src/orb_slam3_ros2_wrapper/tests/typeConversionsTests.cpp:5\x1b[m\x1b[K:\n'}
[20.044544] (orb_slam3_ros2_wrapper) StderrLine: {'line': b'\x1b[01m\x1b[K/home/orb/ORB_SLAM3/Thirdparty/g2o/g2o/types/../core/base_binary_edge.h:60:80:\x1b[m\x1b[K \x1b[01;35m\x1b[Kwarning: \x1b[m\x1b[K\xe2\x80\x98\x1b[01m\x1b[KEigen::AlignedBit\x1b[m\x1b[K\xe2\x80\x99 is deprecated [\x1b[01;35m\x1b[K-Wdeprecated-declarations\x1b[m\x1b[K]\n'}
[20.044650] (orb_slam3_ros2_wrapper) StderrLine: {'line': b'   60 |       typedef Eigen::Map<Matrix<double, Dj, Di>, Matrix<double, Dj, Di>::\x1b[01;35m\x1b[KFlags & AlignedBit\x1b[m\x1b[K ? Aligned : Unaligned > HessianBlockTransposedType;\n'}
[20.044767] (orb_slam3_ros2_wrapper) StderrLine: {'line': b'      |                                                                          \x1b[01;35m\x1b[K~~~~~~^~~~~~~~~~~~\x1b[m\x1b[K\n'}
[20.044876] (orb_slam3_ros2_wrapper) StderrLine: {'line': b'In file included from \x1b[01m\x1b[K/usr/include/eigen3/Eigen/Core:161\x1b[m\x1b[K,\n'}
[20.044978] (orb_slam3_ros2_wrapper) StderrLine: {'line': b'                 from \x1b[01m\x1b[K/usr/include/eigen3/Eigen/Dense:1\x1b[m\x1b[K,\n'}
[20.045105] (orb_slam3_ros2_wrapper) StderrLine: {'line': b'                 from \x1b[01m\x1b[K/root/colcon_ws/src/orb_slam3_ros2_wrapper/tests/typeConversionsTests.cpp:3\x1b[m\x1b[K:\n'}
[20.045208] (orb_slam3_ros2_wrapper) StderrLine: {'line': b'\x1b[01m\x1b[K/usr/include/eigen3/Eigen/src/Core/util/Constants.h:167:37:\x1b[m\x1b[K \x1b[01;36m\x1b[Knote: \x1b[m\x1b[Kdeclared here\n'}
[20.045318] (orb_slam3_ros2_wrapper) StderrLine: {'line': b'  167 | EIGEN_DEPRECATED const unsigned int \x1b[01;36m\x1b[KAlignedBit\x1b[m\x1b[K = 0x80;\n'}
[20.045416] (orb_slam3_ros2_wrapper) StderrLine: {'line': b'      |                                     \x1b[01;36m\x1b[K^~~~~~~~~~\x1b[m\x1b[K\n'}
[20.098986] (-) TimerEvent: {}
[20.118512] (orb_slam3_ros2_wrapper) StderrLine: {'line': b'In file included from \x1b[01m\x1b[K/home/orb/ORB_SLAM3/Thirdparty/g2o/g2o/types/types_six_dof_expmap.h:38\x1b[m\x1b[K,\n'}
[20.119817] (orb_slam3_ros2_wrapper) StderrLine: {'line': b'                 from \x1b[01m\x1b[K/home/orb/ORB_SLAM3/include/Converter.h:26\x1b[m\x1b[K,\n'}
[20.120770] (orb_slam3_ros2_wrapper) StderrLine: {'line': b'                 from \x1b[01m\x1b[K/home/orb/ORB_SLAM3/include/Frame.h:33\x1b[m\x1b[K,\n'}
[20.121700] (orb_slam3_ros2_wrapper) StderrLine: {'line': b'                 from \x1b[01m\x1b[K/home/orb/ORB_SLAM3/include/KeyFrame.h:28\x1b[m\x1b[K,\n'}
[20.122632] (orb_slam3_ros2_wrapper) StderrLine: {'line': b'                 from \x1b[01m\x1b[K/home/orb/ORB_SLAM3/include/MapPoint.h:23\x1b[m\x1b[K,\n'}
[20.123563] (orb_slam3_ros2_wrapper) StderrLine: {'line': b'                 from \x1b[01m\x1b[K/root/colcon_ws/src/orb_slam3_ros2_wrapper/include/orb_slam3_ros2_wrapper/type_conversion.hpp:26\x1b[m\x1b[K,\n'}
[20.124509] (orb_slam3_ros2_wrapper) StderrLine: {'line': b'                 from \x1b[01m\x1b[K/root/colcon_ws/src/orb_slam3_ros2_wrapper/tests/typeConversionsTests.cpp:5\x1b[m\x1b[K:\n'}
[20.125421] (orb_slam3_ros2_wrapper) StderrLine: {'line': b'/home/orb/ORB_SLAM3/Thirdparty/g2o/g2o/types/../core/base_binary_edge.h: In instantiation of \xe2\x80\x98\x1b[01m\x1b[Kclass g2o::BaseBinaryEdge<3, Eigen::Matrix<double, 3, 1>, g2o::VertexSBAPointXYZ, g2o::VertexSE3Expmap>\x1b[m\x1b[K\xe2\x80\x99:\n'}
[20.126298] (orb_slam3_ros2_wrapper) StderrLine: {'line': b'\x1b[01m\x1b[K/home/orb/ORB_SLAM3/Thirdparty/g2o/g2o/types/types_six_dof_expmap.h:146:41:\x1b[m\x1b[K   required from here\n'}
[20.127290] (orb_slam3_ros2_wrapper) StderrLine: {'line': b'\x1b[01m\x1b[K/home/orb/ORB_SLAM3/Thirdparty/g2o/g2o/types/../core/base_binary_edge.h:59:80:\x1b[m\x1b[K \x1b[01;35m\x1b[Kwarning: \x1b[m\x1b[K\xe2\x80\x98\x1b[01m\x1b[KEigen::AlignedBit\x1b[m\x1b[K\xe2\x80\x99 is deprecated [\x1b[01;35m\x1b[K-Wdeprecated-declarations\x1b[m\x1b[K]\n'}
[20.128263] (orb_slam3_ros2_wrapper) StderrLine: {'line': b'   59 |       typedef Eigen::Map<Matrix<double, Di, Dj>, Matrix<double, Di, Dj>::\x1b[01;35m\x1b[KFlags & AlignedBit\x1b[m\x1b[K ? Aligned : Unaligned > HessianBlockType;\n'}
[20.129201] (orb_slam3_ros2_wrapper) StderrLine: {'line': b'      |                                                                          \x1b[01;35m\x1b[K~~~~~~^~~~~~~~~~~~\x1b[m\x1b[K\n'}
[20.129345] (orb_slam3_ros2_wrapper) StderrLine: {'line': b'In file included from \x1b[01m\x1b[K/usr/include/eigen3/Eigen/Core:161\x1b[m\x1b[K,\n'}
[20.129450] (orb_slam3_ros2_wrapper) StderrLine: {'line': b'                 from \x1b[01m\x1b[K/usr/include/eigen3/Eigen/Dense:1\x1b[m\x1b[K,\n'}
[20.129546] (orb_slam3_ros2_wrapper) StderrLine: {'line': b'                 from \x1b[01m\x1b[K/root/colcon_ws/src/orb_slam3_ros2_wrapper/tests/typeConversionsTests.cpp:3\x1b[m\x1b[K:\n'}
[20.129647] (orb_slam3_ros2_wrapper) StderrLine: {'line': b'\x1b[01m\x1b[K/usr/include/eigen3/Eigen/src/Core/util/Constants.h:167:37:\x1b[m\x1b[K \x1b[01;36m\x1b[Knote: \x1b[m\x1b[Kdeclared here\n'}
[20.133149] (orb_slam3_ros2_wrapper) StderrLine: {'line': b'  167 | EIGEN_DEPRECATED const unsigned int \x1b[01;36m\x1b[KAlignedBit\x1b[m\x1b[K = 0x80;\n'}
[20.134156] (orb_slam3_ros2_wrapper) StderrLine: {'line': b'      |                                     \x1b[01;36m\x1b[K^~~~~~~~~~\x1b[m\x1b[K\n'}
[20.135116] (orb_slam3_ros2_wrapper) StderrLine: {'line': b'In file included from \x1b[01m\x1b[K/home/orb/ORB_SLAM3/Thirdparty/g2o/g2o/types/types_six_dof_expmap.h:38\x1b[m\x1b[K,\n'}
[20.136338] (orb_slam3_ros2_wrapper) StderrLine: {'line': b'                 from \x1b[01m\x1b[K/home/orb/ORB_SLAM3/include/Converter.h:26\x1b[m\x1b[K,\n'}
[20.137338] (orb_slam3_ros2_wrapper) StderrLine: {'line': b'                 from \x1b[01m\x1b[K/home/orb/ORB_SLAM3/include/Frame.h:33\x1b[m\x1b[K,\n'}
[20.138311] (orb_slam3_ros2_wrapper) StderrLine: {'line': b'                 from \x1b[01m\x1b[K/home/orb/ORB_SLAM3/include/KeyFrame.h:28\x1b[m\x1b[K,\n'}
[20.139281] (orb_slam3_ros2_wrapper) StderrLine: {'line': b'                 from \x1b[01m\x1b[K/home/orb/ORB_SLAM3/include/MapPoint.h:23\x1b[m\x1b[K,\n'}
[20.140272] (orb_slam3_ros2_wrapper) StderrLine: {'line': b'                 from \x1b[01m\x1b[K/root/colcon_ws/src/orb_slam3_ros2_wrapper/include/orb_slam3_ros2_wrapper/type_conversion.hpp:26\x1b[m\x1b[K,\n'}
[20.141284] (orb_slam3_ros2_wrapper) StderrLine: {'line': b'                 from \x1b[01m\x1b[K/root/colcon_ws/src/orb_slam3_ros2_wrapper/tests/typeConversionsTests.cpp:5\x1b[m\x1b[K:\n'}
[20.142255] (orb_slam3_ros2_wrapper) StderrLine: {'line': b'\x1b[01m\x1b[K/home/orb/ORB_SLAM3/Thirdparty/g2o/g2o/types/../core/base_binary_edge.h:60:80:\x1b[m\x1b[K \x1b[01;35m\x1b[Kwarning: \x1b[m\x1b[K\xe2\x80\x98\x1b[01m\x1b[KEigen::AlignedBit\x1b[m\x1b[K\xe2\x80\x99 is deprecated [\x1b[01;35m\x1b[K-Wdeprecated-declarations\x1b[m\x1b[K]\n'}
[20.143327] (orb_slam3_ros2_wrapper) StderrLine: {'line': b'   60 |       typedef Eigen::Map<Matrix<double, Dj, Di>, Matrix<double, Dj, Di>::\x1b[01;35m\x1b[KFlags & AlignedBit\x1b[m\x1b[K ? Aligned : Unaligned > HessianBlockTransposedType;\n'}
[20.144310] (orb_slam3_ros2_wrapper) StderrLine: {'line': b'      |                                                                          \x1b[01;35m\x1b[K~~~~~~^~~~~~~~~~~~\x1b[m\x1b[K\n'}
[20.145291] (orb_slam3_ros2_wrapper) StderrLine: {'line': b'In file included from \x1b[01m\x1b[K/usr/include/eigen3/Eigen/Core:161\x1b[m\x1b[K,\n'}
[20.146317] (orb_slam3_ros2_wrapper) StderrLine: {'line': b'                 from \x1b[01m\x1b[K/usr/include/eigen3/Eigen/Dense:1\x1b[m\x1b[K,\n'}
[20.147318] (orb_slam3_ros2_wrapper) StderrLine: {'line': b'                 from \x1b[01m\x1b[K/root/colcon_ws/src/orb_slam3_ros2_wrapper/tests/typeConversionsTests.cpp:3\x1b[m\x1b[K:\n'}
[20.148445] (orb_slam3_ros2_wrapper) StderrLine: {'line': b'\x1b[01m\x1b[K/usr/include/eigen3/Eigen/src/Core/util/Constants.h:167:37:\x1b[m\x1b[K \x1b[01;36m\x1b[Knote: \x1b[m\x1b[Kdeclared here\n'}
[20.149446] (orb_slam3_ros2_wrapper) StderrLine: {'line': b'  167 | EIGEN_DEPRECATED const unsigned int \x1b[01;36m\x1b[KAlignedBit\x1b[m\x1b[K = 0x80;\n'}
[20.150431] (orb_slam3_ros2_wrapper) StderrLine: {'line': b'      |                                     \x1b[01;36m\x1b[K^~~~~~~~~~\x1b[m\x1b[K\n'}
[20.199799] (-) TimerEvent: {}
[20.300145] (-) TimerEvent: {}
[20.400575] (orb_slam3_ros2_wrapper) StderrLine: {'line': b'In file included from \x1b[01m\x1b[K/home/orb/ORB_SLAM3/Thirdparty/g2o/g2o/types/types_six_dof_expmap.h:37\x1b[m\x1b[K,\n'}
[20.400817] (-) TimerEvent: {}
[20.400965] (orb_slam3_ros2_wrapper) StderrLine: {'line': b'                 from \x1b[01m\x1b[K/home/orb/ORB_SLAM3/include/Converter.h:26\x1b[m\x1b[K,\n'}
[20.401082] (orb_slam3_ros2_wrapper) StderrLine: {'line': b'                 from \x1b[01m\x1b[K/home/orb/ORB_SLAM3/include/Frame.h:33\x1b[m\x1b[K,\n'}
[20.401181] (orb_slam3_ros2_wrapper) StderrLine: {'line': b'                 from \x1b[01m\x1b[K/home/orb/ORB_SLAM3/include/KeyFrame.h:28\x1b[m\x1b[K,\n'}
[20.401272] (orb_slam3_ros2_wrapper) StderrLine: {'line': b'                 from \x1b[01m\x1b[K/home/orb/ORB_SLAM3/include/MapPoint.h:23\x1b[m\x1b[K,\n'}
[20.401362] (orb_slam3_ros2_wrapper) StderrLine: {'line': b'                 from \x1b[01m\x1b[K/root/colcon_ws/src/orb_slam3_ros2_wrapper/include/orb_slam3_ros2_wrapper/type_conversion.hpp:26\x1b[m\x1b[K,\n'}
[20.401454] (orb_slam3_ros2_wrapper) StderrLine: {'line': b'                 from \x1b[01m\x1b[K/root/colcon_ws/src/orb_slam3_ros2_wrapper/tests/typeConversionsTests.cpp:5\x1b[m\x1b[K:\n'}
[20.401557] (orb_slam3_ros2_wrapper) StderrLine: {'line': b'/home/orb/ORB_SLAM3/Thirdparty/g2o/g2o/types/../core/base_vertex.h: In instantiation of \xe2\x80\x98\x1b[01m\x1b[Kclass g2o::BaseVertex<7, g2o::Sim3>\x1b[m\x1b[K\xe2\x80\x99:\n'}
[20.401655] (orb_slam3_ros2_wrapper) StderrLine: {'line': b'\x1b[01m\x1b[K/home/orb/ORB_SLAM3/Thirdparty/g2o/g2o/types/types_seven_dof_expmap.h:48:35:\x1b[m\x1b[K   required from here\n'}
[20.401760] (orb_slam3_ros2_wrapper) StderrLine: {'line': b'\x1b[01m\x1b[K/home/orb/ORB_SLAM3/Thirdparty/g2o/g2o/types/../core/base_vertex.h:62:72:\x1b[m\x1b[K \x1b[01;35m\x1b[Kwarning: \x1b[m\x1b[K\xe2\x80\x98\x1b[01m\x1b[KEigen::AlignedBit\x1b[m\x1b[K\xe2\x80\x99 is deprecated [\x1b[01;35m\x1b[K-Wdeprecated-declarations\x1b[m\x1b[K]\n'}
[20.401858] (orb_slam3_ros2_wrapper) StderrLine: {'line': b'   62 |     typedef Eigen::Map<Matrix<double, D, D>, Matrix<double,D,D>::\x1b[01;35m\x1b[KFlags & AlignedBit\x1b[m\x1b[K ? Aligned : Unaligned >  HessianBlockType;\n'}
[20.401945] (orb_slam3_ros2_wrapper) StderrLine: {'line': b'      |                                                                  \x1b[01;35m\x1b[K~~~~~~^~~~~~~~~~~~\x1b[m\x1b[K\n'}
[20.402031] (orb_slam3_ros2_wrapper) StderrLine: {'line': b'In file included from \x1b[01m\x1b[K/usr/include/eigen3/Eigen/Core:161\x1b[m\x1b[K,\n'}
[20.402117] (orb_slam3_ros2_wrapper) StderrLine: {'line': b'                 from \x1b[01m\x1b[K/usr/include/eigen3/Eigen/Dense:1\x1b[m\x1b[K,\n'}
[20.402203] (orb_slam3_ros2_wrapper) StderrLine: {'line': b'                 from \x1b[01m\x1b[K/root/colcon_ws/src/orb_slam3_ros2_wrapper/tests/typeConversionsTests.cpp:3\x1b[m\x1b[K:\n'}
[20.402289] (orb_slam3_ros2_wrapper) StderrLine: {'line': b'\x1b[01m\x1b[K/usr/include/eigen3/Eigen/src/Core/util/Constants.h:167:37:\x1b[m\x1b[K \x1b[01;36m\x1b[Knote: \x1b[m\x1b[Kdeclared here\n'}
[20.402375] (orb_slam3_ros2_wrapper) StderrLine: {'line': b'  167 | EIGEN_DEPRECATED const unsigned int \x1b[01;36m\x1b[KAlignedBit\x1b[m\x1b[K = 0x80;\n'}
[20.402461] (orb_slam3_ros2_wrapper) StderrLine: {'line': b'      |                                     \x1b[01;36m\x1b[K^~~~~~~~~~\x1b[m\x1b[K\n'}
[20.446060] (orb_slam3_ros2_wrapper) StderrLine: {'line': b'In file included from \x1b[01m\x1b[K/home/orb/ORB_SLAM3/Thirdparty/g2o/g2o/types/types_six_dof_expmap.h:38\x1b[m\x1b[K,\n'}
[20.446300] (orb_slam3_ros2_wrapper) StderrLine: {'line': b'                 from \x1b[01m\x1b[K/home/orb/ORB_SLAM3/include/Converter.h:26\x1b[m\x1b[K,\n'}
[20.446413] (orb_slam3_ros2_wrapper) StderrLine: {'line': b'                 from \x1b[01m\x1b[K/home/orb/ORB_SLAM3/include/Frame.h:33\x1b[m\x1b[K,\n'}
[20.446524] (orb_slam3_ros2_wrapper) StderrLine: {'line': b'                 from \x1b[01m\x1b[K/home/orb/ORB_SLAM3/include/KeyFrame.h:28\x1b[m\x1b[K,\n'}
[20.446619] (orb_slam3_ros2_wrapper) StderrLine: {'line': b'                 from \x1b[01m\x1b[K/home/orb/ORB_SLAM3/include/MapPoint.h:23\x1b[m\x1b[K,\n'}
[20.446729] (orb_slam3_ros2_wrapper) StderrLine: {'line': b'                 from \x1b[01m\x1b[K/root/colcon_ws/src/orb_slam3_ros2_wrapper/include/orb_slam3_ros2_wrapper/type_conversion.hpp:26\x1b[m\x1b[K,\n'}
[20.446844] (orb_slam3_ros2_wrapper) StderrLine: {'line': b'                 from \x1b[01m\x1b[K/root/colcon_ws/src/orb_slam3_ros2_wrapper/tests/typeConversionsTests.cpp:5\x1b[m\x1b[K:\n'}
[20.446955] (orb_slam3_ros2_wrapper) StderrLine: {'line': b'/home/orb/ORB_SLAM3/Thirdparty/g2o/g2o/types/../core/base_binary_edge.h: In instantiation of \xe2\x80\x98\x1b[01m\x1b[Kclass g2o::BaseBinaryEdge<7, g2o::Sim3, g2o::VertexSim3Expmap, g2o::VertexSim3Expmap>\x1b[m\x1b[K\xe2\x80\x99:\n'}
[20.447067] (orb_slam3_ros2_wrapper) StderrLine: {'line': b'\x1b[01m\x1b[K/home/orb/ORB_SLAM3/Thirdparty/g2o/g2o/types/types_seven_dof_expmap.h:99:27:\x1b[m\x1b[K   required from here\n'}
[20.447175] (orb_slam3_ros2_wrapper) StderrLine: {'line': b'\x1b[01m\x1b[K/home/orb/ORB_SLAM3/Thirdparty/g2o/g2o/types/../core/base_binary_edge.h:59:80:\x1b[m\x1b[K \x1b[01;35m\x1b[Kwarning: \x1b[m\x1b[K\xe2\x80\x98\x1b[01m\x1b[KEigen::AlignedBit\x1b[m\x1b[K\xe2\x80\x99 is deprecated [\x1b[01;35m\x1b[K-Wdeprecated-declarations\x1b[m\x1b[K]\n'}
[20.447306] (orb_slam3_ros2_wrapper) StderrLine: {'line': b'   59 |       typedef Eigen::Map<Matrix<double, Di, Dj>, Matrix<double, Di, Dj>::\x1b[01;35m\x1b[KFlags & AlignedBit\x1b[m\x1b[K ? Aligned : Unaligned > HessianBlockType;\n'}
[20.447416] (orb_slam3_ros2_wrapper) StderrLine: {'line': b'      |                                                                          \x1b[01;35m\x1b[K~~~~~~^~~~~~~~~~~~\x1b[m\x1b[K\n'}
[20.447524] (orb_slam3_ros2_wrapper) StderrLine: {'line': b'In file included from \x1b[01m\x1b[K/usr/include/eigen3/Eigen/Core:161\x1b[m\x1b[K,\n'}
[20.447641] (orb_slam3_ros2_wrapper) StderrLine: {'line': b'                 from \x1b[01m\x1b[K/usr/include/eigen3/Eigen/Dense:1\x1b[m\x1b[K,\n'}
[20.447760] (orb_slam3_ros2_wrapper) StderrLine: {'line': b'                 from \x1b[01m\x1b[K/root/colcon_ws/src/orb_slam3_ros2_wrapper/tests/typeConversionsTests.cpp:3\x1b[m\x1b[K:\n'}
[20.447898] (orb_slam3_ros2_wrapper) StderrLine: {'line': b'\x1b[01m\x1b[K/usr/include/eigen3/Eigen/src/Core/util/Constants.h:167:37:\x1b[m\x1b[K \x1b[01;36m\x1b[Knote: \x1b[m\x1b[Kdeclared here\n'}
[20.448000] (orb_slam3_ros2_wrapper) StderrLine: {'line': b'  167 | EIGEN_DEPRECATED const unsigned int \x1b[01;36m\x1b[KAlignedBit\x1b[m\x1b[K = 0x80;\n'}
[20.448100] (orb_slam3_ros2_wrapper) StderrLine: {'line': b'      |                                     \x1b[01;36m\x1b[K^~~~~~~~~~\x1b[m\x1b[K\n'}
[20.459929] (orb_slam3_ros2_wrapper) StderrLine: {'line': b'In file included from \x1b[01m\x1b[K/home/orb/ORB_SLAM3/Thirdparty/g2o/g2o/types/types_six_dof_expmap.h:38\x1b[m\x1b[K,\n'}
[20.460918] (orb_slam3_ros2_wrapper) StderrLine: {'line': b'                 from \x1b[01m\x1b[K/home/orb/ORB_SLAM3/include/Converter.h:26\x1b[m\x1b[K,\n'}
[20.461853] (orb_slam3_ros2_wrapper) StderrLine: {'line': b'                 from \x1b[01m\x1b[K/home/orb/ORB_SLAM3/include/Frame.h:33\x1b[m\x1b[K,\n'}
[20.462779] (orb_slam3_ros2_wrapper) StderrLine: {'line': b'                 from \x1b[01m\x1b[K/home/orb/ORB_SLAM3/include/KeyFrame.h:28\x1b[m\x1b[K,\n'}
[20.463699] (orb_slam3_ros2_wrapper) StderrLine: {'line': b'                 from \x1b[01m\x1b[K/home/orb/ORB_SLAM3/include/MapPoint.h:23\x1b[m\x1b[K,\n'}
[20.464648] (orb_slam3_ros2_wrapper) StderrLine: {'line': b'                 from \x1b[01m\x1b[K/root/colcon_ws/src/orb_slam3_ros2_wrapper/include/orb_slam3_ros2_wrapper/type_conversion.hpp:26\x1b[m\x1b[K,\n'}
[20.465584] (orb_slam3_ros2_wrapper) StderrLine: {'line': b'                 from \x1b[01m\x1b[K/root/colcon_ws/src/orb_slam3_ros2_wrapper/tests/typeConversionsTests.cpp:5\x1b[m\x1b[K:\n'}
[20.466531] (orb_slam3_ros2_wrapper) StderrLine: {'line': b'\x1b[01m\x1b[K/home/orb/ORB_SLAM3/Thirdparty/g2o/g2o/types/../core/base_binary_edge.h:60:80:\x1b[m\x1b[K \x1b[01;35m\x1b[Kwarning: \x1b[m\x1b[K\xe2\x80\x98\x1b[01m\x1b[KEigen::AlignedBit\x1b[m\x1b[K\xe2\x80\x99 is deprecated [\x1b[01;35m\x1b[K-Wdeprecated-declarations\x1b[m\x1b[K]\n'}
[20.467486] (orb_slam3_ros2_wrapper) StderrLine: {'line': b'   60 |       typedef Eigen::Map<Matrix<double, Dj, Di>, Matrix<double, Dj, Di>::\x1b[01;35m\x1b[KFlags & AlignedBit\x1b[m\x1b[K ? Aligned : Unaligned > HessianBlockTransposedType;\n'}
[20.468424] (orb_slam3_ros2_wrapper) StderrLine: {'line': b'      |                                                                          \x1b[01;35m\x1b[K~~~~~~^~~~~~~~~~~~\x1b[m\x1b[K\n'}
[20.469360] (orb_slam3_ros2_wrapper) StderrLine: {'line': b'In file included from \x1b[01m\x1b[K/usr/include/eigen3/Eigen/Core:161\x1b[m\x1b[K,\n'}
[20.470324] (orb_slam3_ros2_wrapper) StderrLine: {'line': b'                 from \x1b[01m\x1b[K/usr/include/eigen3/Eigen/Dense:1\x1b[m\x1b[K,\n'}
[20.471257] (orb_slam3_ros2_wrapper) StderrLine: {'line': b'                 from \x1b[01m\x1b[K/root/colcon_ws/src/orb_slam3_ros2_wrapper/tests/typeConversionsTests.cpp:3\x1b[m\x1b[K:\n'}
[20.472195] (orb_slam3_ros2_wrapper) StderrLine: {'line': b'\x1b[01m\x1b[K/usr/include/eigen3/Eigen/src/Core/util/Constants.h:167:37:\x1b[m\x1b[K \x1b[01;36m\x1b[Knote: \x1b[m\x1b[Kdeclared here\n'}
[20.473109] (orb_slam3_ros2_wrapper) StderrLine: {'line': b'  167 | EIGEN_DEPRECATED const unsigned int \x1b[01;36m\x1b[KAlignedBit\x1b[m\x1b[K = 0x80;\n'}
[20.474017] (orb_slam3_ros2_wrapper) StderrLine: {'line': b'      |                                     \x1b[01;36m\x1b[K^~~~~~~~~~\x1b[m\x1b[K\n'}
[20.500941] (-) TimerEvent: {}
[20.509909] (orb_slam3_ros2_wrapper) StderrLine: {'line': b'In file included from \x1b[01m\x1b[K/home/orb/ORB_SLAM3/Thirdparty/g2o/g2o/types/types_six_dof_expmap.h:38\x1b[m\x1b[K,\n'}
[20.510959] (orb_slam3_ros2_wrapper) StderrLine: {'line': b'                 from \x1b[01m\x1b[K/home/orb/ORB_SLAM3/include/Converter.h:26\x1b[m\x1b[K,\n'}
[20.511874] (orb_slam3_ros2_wrapper) StderrLine: {'line': b'                 from \x1b[01m\x1b[K/home/orb/ORB_SLAM3/include/Frame.h:33\x1b[m\x1b[K,\n'}
[20.512788] (orb_slam3_ros2_wrapper) StderrLine: {'line': b'                 from \x1b[01m\x1b[K/home/orb/ORB_SLAM3/include/KeyFrame.h:28\x1b[m\x1b[K,\n'}
[20.513701] (orb_slam3_ros2_wrapper) StderrLine: {'line': b'                 from \x1b[01m\x1b[K/home/orb/ORB_SLAM3/include/MapPoint.h:23\x1b[m\x1b[K,\n'}
[20.514604] (orb_slam3_ros2_wrapper) StderrLine: {'line': b'                 from \x1b[01m\x1b[K/root/colcon_ws/src/orb_slam3_ros2_wrapper/include/orb_slam3_ros2_wrapper/type_conversion.hpp:26\x1b[m\x1b[K,\n'}
[20.515502] (orb_slam3_ros2_wrapper) StderrLine: {'line': b'                 from \x1b[01m\x1b[K/root/colcon_ws/src/orb_slam3_ros2_wrapper/tests/typeConversionsTests.cpp:5\x1b[m\x1b[K:\n'}
[20.516401] (orb_slam3_ros2_wrapper) StderrLine: {'line': b'/home/orb/ORB_SLAM3/Thirdparty/g2o/g2o/types/../core/base_binary_edge.h: In instantiation of \xe2\x80\x98\x1b[01m\x1b[Kclass g2o::BaseBinaryEdge<2, Eigen::Matrix<double, 2, 1>, g2o::VertexSBAPointXYZ, g2o::VertexSim3Expmap>\x1b[m\x1b[K\xe2\x80\x99:\n'}
[20.516539] (orb_slam3_ros2_wrapper) StderrLine: {'line': b'\x1b[01m\x1b[K/home/orb/ORB_SLAM3/Thirdparty/g2o/g2o/types/types_seven_dof_expmap.h:130:36:\x1b[m\x1b[K   required from here\n'}
[20.516645] (orb_slam3_ros2_wrapper) StderrLine: {'line': b'\x1b[01m\x1b[K/home/orb/ORB_SLAM3/Thirdparty/g2o/g2o/types/../core/base_binary_edge.h:59:80:\x1b[m\x1b[K \x1b[01;35m\x1b[Kwarning: \x1b[m\x1b[K\xe2\x80\x98\x1b[01m\x1b[KEigen::AlignedBit\x1b[m\x1b[K\xe2\x80\x99 is deprecated [\x1b[01;35m\x1b[K-Wdeprecated-declarations\x1b[m\x1b[K]\n'}
[20.516759] (orb_slam3_ros2_wrapper) StderrLine: {'line': b'   59 |       typedef Eigen::Map<Matrix<double, Di, Dj>, Matrix<double, Di, Dj>::\x1b[01;35m\x1b[KFlags & AlignedBit\x1b[m\x1b[K ? Aligned : Unaligned > HessianBlockType;\n'}
[20.516869] (orb_slam3_ros2_wrapper) StderrLine: {'line': b'      |                                                                          \x1b[01;35m\x1b[K~~~~~~^~~~~~~~~~~~\x1b[m\x1b[K\n'}
[20.516967] (orb_slam3_ros2_wrapper) StderrLine: {'line': b'In file included from \x1b[01m\x1b[K/usr/include/eigen3/Eigen/Core:161\x1b[m\x1b[K,\n'}
[20.517064] (orb_slam3_ros2_wrapper) StderrLine: {'line': b'                 from \x1b[01m\x1b[K/usr/include/eigen3/Eigen/Dense:1\x1b[m\x1b[K,\n'}
[20.517175] (orb_slam3_ros2_wrapper) StderrLine: {'line': b'                 from \x1b[01m\x1b[K/root/colcon_ws/src/orb_slam3_ros2_wrapper/tests/typeConversionsTests.cpp:3\x1b[m\x1b[K:\n'}
[20.517276] (orb_slam3_ros2_wrapper) StderrLine: {'line': b'\x1b[01m\x1b[K/usr/include/eigen3/Eigen/src/Core/util/Constants.h:167:37:\x1b[m\x1b[K \x1b[01;36m\x1b[Knote: \x1b[m\x1b[Kdeclared here\n'}
[20.517376] (orb_slam3_ros2_wrapper) StderrLine: {'line': b'  167 | EIGEN_DEPRECATED const unsigned int \x1b[01;36m\x1b[KAlignedBit\x1b[m\x1b[K = 0x80;\n'}
[20.517473] (orb_slam3_ros2_wrapper) StderrLine: {'line': b'      |                                     \x1b[01;36m\x1b[K^~~~~~~~~~\x1b[m\x1b[K\n'}
[20.532865] (orb_slam3_ros2_wrapper) StderrLine: {'line': b'In file included from \x1b[01m\x1b[K/home/orb/ORB_SLAM3/Thirdparty/g2o/g2o/types/types_six_dof_expmap.h:38\x1b[m\x1b[K,\n'}
[20.533244] (orb_slam3_ros2_wrapper) StderrLine: {'line': b'                 from \x1b[01m\x1b[K/home/orb/ORB_SLAM3/include/Converter.h:26\x1b[m\x1b[K,\n'}
[20.533373] (orb_slam3_ros2_wrapper) StderrLine: {'line': b'                 from \x1b[01m\x1b[K/home/orb/ORB_SLAM3/include/Frame.h:33\x1b[m\x1b[K,\n'}
[20.533476] (orb_slam3_ros2_wrapper) StderrLine: {'line': b'                 from \x1b[01m\x1b[K/home/orb/ORB_SLAM3/include/KeyFrame.h:28\x1b[m\x1b[K,\n'}
[20.533576] (orb_slam3_ros2_wrapper) StderrLine: {'line': b'                 from \x1b[01m\x1b[K/home/orb/ORB_SLAM3/include/MapPoint.h:23\x1b[m\x1b[K,\n'}
[20.533676] (orb_slam3_ros2_wrapper) StderrLine: {'line': b'                 from \x1b[01m\x1b[K/root/colcon_ws/src/orb_slam3_ros2_wrapper/include/orb_slam3_ros2_wrapper/type_conversion.hpp:26\x1b[m\x1b[K,\n'}
[20.533801] (orb_slam3_ros2_wrapper) StderrLine: {'line': b'                 from \x1b[01m\x1b[K/root/colcon_ws/src/orb_slam3_ros2_wrapper/tests/typeConversionsTests.cpp:5\x1b[m\x1b[K:\n'}
[20.533905] (orb_slam3_ros2_wrapper) StderrLine: {'line': b'\x1b[01m\x1b[K/home/orb/ORB_SLAM3/Thirdparty/g2o/g2o/types/../core/base_binary_edge.h:60:80:\x1b[m\x1b[K \x1b[01;35m\x1b[Kwarning: \x1b[m\x1b[K\xe2\x80\x98\x1b[01m\x1b[KEigen::AlignedBit\x1b[m\x1b[K\xe2\x80\x99 is deprecated [\x1b[01;35m\x1b[K-Wdeprecated-declarations\x1b[m\x1b[K]\n'}
[20.534007] (orb_slam3_ros2_wrapper) StderrLine: {'line': b'   60 |       typedef Eigen::Map<Matrix<double, Dj, Di>, Matrix<double, Dj, Di>::\x1b[01;35m\x1b[KFlags & AlignedBit\x1b[m\x1b[K ? Aligned : Unaligned > HessianBlockTransposedType;\n'}
[20.534107] (orb_slam3_ros2_wrapper) StderrLine: {'line': b'      |                                                                          \x1b[01;35m\x1b[K~~~~~~^~~~~~~~~~~~\x1b[m\x1b[K\n'}
[20.534202] (orb_slam3_ros2_wrapper) StderrLine: {'line': b'In file included from \x1b[01m\x1b[K/usr/include/eigen3/Eigen/Core:161\x1b[m\x1b[K,\n'}
[20.534307] (orb_slam3_ros2_wrapper) StderrLine: {'line': b'                 from \x1b[01m\x1b[K/usr/include/eigen3/Eigen/Dense:1\x1b[m\x1b[K,\n'}
[20.534406] (orb_slam3_ros2_wrapper) StderrLine: {'line': b'                 from \x1b[01m\x1b[K/root/colcon_ws/src/orb_slam3_ros2_wrapper/tests/typeConversionsTests.cpp:3\x1b[m\x1b[K:\n'}
[20.534503] (orb_slam3_ros2_wrapper) StderrLine: {'line': b'\x1b[01m\x1b[K/usr/include/eigen3/Eigen/src/Core/util/Constants.h:167:37:\x1b[m\x1b[K \x1b[01;36m\x1b[Knote: \x1b[m\x1b[Kdeclared here\n'}
[20.534597] (orb_slam3_ros2_wrapper) StderrLine: {'line': b'  167 | EIGEN_DEPRECATED const unsigned int \x1b[01;36m\x1b[KAlignedBit\x1b[m\x1b[K = 0x80;\n'}
[20.534693] (orb_slam3_ros2_wrapper) StderrLine: {'line': b'      |                                     \x1b[01;36m\x1b[K^~~~~~~~~~\x1b[m\x1b[K\n'}
[20.601051] (-) TimerEvent: {}
[20.691473] (orb_slam3_map_generator) StdoutLine: {'line': b'[ 66%] \x1b[32m\x1b[1mLinking CXX executable get_landmarks_simulator\x1b[0m\n'}
[20.695529] (orb_slam3_ros2_wrapper) StderrLine: {'line': b'In file included from \x1b[01m\x1b[K/home/orb/ORB_SLAM3/include/Frame.h:30\x1b[m\x1b[K,\n'}
[20.695778] (orb_slam3_ros2_wrapper) StderrLine: {'line': b'                 from \x1b[01m\x1b[K/home/orb/ORB_SLAM3/include/KeyFrame.h:28\x1b[m\x1b[K,\n'}
[20.695922] (orb_slam3_ros2_wrapper) StderrLine: {'line': b'                 from \x1b[01m\x1b[K/home/orb/ORB_SLAM3/include/MapPoint.h:23\x1b[m\x1b[K,\n'}
[20.696039] (orb_slam3_ros2_wrapper) StderrLine: {'line': b'                 from \x1b[01m\x1b[K/root/colcon_ws/src/orb_slam3_ros2_wrapper/include/orb_slam3_ros2_wrapper/type_conversion.hpp:26\x1b[m\x1b[K,\n'}
[20.696158] (orb_slam3_ros2_wrapper) StderrLine: {'line': b'                 from \x1b[01m\x1b[K/root/colcon_ws/src/orb_slam3_ros2_wrapper/src/type_conversion.cpp:7\x1b[m\x1b[K:\n'}
[20.696271] (orb_slam3_ros2_wrapper) StderrLine: {'line': b'\x1b[01m\x1b[K/home/orb/ORB_SLAM3/include/ImuTypes.h:\x1b[m\x1b[K In member function \xe2\x80\x98\x1b[01m\x1b[Kvoid ORB_SLAM3::IMU::Preintegrated::printMeasurements() const\x1b[m\x1b[K\xe2\x80\x99:\n'}
[20.696390] (orb_slam3_ros2_wrapper) StderrLine: {'line': b'\x1b[01m\x1b[K/home/orb/ORB_SLAM3/include/ImuTypes.h:204:23:\x1b[m\x1b[K \x1b[01;35m\x1b[Kwarning: \x1b[m\x1b[Kcomparison of integer expressions of different signedness: \xe2\x80\x98\x1b[01m\x1b[Kint\x1b[m\x1b[K\xe2\x80\x99 and \xe2\x80\x98\x1b[01m\x1b[Kstd::vector<ORB_SLAM3::IMU::Preintegrated::integrable>::size_type\x1b[m\x1b[K\xe2\x80\x99 {aka \xe2\x80\x98\x1b[01m\x1b[Klong unsigned int\x1b[m\x1b[K\xe2\x80\x99} [\x1b[01;35m\x1b[K-Wsign-compare\x1b[m\x1b[K]\n'}
[20.696526] (orb_slam3_ros2_wrapper) StderrLine: {'line': b'  204 |         for(int i=0; \x1b[01;35m\x1b[Ki<mvMeasurements.size()\x1b[m\x1b[K; i++){\n'}
[20.696637] (orb_slam3_ros2_wrapper) StderrLine: {'line': b'      |                      \x1b[01;35m\x1b[K~^~~~~~~~~~~~~~~~~~~~~~\x1b[m\x1b[K\n'}
[20.701162] (-) TimerEvent: {}
[20.801520] (-) TimerEvent: {}
[20.901902] (-) TimerEvent: {}
[20.917897] (orb_slam3_ros2_wrapper) StderrLine: {'line': b'In file included from \x1b[01m\x1b[K/home/orb/ORB_SLAM3/Thirdparty/g2o/g2o/types/types_six_dof_expmap.h:37\x1b[m\x1b[K,\n'}
[20.918188] (orb_slam3_ros2_wrapper) StderrLine: {'line': b'                 from \x1b[01m\x1b[K/home/orb/ORB_SLAM3/include/Converter.h:26\x1b[m\x1b[K,\n'}
[20.918320] (orb_slam3_ros2_wrapper) StderrLine: {'line': b'                 from \x1b[01m\x1b[K/home/orb/ORB_SLAM3/include/Frame.h:33\x1b[m\x1b[K,\n'}
[20.918441] (orb_slam3_ros2_wrapper) StderrLine: {'line': b'                 from \x1b[01m\x1b[K/home/orb/ORB_SLAM3/include/KeyFrame.h:28\x1b[m\x1b[K,\n'}
[20.918557] (orb_slam3_ros2_wrapper) StderrLine: {'line': b'                 from \x1b[01m\x1b[K/home/orb/ORB_SLAM3/include/MapPoint.h:23\x1b[m\x1b[K,\n'}
[20.918671] (orb_slam3_ros2_wrapper) StderrLine: {'line': b'                 from \x1b[01m\x1b[K/root/colcon_ws/src/orb_slam3_ros2_wrapper/include/orb_slam3_ros2_wrapper/type_conversion.hpp:26\x1b[m\x1b[K,\n'}
[20.918819] (orb_slam3_ros2_wrapper) StderrLine: {'line': b'                 from \x1b[01m\x1b[K/root/colcon_ws/src/orb_slam3_ros2_wrapper/src/type_conversion.cpp:7\x1b[m\x1b[K:\n'}
[20.918940] (orb_slam3_ros2_wrapper) StderrLine: {'line': b'\x1b[01m\x1b[K/home/orb/ORB_SLAM3/Thirdparty/g2o/g2o/types/../core/base_vertex.h:\x1b[m\x1b[K At global scope:\n'}
[20.919056] (orb_slam3_ros2_wrapper) StderrLine: {'line': b'\x1b[01m\x1b[K/home/orb/ORB_SLAM3/Thirdparty/g2o/g2o/types/../core/base_vertex.h:62:74:\x1b[m\x1b[K \x1b[01;35m\x1b[Kwarning: \x1b[m\x1b[K\xe2\x80\x98\x1b[01m\x1b[KEigen::AlignedBit\x1b[m\x1b[K\xe2\x80\x99 is deprecated [\x1b[01;35m\x1b[K-Wdeprecated-declarations\x1b[m\x1b[K]\n'}
[20.919173] (orb_slam3_ros2_wrapper) StderrLine: {'line': b'   62 |     typedef Eigen::Map<Matrix<double, D, D>, Matrix<double,D,D>::Flags & \x1b[01;35m\x1b[KAlignedBit\x1b[m\x1b[K ? Aligned : Unaligned >  HessianBlockType;\n'}
[20.919288] (orb_slam3_ros2_wrapper) StderrLine: {'line': b'      |                                                                          \x1b[01;35m\x1b[K^~~~~~~~~~\x1b[m\x1b[K\n'}
[20.919404] (orb_slam3_ros2_wrapper) StderrLine: {'line': b'In file included from \x1b[01m\x1b[K/usr/include/eigen3/Eigen/Core:161\x1b[m\x1b[K,\n'}
[20.919519] (orb_slam3_ros2_wrapper) StderrLine: {'line': b'                 from \x1b[01m\x1b[K/root/colcon_ws/src/orb_slam3_ros2_wrapper/include/orb_slam3_ros2_wrapper/type_conversion.hpp:10\x1b[m\x1b[K,\n'}
[20.919635] (orb_slam3_ros2_wrapper) StderrLine: {'line': b'                 from \x1b[01m\x1b[K/root/colcon_ws/src/orb_slam3_ros2_wrapper/src/type_conversion.cpp:7\x1b[m\x1b[K:\n'}
[20.919990] (orb_slam3_ros2_wrapper) StderrLine: {'line': b'\x1b[01m\x1b[K/usr/include/eigen3/Eigen/src/Core/util/Constants.h:167:37:\x1b[m\x1b[K \x1b[01;36m\x1b[Knote: \x1b[m\x1b[Kdeclared here\n'}
[20.920124] (orb_slam3_ros2_wrapper) StderrLine: {'line': b'  167 | EIGEN_DEPRECATED const unsigned int \x1b[01;36m\x1b[KAlignedBit\x1b[m\x1b[K = 0x80;\n'}
[20.920231] (orb_slam3_ros2_wrapper) StderrLine: {'line': b'      |                                     \x1b[01;36m\x1b[K^~~~~~~~~~\x1b[m\x1b[K\n'}
[20.932651] (orb_slam3_ros2_wrapper) StderrLine: {'line': b'In file included from \x1b[01m\x1b[K/home/orb/ORB_SLAM3/Thirdparty/g2o/g2o/types/types_six_dof_expmap.h:38\x1b[m\x1b[K,\n'}
[20.933021] (orb_slam3_ros2_wrapper) StderrLine: {'line': b'                 from \x1b[01m\x1b[K/home/orb/ORB_SLAM3/include/Converter.h:26\x1b[m\x1b[K,\n'}
[20.933160] (orb_slam3_ros2_wrapper) StderrLine: {'line': b'                 from \x1b[01m\x1b[K/home/orb/ORB_SLAM3/include/Frame.h:33\x1b[m\x1b[K,\n'}
[20.933278] (orb_slam3_ros2_wrapper) StderrLine: {'line': b'                 from \x1b[01m\x1b[K/home/orb/ORB_SLAM3/include/KeyFrame.h:28\x1b[m\x1b[K,\n'}
[20.933390] (orb_slam3_ros2_wrapper) StderrLine: {'line': b'                 from \x1b[01m\x1b[K/home/orb/ORB_SLAM3/include/MapPoint.h:23\x1b[m\x1b[K,\n'}
[20.933501] (orb_slam3_ros2_wrapper) StderrLine: {'line': b'                 from \x1b[01m\x1b[K/root/colcon_ws/src/orb_slam3_ros2_wrapper/include/orb_slam3_ros2_wrapper/type_conversion.hpp:26\x1b[m\x1b[K,\n'}
[20.933614] (orb_slam3_ros2_wrapper) StderrLine: {'line': b'                 from \x1b[01m\x1b[K/root/colcon_ws/src/orb_slam3_ros2_wrapper/src/type_conversion.cpp:7\x1b[m\x1b[K:\n'}
[20.933738] (orb_slam3_ros2_wrapper) StderrLine: {'line': b'\x1b[01m\x1b[K/home/orb/ORB_SLAM3/Thirdparty/g2o/g2o/types/../core/base_binary_edge.h:59:82:\x1b[m\x1b[K \x1b[01;35m\x1b[Kwarning: \x1b[m\x1b[K\xe2\x80\x98\x1b[01m\x1b[KEigen::AlignedBit\x1b[m\x1b[K\xe2\x80\x99 is deprecated [\x1b[01;35m\x1b[K-Wdeprecated-declarations\x1b[m\x1b[K]\n'}
[20.933883] (orb_slam3_ros2_wrapper) StderrLine: {'line': b'   59 |       typedef Eigen::Map<Matrix<double, Di, Dj>, Matrix<double, Di, Dj>::Flags & \x1b[01;35m\x1b[KAlignedBit\x1b[m\x1b[K ? Aligned : Unaligned > HessianBlockType;\n'}
[20.934000] (orb_slam3_ros2_wrapper) StderrLine: {'line': b'      |                                                                                  \x1b[01;35m\x1b[K^~~~~~~~~~\x1b[m\x1b[K\n'}
[20.934118] (orb_slam3_ros2_wrapper) StderrLine: {'line': b'In file included from \x1b[01m\x1b[K/usr/include/eigen3/Eigen/Core:161\x1b[m\x1b[K,\n'}
[20.934234] (orb_slam3_ros2_wrapper) StderrLine: {'line': b'                 from \x1b[01m\x1b[K/root/colcon_ws/src/orb_slam3_ros2_wrapper/include/orb_slam3_ros2_wrapper/type_conversion.hpp:10\x1b[m\x1b[K,\n'}
[20.934347] (orb_slam3_ros2_wrapper) StderrLine: {'line': b'                 from \x1b[01m\x1b[K/root/colcon_ws/src/orb_slam3_ros2_wrapper/src/type_conversion.cpp:7\x1b[m\x1b[K:\n'}
[20.934458] (orb_slam3_ros2_wrapper) StderrLine: {'line': b'\x1b[01m\x1b[K/usr/include/eigen3/Eigen/src/Core/util/Constants.h:167:37:\x1b[m\x1b[K \x1b[01;36m\x1b[Knote: \x1b[m\x1b[Kdeclared here\n'}
[20.934570] (orb_slam3_ros2_wrapper) StderrLine: {'line': b'  167 | EIGEN_DEPRECATED const unsigned int \x1b[01;36m\x1b[KAlignedBit\x1b[m\x1b[K = 0x80;\n'}
[20.934681] (orb_slam3_ros2_wrapper) StderrLine: {'line': b'      |                                     \x1b[01;36m\x1b[K^~~~~~~~~~\x1b[m\x1b[K\n'}
[20.934938] (orb_slam3_ros2_wrapper) StderrLine: {'line': b'In file included from \x1b[01m\x1b[K/home/orb/ORB_SLAM3/Thirdparty/g2o/g2o/types/types_six_dof_expmap.h:38\x1b[m\x1b[K,\n'}
[20.935059] (orb_slam3_ros2_wrapper) StderrLine: {'line': b'                 from \x1b[01m\x1b[K/home/orb/ORB_SLAM3/include/Converter.h:26\x1b[m\x1b[K,\n'}
[20.935171] (orb_slam3_ros2_wrapper) StderrLine: {'line': b'                 from \x1b[01m\x1b[K/home/orb/ORB_SLAM3/include/Frame.h:33\x1b[m\x1b[K,\n'}
[20.935285] (orb_slam3_ros2_wrapper) StderrLine: {'line': b'                 from \x1b[01m\x1b[K/home/orb/ORB_SLAM3/include/KeyFrame.h:28\x1b[m\x1b[K,\n'}
[20.935399] (orb_slam3_ros2_wrapper) StderrLine: {'line': b'                 from \x1b[01m\x1b[K/home/orb/ORB_SLAM3/include/MapPoint.h:23\x1b[m\x1b[K,\n'}
[20.935777] (orb_slam3_ros2_wrapper) StderrLine: {'line': b'                 from \x1b[01m\x1b[K/root/colcon_ws/src/orb_slam3_ros2_wrapper/include/orb_slam3_ros2_wrapper/type_conversion.hpp:26\x1b[m\x1b[K,\n'}
[20.935919] (orb_slam3_ros2_wrapper) StderrLine: {'line': b'                 from \x1b[01m\x1b[K/root/colcon_ws/src/orb_slam3_ros2_wrapper/src/type_conversion.cpp:7\x1b[m\x1b[K:\n'}
[20.936045] (orb_slam3_ros2_wrapper) StderrLine: {'line': b'\x1b[01m\x1b[K/home/orb/ORB_SLAM3/Thirdparty/g2o/g2o/types/../core/base_binary_edge.h:60:82:\x1b[m\x1b[K \x1b[01;35m\x1b[Kwarning: \x1b[m\x1b[K\xe2\x80\x98\x1b[01m\x1b[KEigen::AlignedBit\x1b[m\x1b[K\xe2\x80\x99 is deprecated [\x1b[01;35m\x1b[K-Wdeprecated-declarations\x1b[m\x1b[K]\n'}
[20.936196] (orb_slam3_ros2_wrapper) StderrLine: {'line': b'   60 |       typedef Eigen::Map<Matrix<double, Dj, Di>, Matrix<double, Dj, Di>::Flags & \x1b[01;35m\x1b[KAlignedBit\x1b[m\x1b[K ? Aligned : Unaligned > HessianBlockTransposedType;\n'}
[20.936325] (orb_slam3_ros2_wrapper) StderrLine: {'line': b'      |                                                                                  \x1b[01;35m\x1b[K^~~~~~~~~~\x1b[m\x1b[K\n'}
[20.936449] (orb_slam3_ros2_wrapper) StderrLine: {'line': b'In file included from \x1b[01m\x1b[K/usr/include/eigen3/Eigen/Core:161\x1b[m\x1b[K,\n'}
[20.936569] (orb_slam3_ros2_wrapper) StderrLine: {'line': b'                 from \x1b[01m\x1b[K/root/colcon_ws/src/orb_slam3_ros2_wrapper/include/orb_slam3_ros2_wrapper/type_conversion.hpp:10\x1b[m\x1b[K,\n'}
[20.936691] (orb_slam3_ros2_wrapper) StderrLine: {'line': b'                 from \x1b[01m\x1b[K/root/colcon_ws/src/orb_slam3_ros2_wrapper/src/type_conversion.cpp:7\x1b[m\x1b[K:\n'}
[20.936824] (orb_slam3_ros2_wrapper) StderrLine: {'line': b'\x1b[01m\x1b[K/usr/include/eigen3/Eigen/src/Core/util/Constants.h:167:37:\x1b[m\x1b[K \x1b[01;36m\x1b[Knote: \x1b[m\x1b[Kdeclared here\n'}
[20.936944] (orb_slam3_ros2_wrapper) StderrLine: {'line': b'  167 | EIGEN_DEPRECATED const unsigned int \x1b[01;36m\x1b[KAlignedBit\x1b[m\x1b[K = 0x80;\n'}
[20.937064] (orb_slam3_ros2_wrapper) StderrLine: {'line': b'      |                                     \x1b[01;36m\x1b[K^~~~~~~~~~\x1b[m\x1b[K\n'}
[21.002016] (-) TimerEvent: {}
[21.027230] (orb_slam3_ros2_wrapper) StderrLine: {'line': b'In file included from \x1b[01m\x1b[K/home/orb/ORB_SLAM3/Thirdparty/g2o/g2o/types/types_six_dof_expmap.h:41\x1b[m\x1b[K,\n'}
[21.027467] (orb_slam3_ros2_wrapper) StderrLine: {'line': b'                 from \x1b[01m\x1b[K/home/orb/ORB_SLAM3/include/Converter.h:26\x1b[m\x1b[K,\n'}
[21.027600] (orb_slam3_ros2_wrapper) StderrLine: {'line': b'                 from \x1b[01m\x1b[K/home/orb/ORB_SLAM3/include/Frame.h:33\x1b[m\x1b[K,\n'}
[21.027716] (orb_slam3_ros2_wrapper) StderrLine: {'line': b'                 from \x1b[01m\x1b[K/home/orb/ORB_SLAM3/include/KeyFrame.h:28\x1b[m\x1b[K,\n'}
[21.027860] (orb_slam3_ros2_wrapper) StderrLine: {'line': b'                 from \x1b[01m\x1b[K/home/orb/ORB_SLAM3/include/MapPoint.h:23\x1b[m\x1b[K,\n'}
[21.027973] (orb_slam3_ros2_wrapper) StderrLine: {'line': b'                 from \x1b[01m\x1b[K/root/colcon_ws/src/orb_slam3_ros2_wrapper/include/orb_slam3_ros2_wrapper/type_conversion.hpp:26\x1b[m\x1b[K,\n'}
[21.028088] (orb_slam3_ros2_wrapper) StderrLine: {'line': b'                 from \x1b[01m\x1b[K/root/colcon_ws/src/orb_slam3_ros2_wrapper/src/type_conversion.cpp:7\x1b[m\x1b[K:\n'}
[21.028218] (orb_slam3_ros2_wrapper) StderrLine: {'line': b'\x1b[01m\x1b[K/home/orb/ORB_SLAM3/Thirdparty/g2o/g2o/types/se3quat.h:43:38:\x1b[m\x1b[K \x1b[01;35m\x1b[Kwarning: \x1b[m\x1b[Kextra \xe2\x80\x98\x1b[01m\x1b[K;\x1b[m\x1b[K\xe2\x80\x99 [\x1b[01;35m\x1b[K-Wpedantic\x1b[m\x1b[K]\n'}
[21.028332] (orb_slam3_ros2_wrapper) StderrLine: {'line': b'   43 |       EIGEN_MAKE_ALIGNED_OPERATOR_NEW\x1b[01;35m\x1b[K;\x1b[m\x1b[K\n'}
[21.028440] (orb_slam3_ros2_wrapper) StderrLine: {'line': b'      |                                      \x1b[01;35m\x1b[K^\x1b[m\x1b[K\n'}
[21.029218] (orb_slam3_ros2_wrapper) StderrLine: {'line': b'      |                                      \x1b[31m\x1b[K-\x1b[m\x1b[K\n'}
[21.102135] (-) TimerEvent: {}
[21.202495] (-) TimerEvent: {}
[21.302862] (-) TimerEvent: {}
[21.392915] (orb_slam3_map_generator) StdoutLine: {'line': b'[ 66%] Built target get_landmarks_simulator\n'}
[21.402964] (-) TimerEvent: {}
[21.503297] (-) TimerEvent: {}
[21.524291] (orb_slam3_ros2_wrapper) StderrLine: {'line': b'In file included from \x1b[01m\x1b[K/home/orb/ORB_SLAM3/Thirdparty/g2o/g2o/types/types_six_dof_expmap.h:37\x1b[m\x1b[K,\n'}
[21.524545] (orb_slam3_ros2_wrapper) StderrLine: {'line': b'                 from \x1b[01m\x1b[K/home/orb/ORB_SLAM3/include/Converter.h:26\x1b[m\x1b[K,\n'}
[21.524667] (orb_slam3_ros2_wrapper) StderrLine: {'line': b'                 from \x1b[01m\x1b[K/home/orb/ORB_SLAM3/include/Frame.h:33\x1b[m\x1b[K,\n'}
[21.524776] (orb_slam3_ros2_wrapper) StderrLine: {'line': b'                 from \x1b[01m\x1b[K/home/orb/ORB_SLAM3/include/KeyFrame.h:28\x1b[m\x1b[K,\n'}
[21.524876] (orb_slam3_ros2_wrapper) StderrLine: {'line': b'                 from \x1b[01m\x1b[K/home/orb/ORB_SLAM3/include/MapPoint.h:23\x1b[m\x1b[K,\n'}
[21.524963] (orb_slam3_ros2_wrapper) StderrLine: {'line': b'                 from \x1b[01m\x1b[K/root/colcon_ws/src/orb_slam3_ros2_wrapper/include/orb_slam3_ros2_wrapper/type_conversion.hpp:26\x1b[m\x1b[K,\n'}
[21.525048] (orb_slam3_ros2_wrapper) StderrLine: {'line': b'                 from \x1b[01m\x1b[K/root/colcon_ws/src/orb_slam3_ros2_wrapper/src/type_conversion.cpp:7\x1b[m\x1b[K:\n'}
[21.525139] (orb_slam3_ros2_wrapper) StderrLine: {'line': b'/home/orb/ORB_SLAM3/Thirdparty/g2o/g2o/types/../core/base_vertex.h: In instantiation of \xe2\x80\x98\x1b[01m\x1b[Kclass g2o::BaseVertex<3, Eigen::Matrix<double, 3, 1> >\x1b[m\x1b[K\xe2\x80\x99:\n'}
[21.525240] (orb_slam3_ros2_wrapper) StderrLine: {'line': b'\x1b[01m\x1b[K/home/orb/ORB_SLAM3/Thirdparty/g2o/g2o/types/types_sba.h:40:35:\x1b[m\x1b[K   required from here\n'}
[21.525331] (orb_slam3_ros2_wrapper) StderrLine: {'line': b'\x1b[01m\x1b[K/home/orb/ORB_SLAM3/Thirdparty/g2o/g2o/types/../core/base_vertex.h:62:72:\x1b[m\x1b[K \x1b[01;35m\x1b[Kwarning: \x1b[m\x1b[K\xe2\x80\x98\x1b[01m\x1b[KEigen::AlignedBit\x1b[m\x1b[K\xe2\x80\x99 is deprecated [\x1b[01;35m\x1b[K-Wdeprecated-declarations\x1b[m\x1b[K]\n'}
[21.525421] (orb_slam3_ros2_wrapper) StderrLine: {'line': b'   62 |     typedef Eigen::Map<Matrix<double, D, D>, Matrix<double,D,D>::\x1b[01;35m\x1b[KFlags & AlignedBit\x1b[m\x1b[K ? Aligned : Unaligned >  HessianBlockType;\n'}
[21.525514] (orb_slam3_ros2_wrapper) StderrLine: {'line': b'      |                                                                  \x1b[01;35m\x1b[K~~~~~~^~~~~~~~~~~~\x1b[m\x1b[K\n'}
[21.525615] (orb_slam3_ros2_wrapper) StderrLine: {'line': b'In file included from \x1b[01m\x1b[K/usr/include/eigen3/Eigen/Core:161\x1b[m\x1b[K,\n'}
[21.525728] (orb_slam3_ros2_wrapper) StderrLine: {'line': b'                 from \x1b[01m\x1b[K/root/colcon_ws/src/orb_slam3_ros2_wrapper/include/orb_slam3_ros2_wrapper/type_conversion.hpp:10\x1b[m\x1b[K,\n'}
[21.525832] (orb_slam3_ros2_wrapper) StderrLine: {'line': b'                 from \x1b[01m\x1b[K/root/colcon_ws/src/orb_slam3_ros2_wrapper/src/type_conversion.cpp:7\x1b[m\x1b[K:\n'}
[21.525934] (orb_slam3_ros2_wrapper) StderrLine: {'line': b'\x1b[01m\x1b[K/usr/include/eigen3/Eigen/src/Core/util/Constants.h:167:37:\x1b[m\x1b[K \x1b[01;36m\x1b[Knote: \x1b[m\x1b[Kdeclared here\n'}
[21.526051] (orb_slam3_ros2_wrapper) StderrLine: {'line': b'  167 | EIGEN_DEPRECATED const unsigned int \x1b[01;36m\x1b[KAlignedBit\x1b[m\x1b[K = 0x80;\n'}
[21.526142] (orb_slam3_ros2_wrapper) StderrLine: {'line': b'      |                                     \x1b[01;36m\x1b[K^~~~~~~~~~\x1b[m\x1b[K\n'}
[21.575227] (orb_slam3_ros2_wrapper) StderrLine: {'line': b'In file included from \x1b[01m\x1b[K/home/orb/ORB_SLAM3/Thirdparty/g2o/g2o/types/types_six_dof_expmap.h:37\x1b[m\x1b[K,\n'}
[21.575469] (orb_slam3_ros2_wrapper) StderrLine: {'line': b'                 from \x1b[01m\x1b[K/home/orb/ORB_SLAM3/include/Converter.h:26\x1b[m\x1b[K,\n'}
[21.575592] (orb_slam3_ros2_wrapper) StderrLine: {'line': b'                 from \x1b[01m\x1b[K/home/orb/ORB_SLAM3/include/Frame.h:33\x1b[m\x1b[K,\n'}
[21.575699] (orb_slam3_ros2_wrapper) StderrLine: {'line': b'                 from \x1b[01m\x1b[K/home/orb/ORB_SLAM3/include/KeyFrame.h:28\x1b[m\x1b[K,\n'}
[21.575819] (orb_slam3_ros2_wrapper) StderrLine: {'line': b'                 from \x1b[01m\x1b[K/home/orb/ORB_SLAM3/include/MapPoint.h:23\x1b[m\x1b[K,\n'}
[21.575943] (orb_slam3_ros2_wrapper) StderrLine: {'line': b'                 from \x1b[01m\x1b[K/root/colcon_ws/src/orb_slam3_ros2_wrapper/include/orb_slam3_ros2_wrapper/type_conversion.hpp:26\x1b[m\x1b[K,\n'}
[21.576048] (orb_slam3_ros2_wrapper) StderrLine: {'line': b'                 from \x1b[01m\x1b[K/root/colcon_ws/src/orb_slam3_ros2_wrapper/src/type_conversion.cpp:7\x1b[m\x1b[K:\n'}
[21.576149] (orb_slam3_ros2_wrapper) StderrLine: {'line': b'/home/orb/ORB_SLAM3/Thirdparty/g2o/g2o/types/../core/base_vertex.h: In instantiation of \xe2\x80\x98\x1b[01m\x1b[Kclass g2o::BaseVertex<6, g2o::SE3Quat>\x1b[m\x1b[K\xe2\x80\x99:\n'}
[21.576253] (orb_slam3_ros2_wrapper) StderrLine: {'line': b'\x1b[01m\x1b[K/home/orb/ORB_SLAM3/Thirdparty/g2o/g2o/types/types_six_dof_expmap.h:59:33:\x1b[m\x1b[K   required from here\n'}
[21.576354] (orb_slam3_ros2_wrapper) StderrLine: {'line': b'\x1b[01m\x1b[K/home/orb/ORB_SLAM3/Thirdparty/g2o/g2o/types/../core/base_vertex.h:62:72:\x1b[m\x1b[K \x1b[01;35m\x1b[Kwarning: \x1b[m\x1b[K\xe2\x80\x98\x1b[01m\x1b[KEigen::AlignedBit\x1b[m\x1b[K\xe2\x80\x99 is deprecated [\x1b[01;35m\x1b[K-Wdeprecated-declarations\x1b[m\x1b[K]\n'}
[21.576456] (orb_slam3_ros2_wrapper) StderrLine: {'line': b'   62 |     typedef Eigen::Map<Matrix<double, D, D>, Matrix<double,D,D>::\x1b[01;35m\x1b[KFlags & AlignedBit\x1b[m\x1b[K ? Aligned : Unaligned >  HessianBlockType;\n'}
[21.576559] (orb_slam3_ros2_wrapper) StderrLine: {'line': b'      |                                                                  \x1b[01;35m\x1b[K~~~~~~^~~~~~~~~~~~\x1b[m\x1b[K\n'}
[21.576660] (orb_slam3_ros2_wrapper) StderrLine: {'line': b'In file included from \x1b[01m\x1b[K/usr/include/eigen3/Eigen/Core:161\x1b[m\x1b[K,\n'}
[21.576766] (orb_slam3_ros2_wrapper) StderrLine: {'line': b'                 from \x1b[01m\x1b[K/root/colcon_ws/src/orb_slam3_ros2_wrapper/include/orb_slam3_ros2_wrapper/type_conversion.hpp:10\x1b[m\x1b[K,\n'}
[21.576858] (orb_slam3_ros2_wrapper) StderrLine: {'line': b'                 from \x1b[01m\x1b[K/root/colcon_ws/src/orb_slam3_ros2_wrapper/src/type_conversion.cpp:7\x1b[m\x1b[K:\n'}
[21.576946] (orb_slam3_ros2_wrapper) StderrLine: {'line': b'\x1b[01m\x1b[K/usr/include/eigen3/Eigen/src/Core/util/Constants.h:167:37:\x1b[m\x1b[K \x1b[01;36m\x1b[Knote: \x1b[m\x1b[Kdeclared here\n'}
[21.577054] (orb_slam3_ros2_wrapper) StderrLine: {'line': b'  167 | EIGEN_DEPRECATED const unsigned int \x1b[01;36m\x1b[KAlignedBit\x1b[m\x1b[K = 0x80;\n'}
[21.577138] (orb_slam3_ros2_wrapper) StderrLine: {'line': b'      |                                     \x1b[01;36m\x1b[K^~~~~~~~~~\x1b[m\x1b[K\n'}
[21.603413] (-) TimerEvent: {}
[21.626018] (orb_slam3_ros2_wrapper) StderrLine: {'line': b'In file included from \x1b[01m\x1b[K/home/orb/ORB_SLAM3/Thirdparty/g2o/g2o/types/types_six_dof_expmap.h:38\x1b[m\x1b[K,\n'}
[21.626255] (orb_slam3_ros2_wrapper) StderrLine: {'line': b'                 from \x1b[01m\x1b[K/home/orb/ORB_SLAM3/include/Converter.h:26\x1b[m\x1b[K,\n'}
[21.626386] (orb_slam3_ros2_wrapper) StderrLine: {'line': b'                 from \x1b[01m\x1b[K/home/orb/ORB_SLAM3/include/Frame.h:33\x1b[m\x1b[K,\n'}
[21.626499] (orb_slam3_ros2_wrapper) StderrLine: {'line': b'                 from \x1b[01m\x1b[K/home/orb/ORB_SLAM3/include/KeyFrame.h:28\x1b[m\x1b[K,\n'}
[21.626609] (orb_slam3_ros2_wrapper) StderrLine: {'line': b'                 from \x1b[01m\x1b[K/home/orb/ORB_SLAM3/include/MapPoint.h:23\x1b[m\x1b[K,\n'}
[21.626714] (orb_slam3_ros2_wrapper) StderrLine: {'line': b'                 from \x1b[01m\x1b[K/root/colcon_ws/src/orb_slam3_ros2_wrapper/include/orb_slam3_ros2_wrapper/type_conversion.hpp:26\x1b[m\x1b[K,\n'}
[21.626864] (orb_slam3_ros2_wrapper) StderrLine: {'line': b'                 from \x1b[01m\x1b[K/root/colcon_ws/src/orb_slam3_ros2_wrapper/src/type_conversion.cpp:7\x1b[m\x1b[K:\n'}
[21.626964] (orb_slam3_ros2_wrapper) StderrLine: {'line': b'/home/orb/ORB_SLAM3/Thirdparty/g2o/g2o/types/../core/base_binary_edge.h: In instantiation of \xe2\x80\x98\x1b[01m\x1b[Kclass g2o::BaseBinaryEdge<6, g2o::SE3Quat, g2o::VertexSE3Expmap, g2o::VertexSE3Expmap>\x1b[m\x1b[K\xe2\x80\x99:\n'}
[21.627076] (orb_slam3_ros2_wrapper) StderrLine: {'line': b'\x1b[01m\x1b[K/home/orb/ORB_SLAM3/Thirdparty/g2o/g2o/types/types_six_dof_expmap.h:83:24:\x1b[m\x1b[K   required from here\n'}
[21.627184] (orb_slam3_ros2_wrapper) StderrLine: {'line': b'\x1b[01m\x1b[K/home/orb/ORB_SLAM3/Thirdparty/g2o/g2o/types/../core/base_binary_edge.h:59:80:\x1b[m\x1b[K \x1b[01;35m\x1b[Kwarning: \x1b[m\x1b[K\xe2\x80\x98\x1b[01m\x1b[KEigen::AlignedBit\x1b[m\x1b[K\xe2\x80\x99 is deprecated [\x1b[01;35m\x1b[K-Wdeprecated-declarations\x1b[m\x1b[K]\n'}
[21.627291] (orb_slam3_ros2_wrapper) StderrLine: {'line': b'   59 |       typedef Eigen::Map<Matrix<double, Di, Dj>, Matrix<double, Di, Dj>::\x1b[01;35m\x1b[KFlags & AlignedBit\x1b[m\x1b[K ? Aligned : Unaligned > HessianBlockType;\n'}
[21.627392] (orb_slam3_ros2_wrapper) StderrLine: {'line': b'      |                                                                          \x1b[01;35m\x1b[K~~~~~~^~~~~~~~~~~~\x1b[m\x1b[K\n'}
[21.627494] (orb_slam3_ros2_wrapper) StderrLine: {'line': b'In file included from \x1b[01m\x1b[K/usr/include/eigen3/Eigen/Core:161\x1b[m\x1b[K,\n'}
[21.627611] (orb_slam3_ros2_wrapper) StderrLine: {'line': b'                 from \x1b[01m\x1b[K/root/colcon_ws/src/orb_slam3_ros2_wrapper/include/orb_slam3_ros2_wrapper/type_conversion.hpp:10\x1b[m\x1b[K,\n'}
[21.627727] (orb_slam3_ros2_wrapper) StderrLine: {'line': b'                 from \x1b[01m\x1b[K/root/colcon_ws/src/orb_slam3_ros2_wrapper/src/type_conversion.cpp:7\x1b[m\x1b[K:\n'}
[21.627851] (orb_slam3_ros2_wrapper) StderrLine: {'line': b'\x1b[01m\x1b[K/usr/include/eigen3/Eigen/src/Core/util/Constants.h:167:37:\x1b[m\x1b[K \x1b[01;36m\x1b[Knote: \x1b[m\x1b[Kdeclared here\n'}
[21.627960] (orb_slam3_ros2_wrapper) StderrLine: {'line': b'  167 | EIGEN_DEPRECATED const unsigned int \x1b[01;36m\x1b[KAlignedBit\x1b[m\x1b[K = 0x80;\n'}
[21.628067] (orb_slam3_ros2_wrapper) StderrLine: {'line': b'      |                                     \x1b[01;36m\x1b[K^~~~~~~~~~\x1b[m\x1b[K\n'}
[21.628340] (orb_slam3_ros2_wrapper) StderrLine: {'line': b'In file included from \x1b[01m\x1b[K/home/orb/ORB_SLAM3/Thirdparty/g2o/g2o/types/types_six_dof_expmap.h:38\x1b[m\x1b[K,\n'}
[21.628468] (orb_slam3_ros2_wrapper) StderrLine: {'line': b'                 from \x1b[01m\x1b[K/home/orb/ORB_SLAM3/include/Converter.h:26\x1b[m\x1b[K,\n'}
[21.628579] (orb_slam3_ros2_wrapper) StderrLine: {'line': b'                 from \x1b[01m\x1b[K/home/orb/ORB_SLAM3/include/Frame.h:33\x1b[m\x1b[K,\n'}
[21.628686] (orb_slam3_ros2_wrapper) StderrLine: {'line': b'                 from \x1b[01m\x1b[K/home/orb/ORB_SLAM3/include/KeyFrame.h:28\x1b[m\x1b[K,\n'}
[21.628813] (orb_slam3_ros2_wrapper) StderrLine: {'line': b'                 from \x1b[01m\x1b[K/home/orb/ORB_SLAM3/include/MapPoint.h:23\x1b[m\x1b[K,\n'}
[21.628921] (orb_slam3_ros2_wrapper) StderrLine: {'line': b'                 from \x1b[01m\x1b[K/root/colcon_ws/src/orb_slam3_ros2_wrapper/include/orb_slam3_ros2_wrapper/type_conversion.hpp:26\x1b[m\x1b[K,\n'}
[21.629029] (orb_slam3_ros2_wrapper) StderrLine: {'line': b'                 from \x1b[01m\x1b[K/root/colcon_ws/src/orb_slam3_ros2_wrapper/src/type_conversion.cpp:7\x1b[m\x1b[K:\n'}
[21.629135] (orb_slam3_ros2_wrapper) StderrLine: {'line': b'\x1b[01m\x1b[K/home/orb/ORB_SLAM3/Thirdparty/g2o/g2o/types/../core/base_binary_edge.h:60:80:\x1b[m\x1b[K \x1b[01;35m\x1b[Kwarning: \x1b[m\x1b[K\xe2\x80\x98\x1b[01m\x1b[KEigen::AlignedBit\x1b[m\x1b[K\xe2\x80\x99 is deprecated [\x1b[01;35m\x1b[K-Wdeprecated-declarations\x1b[m\x1b[K]\n'}
[21.629245] (orb_slam3_ros2_wrapper) StderrLine: {'line': b'   60 |       typedef Eigen::Map<Matrix<double, Dj, Di>, Matrix<double, Dj, Di>::\x1b[01;35m\x1b[KFlags & AlignedBit\x1b[m\x1b[K ? Aligned : Unaligned > HessianBlockTransposedType;\n'}
[21.629351] (orb_slam3_ros2_wrapper) StderrLine: {'line': b'      |                                                                          \x1b[01;35m\x1b[K~~~~~~^~~~~~~~~~~~\x1b[m\x1b[K\n'}
[21.629456] (orb_slam3_ros2_wrapper) StderrLine: {'line': b'In file included from \x1b[01m\x1b[K/usr/include/eigen3/Eigen/Core:161\x1b[m\x1b[K,\n'}
[21.629580] (orb_slam3_ros2_wrapper) StderrLine: {'line': b'                 from \x1b[01m\x1b[K/root/colcon_ws/src/orb_slam3_ros2_wrapper/include/orb_slam3_ros2_wrapper/type_conversion.hpp:10\x1b[m\x1b[K,\n'}
[21.629678] (orb_slam3_ros2_wrapper) StderrLine: {'line': b'                 from \x1b[01m\x1b[K/root/colcon_ws/src/orb_slam3_ros2_wrapper/src/type_conversion.cpp:7\x1b[m\x1b[K:\n'}
[21.629786] (orb_slam3_ros2_wrapper) StderrLine: {'line': b'\x1b[01m\x1b[K/usr/include/eigen3/Eigen/src/Core/util/Constants.h:167:37:\x1b[m\x1b[K \x1b[01;36m\x1b[Knote: \x1b[m\x1b[Kdeclared here\n'}
[21.629899] (orb_slam3_ros2_wrapper) StderrLine: {'line': b'  167 | EIGEN_DEPRECATED const unsigned int \x1b[01;36m\x1b[KAlignedBit\x1b[m\x1b[K = 0x80;\n'}
[21.630003] (orb_slam3_ros2_wrapper) StderrLine: {'line': b'      |                                     \x1b[01;36m\x1b[K^~~~~~~~~~\x1b[m\x1b[K\n'}
[21.703520] (-) TimerEvent: {}
[21.758913] (orb_slam3_ros2_wrapper) StderrLine: {'line': b'In file included from \x1b[01m\x1b[K/home/orb/ORB_SLAM3/Thirdparty/g2o/g2o/types/types_six_dof_expmap.h:38\x1b[m\x1b[K,\n'}
[21.759168] (orb_slam3_ros2_wrapper) StderrLine: {'line': b'                 from \x1b[01m\x1b[K/home/orb/ORB_SLAM3/include/Converter.h:26\x1b[m\x1b[K,\n'}
[21.759294] (orb_slam3_ros2_wrapper) StderrLine: {'line': b'                 from \x1b[01m\x1b[K/home/orb/ORB_SLAM3/include/Frame.h:33\x1b[m\x1b[K,\n'}
[21.759404] (orb_slam3_ros2_wrapper) StderrLine: {'line': b'                 from \x1b[01m\x1b[K/home/orb/ORB_SLAM3/include/KeyFrame.h:28\x1b[m\x1b[K,\n'}
[21.759512] (orb_slam3_ros2_wrapper) StderrLine: {'line': b'                 from \x1b[01m\x1b[K/home/orb/ORB_SLAM3/include/MapPoint.h:23\x1b[m\x1b[K,\n'}
[21.759618] (orb_slam3_ros2_wrapper) StderrLine: {'line': b'                 from \x1b[01m\x1b[K/root/colcon_ws/src/orb_slam3_ros2_wrapper/include/orb_slam3_ros2_wrapper/type_conversion.hpp:26\x1b[m\x1b[K,\n'}
[21.759718] (orb_slam3_ros2_wrapper) StderrLine: {'line': b'                 from \x1b[01m\x1b[K/root/colcon_ws/src/orb_slam3_ros2_wrapper/src/type_conversion.cpp:7\x1b[m\x1b[K:\n'}
[21.759830] (orb_slam3_ros2_wrapper) StderrLine: {'line': b'/home/orb/ORB_SLAM3/Thirdparty/g2o/g2o/types/../core/base_binary_edge.h: In instantiation of \xe2\x80\x98\x1b[01m\x1b[Kclass g2o::BaseBinaryEdge<2, Eigen::Matrix<double, 2, 1>, g2o::VertexSBAPointXYZ, g2o::VertexSE3Expmap>\x1b[m\x1b[K\xe2\x80\x99:\n'}
[21.759943] (orb_slam3_ros2_wrapper) StderrLine: {'line': b'\x1b[01m\x1b[K/home/orb/ORB_SLAM3/Thirdparty/g2o/g2o/types/types_six_dof_expmap.h:114:35:\x1b[m\x1b[K   required from here\n'}
[21.760047] (orb_slam3_ros2_wrapper) StderrLine: {'line': b'\x1b[01m\x1b[K/home/orb/ORB_SLAM3/Thirdparty/g2o/g2o/types/../core/base_binary_edge.h:59:80:\x1b[m\x1b[K \x1b[01;35m\x1b[Kwarning: \x1b[m\x1b[K\xe2\x80\x98\x1b[01m\x1b[KEigen::AlignedBit\x1b[m\x1b[K\xe2\x80\x99 is deprecated [\x1b[01;35m\x1b[K-Wdeprecated-declarations\x1b[m\x1b[K]\n'}
[21.760158] (orb_slam3_ros2_wrapper) StderrLine: {'line': b'   59 |       typedef Eigen::Map<Matrix<double, Di, Dj>, Matrix<double, Di, Dj>::\x1b[01;35m\x1b[KFlags & AlignedBit\x1b[m\x1b[K ? Aligned : Unaligned > HessianBlockType;\n'}
[21.760266] (orb_slam3_ros2_wrapper) StderrLine: {'line': b'      |                                                                          \x1b[01;35m\x1b[K~~~~~~^~~~~~~~~~~~\x1b[m\x1b[K\n'}
[21.760374] (orb_slam3_ros2_wrapper) StderrLine: {'line': b'In file included from \x1b[01m\x1b[K/usr/include/eigen3/Eigen/Core:161\x1b[m\x1b[K,\n'}
[21.760489] (orb_slam3_ros2_wrapper) StderrLine: {'line': b'                 from \x1b[01m\x1b[K/root/colcon_ws/src/orb_slam3_ros2_wrapper/include/orb_slam3_ros2_wrapper/type_conversion.hpp:10\x1b[m\x1b[K,\n'}
[21.760596] (orb_slam3_ros2_wrapper) StderrLine: {'line': b'                 from \x1b[01m\x1b[K/root/colcon_ws/src/orb_slam3_ros2_wrapper/src/type_conversion.cpp:7\x1b[m\x1b[K:\n'}
[21.760704] (orb_slam3_ros2_wrapper) StderrLine: {'line': b'\x1b[01m\x1b[K/usr/include/eigen3/Eigen/src/Core/util/Constants.h:167:37:\x1b[m\x1b[K \x1b[01;36m\x1b[Knote: \x1b[m\x1b[Kdeclared here\n'}
[21.760840] (orb_slam3_ros2_wrapper) StderrLine: {'line': b'  167 | EIGEN_DEPRECATED const unsigned int \x1b[01;36m\x1b[KAlignedBit\x1b[m\x1b[K = 0x80;\n'}
[21.760949] (orb_slam3_ros2_wrapper) StderrLine: {'line': b'      |                                     \x1b[01;36m\x1b[K^~~~~~~~~~\x1b[m\x1b[K\n'}
[21.786638] (orb_slam3_ros2_wrapper) StderrLine: {'line': b'In file included from \x1b[01m\x1b[K/home/orb/ORB_SLAM3/Thirdparty/g2o/g2o/types/types_six_dof_expmap.h:38\x1b[m\x1b[K,\n'}
[21.786874] (orb_slam3_ros2_wrapper) StderrLine: {'line': b'                 from \x1b[01m\x1b[K/home/orb/ORB_SLAM3/include/Converter.h:26\x1b[m\x1b[K,\n'}
[21.786981] (orb_slam3_ros2_wrapper) StderrLine: {'line': b'                 from \x1b[01m\x1b[K/home/orb/ORB_SLAM3/include/Frame.h:33\x1b[m\x1b[K,\n'}
[21.787085] (orb_slam3_ros2_wrapper) StderrLine: {'line': b'                 from \x1b[01m\x1b[K/home/orb/ORB_SLAM3/include/KeyFrame.h:28\x1b[m\x1b[K,\n'}
[21.787188] (orb_slam3_ros2_wrapper) StderrLine: {'line': b'                 from \x1b[01m\x1b[K/home/orb/ORB_SLAM3/include/MapPoint.h:23\x1b[m\x1b[K,\n'}
[21.787275] (orb_slam3_ros2_wrapper) StderrLine: {'line': b'                 from \x1b[01m\x1b[K/root/colcon_ws/src/orb_slam3_ros2_wrapper/include/orb_slam3_ros2_wrapper/type_conversion.hpp:26\x1b[m\x1b[K,\n'}
[21.787366] (orb_slam3_ros2_wrapper) StderrLine: {'line': b'                 from \x1b[01m\x1b[K/root/colcon_ws/src/orb_slam3_ros2_wrapper/src/type_conversion.cpp:7\x1b[m\x1b[K:\n'}
[21.787467] (orb_slam3_ros2_wrapper) StderrLine: {'line': b'\x1b[01m\x1b[K/home/orb/ORB_SLAM3/Thirdparty/g2o/g2o/types/../core/base_binary_edge.h:60:80:\x1b[m\x1b[K \x1b[01;35m\x1b[Kwarning: \x1b[m\x1b[K\xe2\x80\x98\x1b[01m\x1b[KEigen::AlignedBit\x1b[m\x1b[K\xe2\x80\x99 is deprecated [\x1b[01;35m\x1b[K-Wdeprecated-declarations\x1b[m\x1b[K]\n'}
[21.787573] (orb_slam3_ros2_wrapper) StderrLine: {'line': b'   60 |       typedef Eigen::Map<Matrix<double, Dj, Di>, Matrix<double, Dj, Di>::\x1b[01;35m\x1b[KFlags & AlignedBit\x1b[m\x1b[K ? Aligned : Unaligned > HessianBlockTransposedType;\n'}
[21.787678] (orb_slam3_ros2_wrapper) StderrLine: {'line': b'      |                                                                          \x1b[01;35m\x1b[K~~~~~~^~~~~~~~~~~~\x1b[m\x1b[K\n'}
[21.787801] (orb_slam3_ros2_wrapper) StderrLine: {'line': b'In file included from \x1b[01m\x1b[K/usr/include/eigen3/Eigen/Core:161\x1b[m\x1b[K,\n'}
[21.787911] (orb_slam3_ros2_wrapper) StderrLine: {'line': b'                 from \x1b[01m\x1b[K/root/colcon_ws/src/orb_slam3_ros2_wrapper/include/orb_slam3_ros2_wrapper/type_conversion.hpp:10\x1b[m\x1b[K,\n'}
[21.788018] (orb_slam3_ros2_wrapper) StderrLine: {'line': b'                 from \x1b[01m\x1b[K/root/colcon_ws/src/orb_slam3_ros2_wrapper/src/type_conversion.cpp:7\x1b[m\x1b[K:\n'}
[21.788122] (orb_slam3_ros2_wrapper) StderrLine: {'line': b'\x1b[01m\x1b[K/usr/include/eigen3/Eigen/src/Core/util/Constants.h:167:37:\x1b[m\x1b[K \x1b[01;36m\x1b[Knote: \x1b[m\x1b[Kdeclared here\n'}
[21.788225] (orb_slam3_ros2_wrapper) StderrLine: {'line': b'  167 | EIGEN_DEPRECATED const unsigned int \x1b[01;36m\x1b[KAlignedBit\x1b[m\x1b[K = 0x80;\n'}
[21.788332] (orb_slam3_ros2_wrapper) StderrLine: {'line': b'      |                                     \x1b[01;36m\x1b[K^~~~~~~~~~\x1b[m\x1b[K\n'}
[21.803633] (-) TimerEvent: {}
[21.898150] (orb_slam3_ros2_wrapper) StderrLine: {'line': b'In file included from \x1b[01m\x1b[K/home/orb/ORB_SLAM3/Thirdparty/g2o/g2o/types/types_six_dof_expmap.h:38\x1b[m\x1b[K,\n'}
[21.898512] (orb_slam3_ros2_wrapper) StderrLine: {'line': b'                 from \x1b[01m\x1b[K/home/orb/ORB_SLAM3/include/Converter.h:26\x1b[m\x1b[K,\n'}
[21.898638] (orb_slam3_ros2_wrapper) StderrLine: {'line': b'                 from \x1b[01m\x1b[K/home/orb/ORB_SLAM3/include/Frame.h:33\x1b[m\x1b[K,\n'}
[21.898765] (orb_slam3_ros2_wrapper) StderrLine: {'line': b'                 from \x1b[01m\x1b[K/home/orb/ORB_SLAM3/include/KeyFrame.h:28\x1b[m\x1b[K,\n'}
[21.898895] (orb_slam3_ros2_wrapper) StderrLine: {'line': b'                 from \x1b[01m\x1b[K/home/orb/ORB_SLAM3/include/MapPoint.h:23\x1b[m\x1b[K,\n'}
[21.899011] (orb_slam3_ros2_wrapper) StderrLine: {'line': b'                 from \x1b[01m\x1b[K/root/colcon_ws/src/orb_slam3_ros2_wrapper/include/orb_slam3_ros2_wrapper/type_conversion.hpp:26\x1b[m\x1b[K,\n'}
[21.899119] (orb_slam3_ros2_wrapper) StderrLine: {'line': b'                 from \x1b[01m\x1b[K/root/colcon_ws/src/orb_slam3_ros2_wrapper/src/type_conversion.cpp:7\x1b[m\x1b[K:\n'}
[21.899226] (orb_slam3_ros2_wrapper) StderrLine: {'line': b'/home/orb/ORB_SLAM3/Thirdparty/g2o/g2o/types/../core/base_binary_edge.h: In instantiation of \xe2\x80\x98\x1b[01m\x1b[Kclass g2o::BaseBinaryEdge<3, Eigen::Matrix<double, 3, 1>, g2o::VertexSBAPointXYZ, g2o::VertexSE3Expmap>\x1b[m\x1b[K\xe2\x80\x99:\n'}
[21.899337] (orb_slam3_ros2_wrapper) StderrLine: {'line': b'\x1b[01m\x1b[K/home/orb/ORB_SLAM3/Thirdparty/g2o/g2o/types/types_six_dof_expmap.h:146:41:\x1b[m\x1b[K   required from here\n'}
[21.899443] (orb_slam3_ros2_wrapper) StderrLine: {'line': b'\x1b[01m\x1b[K/home/orb/ORB_SLAM3/Thirdparty/g2o/g2o/types/../core/base_binary_edge.h:59:80:\x1b[m\x1b[K \x1b[01;35m\x1b[Kwarning: \x1b[m\x1b[K\xe2\x80\x98\x1b[01m\x1b[KEigen::AlignedBit\x1b[m\x1b[K\xe2\x80\x99 is deprecated [\x1b[01;35m\x1b[K-Wdeprecated-declarations\x1b[m\x1b[K]\n'}
[21.899543] (orb_slam3_ros2_wrapper) StderrLine: {'line': b'   59 |       typedef Eigen::Map<Matrix<double, Di, Dj>, Matrix<double, Di, Dj>::\x1b[01;35m\x1b[KFlags & AlignedBit\x1b[m\x1b[K ? Aligned : Unaligned > HessianBlockType;\n'}
[21.899641] (orb_slam3_ros2_wrapper) StderrLine: {'line': b'      |                                                                          \x1b[01;35m\x1b[K~~~~~~^~~~~~~~~~~~\x1b[m\x1b[K\n'}
[21.899764] (orb_slam3_ros2_wrapper) StderrLine: {'line': b'In file included from \x1b[01m\x1b[K/usr/include/eigen3/Eigen/Core:161\x1b[m\x1b[K,\n'}
[21.899877] (orb_slam3_ros2_wrapper) StderrLine: {'line': b'                 from \x1b[01m\x1b[K/root/colcon_ws/src/orb_slam3_ros2_wrapper/include/orb_slam3_ros2_wrapper/type_conversion.hpp:10\x1b[m\x1b[K,\n'}
[21.899978] (orb_slam3_ros2_wrapper) StderrLine: {'line': b'                 from \x1b[01m\x1b[K/root/colcon_ws/src/orb_slam3_ros2_wrapper/src/type_conversion.cpp:7\x1b[m\x1b[K:\n'}
[21.900078] (orb_slam3_ros2_wrapper) StderrLine: {'line': b'\x1b[01m\x1b[K/usr/include/eigen3/Eigen/src/Core/util/Constants.h:167:37:\x1b[m\x1b[K \x1b[01;36m\x1b[Knote: \x1b[m\x1b[Kdeclared here\n'}
[21.900182] (orb_slam3_ros2_wrapper) StderrLine: {'line': b'  167 | EIGEN_DEPRECATED const unsigned int \x1b[01;36m\x1b[KAlignedBit\x1b[m\x1b[K = 0x80;\n'}
[21.900282] (orb_slam3_ros2_wrapper) StderrLine: {'line': b'      |                                     \x1b[01;36m\x1b[K^~~~~~~~~~\x1b[m\x1b[K\n'}
[21.900373] (orb_slam3_ros2_wrapper) StderrLine: {'line': b'In file included from \x1b[01m\x1b[K/home/orb/ORB_SLAM3/Thirdparty/g2o/g2o/types/types_six_dof_expmap.h:38\x1b[m\x1b[K,\n'}
[21.900463] (orb_slam3_ros2_wrapper) StderrLine: {'line': b'                 from \x1b[01m\x1b[K/home/orb/ORB_SLAM3/include/Converter.h:26\x1b[m\x1b[K,\n'}
[21.900555] (orb_slam3_ros2_wrapper) StderrLine: {'line': b'                 from \x1b[01m\x1b[K/home/orb/ORB_SLAM3/include/Frame.h:33\x1b[m\x1b[K,\n'}
[21.900651] (orb_slam3_ros2_wrapper) StderrLine: {'line': b'                 from \x1b[01m\x1b[K/home/orb/ORB_SLAM3/include/KeyFrame.h:28\x1b[m\x1b[K,\n'}
[21.900747] (orb_slam3_ros2_wrapper) StderrLine: {'line': b'                 from \x1b[01m\x1b[K/home/orb/ORB_SLAM3/include/MapPoint.h:23\x1b[m\x1b[K,\n'}
[21.900853] (orb_slam3_ros2_wrapper) StderrLine: {'line': b'                 from \x1b[01m\x1b[K/root/colcon_ws/src/orb_slam3_ros2_wrapper/include/orb_slam3_ros2_wrapper/type_conversion.hpp:26\x1b[m\x1b[K,\n'}
[21.900958] (orb_slam3_ros2_wrapper) StderrLine: {'line': b'                 from \x1b[01m\x1b[K/root/colcon_ws/src/orb_slam3_ros2_wrapper/src/type_conversion.cpp:7\x1b[m\x1b[K:\n'}
[21.901070] (orb_slam3_ros2_wrapper) StderrLine: {'line': b'\x1b[01m\x1b[K/home/orb/ORB_SLAM3/Thirdparty/g2o/g2o/types/../core/base_binary_edge.h:60:80:\x1b[m\x1b[K \x1b[01;35m\x1b[Kwarning: \x1b[m\x1b[K\xe2\x80\x98\x1b[01m\x1b[KEigen::AlignedBit\x1b[m\x1b[K\xe2\x80\x99 is deprecated [\x1b[01;35m\x1b[K-Wdeprecated-declarations\x1b[m\x1b[K]\n'}
[21.901177] (orb_slam3_ros2_wrapper) StderrLine: {'line': b'   60 |       typedef Eigen::Map<Matrix<double, Dj, Di>, Matrix<double, Dj, Di>::\x1b[01;35m\x1b[KFlags & AlignedBit\x1b[m\x1b[K ? Aligned : Unaligned > HessianBlockTransposedType;\n'}
[21.901278] (orb_slam3_ros2_wrapper) StderrLine: {'line': b'      |                                                                          \x1b[01;35m\x1b[K~~~~~~^~~~~~~~~~~~\x1b[m\x1b[K\n'}
[21.901376] (orb_slam3_ros2_wrapper) StderrLine: {'line': b'In file included from \x1b[01m\x1b[K/usr/include/eigen3/Eigen/Core:161\x1b[m\x1b[K,\n'}
[21.901482] (orb_slam3_ros2_wrapper) StderrLine: {'line': b'                 from \x1b[01m\x1b[K/root/colcon_ws/src/orb_slam3_ros2_wrapper/include/orb_slam3_ros2_wrapper/type_conversion.hpp:10\x1b[m\x1b[K,\n'}
[21.901590] (orb_slam3_ros2_wrapper) StderrLine: {'line': b'                 from \x1b[01m\x1b[K/root/colcon_ws/src/orb_slam3_ros2_wrapper/src/type_conversion.cpp:7\x1b[m\x1b[K:\n'}
[21.901699] (orb_slam3_ros2_wrapper) StderrLine: {'line': b'\x1b[01m\x1b[K/usr/include/eigen3/Eigen/src/Core/util/Constants.h:167:37:\x1b[m\x1b[K \x1b[01;36m\x1b[Knote: \x1b[m\x1b[Kdeclared here\n'}
[21.901826] (orb_slam3_ros2_wrapper) StderrLine: {'line': b'  167 | EIGEN_DEPRECATED const unsigned int \x1b[01;36m\x1b[KAlignedBit\x1b[m\x1b[K = 0x80;\n'}
[21.901938] (orb_slam3_ros2_wrapper) StderrLine: {'line': b'      |                                     \x1b[01;36m\x1b[K^~~~~~~~~~\x1b[m\x1b[K\n'}
[21.903735] (-) TimerEvent: {}
[22.004063] (-) TimerEvent: {}
[22.104423] (-) TimerEvent: {}
[22.204797] (-) TimerEvent: {}
[22.294366] (orb_slam3_ros2_wrapper) StderrLine: {'line': b'In file included from \x1b[01m\x1b[K/home/orb/ORB_SLAM3/Thirdparty/g2o/g2o/types/types_six_dof_expmap.h:37\x1b[m\x1b[K,\n'}
[22.294606] (orb_slam3_ros2_wrapper) StderrLine: {'line': b'                 from \x1b[01m\x1b[K/home/orb/ORB_SLAM3/include/Converter.h:26\x1b[m\x1b[K,\n'}
[22.294737] (orb_slam3_ros2_wrapper) StderrLine: {'line': b'                 from \x1b[01m\x1b[K/home/orb/ORB_SLAM3/include/Frame.h:33\x1b[m\x1b[K,\n'}
[22.294861] (orb_slam3_ros2_wrapper) StderrLine: {'line': b'                 from \x1b[01m\x1b[K/home/orb/ORB_SLAM3/include/KeyFrame.h:28\x1b[m\x1b[K,\n'}
[22.294972] (orb_slam3_ros2_wrapper) StderrLine: {'line': b'                 from \x1b[01m\x1b[K/home/orb/ORB_SLAM3/include/MapPoint.h:23\x1b[m\x1b[K,\n'}
[22.295080] (orb_slam3_ros2_wrapper) StderrLine: {'line': b'                 from \x1b[01m\x1b[K/root/colcon_ws/src/orb_slam3_ros2_wrapper/include/orb_slam3_ros2_wrapper/type_conversion.hpp:26\x1b[m\x1b[K,\n'}
[22.295185] (orb_slam3_ros2_wrapper) StderrLine: {'line': b'                 from \x1b[01m\x1b[K/root/colcon_ws/src/orb_slam3_ros2_wrapper/src/type_conversion.cpp:7\x1b[m\x1b[K:\n'}
[22.295287] (orb_slam3_ros2_wrapper) StderrLine: {'line': b'/home/orb/ORB_SLAM3/Thirdparty/g2o/g2o/types/../core/base_vertex.h: In instantiation of \xe2\x80\x98\x1b[01m\x1b[Kclass g2o::BaseVertex<7, g2o::Sim3>\x1b[m\x1b[K\xe2\x80\x99:\n'}
[22.295411] (orb_slam3_ros2_wrapper) StderrLine: {'line': b'\x1b[01m\x1b[K/home/orb/ORB_SLAM3/Thirdparty/g2o/g2o/types/types_seven_dof_expmap.h:48:35:\x1b[m\x1b[K   required from here\n'}
[22.295517] (orb_slam3_ros2_wrapper) StderrLine: {'line': b'\x1b[01m\x1b[K/home/orb/ORB_SLAM3/Thirdparty/g2o/g2o/types/../core/base_vertex.h:62:72:\x1b[m\x1b[K \x1b[01;35m\x1b[Kwarning: \x1b[m\x1b[K\xe2\x80\x98\x1b[01m\x1b[KEigen::AlignedBit\x1b[m\x1b[K\xe2\x80\x99 is deprecated [\x1b[01;35m\x1b[K-Wdeprecated-declarations\x1b[m\x1b[K]\n'}
[22.295627] (orb_slam3_ros2_wrapper) StderrLine: {'line': b'   62 |     typedef Eigen::Map<Matrix<double, D, D>, Matrix<double,D,D>::\x1b[01;35m\x1b[KFlags & AlignedBit\x1b[m\x1b[K ? Aligned : Unaligned >  HessianBlockType;\n'}
[22.295744] (orb_slam3_ros2_wrapper) StderrLine: {'line': b'      |                                                                  \x1b[01;35m\x1b[K~~~~~~^~~~~~~~~~~~\x1b[m\x1b[K\n'}
[22.295873] (orb_slam3_ros2_wrapper) StderrLine: {'line': b'In file included from \x1b[01m\x1b[K/usr/include/eigen3/Eigen/Core:161\x1b[m\x1b[K,\n'}
[22.295985] (orb_slam3_ros2_wrapper) StderrLine: {'line': b'                 from \x1b[01m\x1b[K/root/colcon_ws/src/orb_slam3_ros2_wrapper/include/orb_slam3_ros2_wrapper/type_conversion.hpp:10\x1b[m\x1b[K,\n'}
[22.296085] (orb_slam3_ros2_wrapper) StderrLine: {'line': b'                 from \x1b[01m\x1b[K/root/colcon_ws/src/orb_slam3_ros2_wrapper/src/type_conversion.cpp:7\x1b[m\x1b[K:\n'}
[22.296188] (orb_slam3_ros2_wrapper) StderrLine: {'line': b'\x1b[01m\x1b[K/usr/include/eigen3/Eigen/src/Core/util/Constants.h:167:37:\x1b[m\x1b[K \x1b[01;36m\x1b[Knote: \x1b[m\x1b[Kdeclared here\n'}
[22.296293] (orb_slam3_ros2_wrapper) StderrLine: {'line': b'  167 | EIGEN_DEPRECATED const unsigned int \x1b[01;36m\x1b[KAlignedBit\x1b[m\x1b[K = 0x80;\n'}
[22.296402] (orb_slam3_ros2_wrapper) StderrLine: {'line': b'      |                                     \x1b[01;36m\x1b[K^~~~~~~~~~\x1b[m\x1b[K\n'}
[22.304907] (-) TimerEvent: {}
[22.351367] (orb_slam3_ros2_wrapper) StderrLine: {'line': b'In file included from \x1b[01m\x1b[K/home/orb/ORB_SLAM3/Thirdparty/g2o/g2o/types/types_six_dof_expmap.h:38\x1b[m\x1b[K,\n'}
[22.351702] (orb_slam3_ros2_wrapper) StderrLine: {'line': b'                 from \x1b[01m\x1b[K/home/orb/ORB_SLAM3/include/Converter.h:26\x1b[m\x1b[K,\n'}
[22.351823] (orb_slam3_ros2_wrapper) StderrLine: {'line': b'                 from \x1b[01m\x1b[K/home/orb/ORB_SLAM3/include/Frame.h:33\x1b[m\x1b[K,\n'}
[22.351913] (orb_slam3_ros2_wrapper) StderrLine: {'line': b'                 from \x1b[01m\x1b[K/home/orb/ORB_SLAM3/include/KeyFrame.h:28\x1b[m\x1b[K,\n'}
[22.351998] (orb_slam3_ros2_wrapper) StderrLine: {'line': b'                 from \x1b[01m\x1b[K/home/orb/ORB_SLAM3/include/MapPoint.h:23\x1b[m\x1b[K,\n'}
[22.352078] (orb_slam3_ros2_wrapper) StderrLine: {'line': b'                 from \x1b[01m\x1b[K/root/colcon_ws/src/orb_slam3_ros2_wrapper/include/orb_slam3_ros2_wrapper/type_conversion.hpp:26\x1b[m\x1b[K,\n'}
[22.352161] (orb_slam3_ros2_wrapper) StderrLine: {'line': b'                 from \x1b[01m\x1b[K/root/colcon_ws/src/orb_slam3_ros2_wrapper/src/type_conversion.cpp:7\x1b[m\x1b[K:\n'}
[22.352244] (orb_slam3_ros2_wrapper) StderrLine: {'line': b'/home/orb/ORB_SLAM3/Thirdparty/g2o/g2o/types/../core/base_binary_edge.h: In instantiation of \xe2\x80\x98\x1b[01m\x1b[Kclass g2o::BaseBinaryEdge<7, g2o::Sim3, g2o::VertexSim3Expmap, g2o::VertexSim3Expmap>\x1b[m\x1b[K\xe2\x80\x99:\n'}
[22.352329] (orb_slam3_ros2_wrapper) StderrLine: {'line': b'\x1b[01m\x1b[K/home/orb/ORB_SLAM3/Thirdparty/g2o/g2o/types/types_seven_dof_expmap.h:99:27:\x1b[m\x1b[K   required from here\n'}
[22.352429] (orb_slam3_ros2_wrapper) StderrLine: {'line': b'\x1b[01m\x1b[K/home/orb/ORB_SLAM3/Thirdparty/g2o/g2o/types/../core/base_binary_edge.h:59:80:\x1b[m\x1b[K \x1b[01;35m\x1b[Kwarning: \x1b[m\x1b[K\xe2\x80\x98\x1b[01m\x1b[KEigen::AlignedBit\x1b[m\x1b[K\xe2\x80\x99 is deprecated [\x1b[01;35m\x1b[K-Wdeprecated-declarations\x1b[m\x1b[K]\n'}
[22.352533] (orb_slam3_ros2_wrapper) StderrLine: {'line': b'   59 |       typedef Eigen::Map<Matrix<double, Di, Dj>, Matrix<double, Di, Dj>::\x1b[01;35m\x1b[KFlags & AlignedBit\x1b[m\x1b[K ? Aligned : Unaligned > HessianBlockType;\n'}
[22.352639] (orb_slam3_ros2_wrapper) StderrLine: {'line': b'      |                                                                          \x1b[01;35m\x1b[K~~~~~~^~~~~~~~~~~~\x1b[m\x1b[K\n'}
[22.352757] (orb_slam3_ros2_wrapper) StderrLine: {'line': b'In file included from \x1b[01m\x1b[K/usr/include/eigen3/Eigen/Core:161\x1b[m\x1b[K,\n'}
[22.352984] (orb_slam3_ros2_wrapper) StderrLine: {'line': b'                 from \x1b[01m\x1b[K/root/colcon_ws/src/orb_slam3_ros2_wrapper/include/orb_slam3_ros2_wrapper/type_conversion.hpp:10\x1b[m\x1b[K,\n'}
[22.353112] (orb_slam3_ros2_wrapper) StderrLine: {'line': b'                 from \x1b[01m\x1b[K/root/colcon_ws/src/orb_slam3_ros2_wrapper/src/type_conversion.cpp:7\x1b[m\x1b[K:\n'}
[22.353222] (orb_slam3_ros2_wrapper) StderrLine: {'line': b'\x1b[01m\x1b[K/usr/include/eigen3/Eigen/src/Core/util/Constants.h:167:37:\x1b[m\x1b[K \x1b[01;36m\x1b[Knote: \x1b[m\x1b[Kdeclared here\n'}
[22.353333] (orb_slam3_ros2_wrapper) StderrLine: {'line': b'  167 | EIGEN_DEPRECATED const unsigned int \x1b[01;36m\x1b[KAlignedBit\x1b[m\x1b[K = 0x80;\n'}
[22.353442] (orb_slam3_ros2_wrapper) StderrLine: {'line': b'      |                                     \x1b[01;36m\x1b[K^~~~~~~~~~\x1b[m\x1b[K\n'}
[22.353550] (orb_slam3_ros2_wrapper) StderrLine: {'line': b'In file included from \x1b[01m\x1b[K/home/orb/ORB_SLAM3/Thirdparty/g2o/g2o/types/types_six_dof_expmap.h:38\x1b[m\x1b[K,\n'}
[22.353659] (orb_slam3_ros2_wrapper) StderrLine: {'line': b'                 from \x1b[01m\x1b[K/home/orb/ORB_SLAM3/include/Converter.h:26\x1b[m\x1b[K,\n'}
[22.353791] (orb_slam3_ros2_wrapper) StderrLine: {'line': b'                 from \x1b[01m\x1b[K/home/orb/ORB_SLAM3/include/Frame.h:33\x1b[m\x1b[K,\n'}
[22.353904] (orb_slam3_ros2_wrapper) StderrLine: {'line': b'                 from \x1b[01m\x1b[K/home/orb/ORB_SLAM3/include/KeyFrame.h:28\x1b[m\x1b[K,\n'}
[22.354010] (orb_slam3_ros2_wrapper) StderrLine: {'line': b'                 from \x1b[01m\x1b[K/home/orb/ORB_SLAM3/include/MapPoint.h:23\x1b[m\x1b[K,\n'}
[22.354118] (orb_slam3_ros2_wrapper) StderrLine: {'line': b'                 from \x1b[01m\x1b[K/root/colcon_ws/src/orb_slam3_ros2_wrapper/include/orb_slam3_ros2_wrapper/type_conversion.hpp:26\x1b[m\x1b[K,\n'}
[22.354226] (orb_slam3_ros2_wrapper) StderrLine: {'line': b'                 from \x1b[01m\x1b[K/root/colcon_ws/src/orb_slam3_ros2_wrapper/src/type_conversion.cpp:7\x1b[m\x1b[K:\n'}
[22.354334] (orb_slam3_ros2_wrapper) StderrLine: {'line': b'\x1b[01m\x1b[K/home/orb/ORB_SLAM3/Thirdparty/g2o/g2o/types/../core/base_binary_edge.h:60:80:\x1b[m\x1b[K \x1b[01;35m\x1b[Kwarning: \x1b[m\x1b[K\xe2\x80\x98\x1b[01m\x1b[KEigen::AlignedBit\x1b[m\x1b[K\xe2\x80\x99 is deprecated [\x1b[01;35m\x1b[K-Wdeprecated-declarations\x1b[m\x1b[K]\n'}
[22.354462] (orb_slam3_ros2_wrapper) StderrLine: {'line': b'   60 |       typedef Eigen::Map<Matrix<double, Dj, Di>, Matrix<double, Dj, Di>::\x1b[01;35m\x1b[KFlags & AlignedBit\x1b[m\x1b[K ? Aligned : Unaligned > HessianBlockTransposedType;\n'}
[22.354570] (orb_slam3_ros2_wrapper) StderrLine: {'line': b'      |                                                                          \x1b[01;35m\x1b[K~~~~~~^~~~~~~~~~~~\x1b[m\x1b[K\n'}
[22.354678] (orb_slam3_ros2_wrapper) StderrLine: {'line': b'In file included from \x1b[01m\x1b[K/usr/include/eigen3/Eigen/Core:161\x1b[m\x1b[K,\n'}
[22.354814] (orb_slam3_ros2_wrapper) StderrLine: {'line': b'                 from \x1b[01m\x1b[K/root/colcon_ws/src/orb_slam3_ros2_wrapper/include/orb_slam3_ros2_wrapper/type_conversion.hpp:10\x1b[m\x1b[K,\n'}
[22.354931] (orb_slam3_ros2_wrapper) StderrLine: {'line': b'                 from \x1b[01m\x1b[K/root/colcon_ws/src/orb_slam3_ros2_wrapper/src/type_conversion.cpp:7\x1b[m\x1b[K:\n'}
[22.355049] (orb_slam3_ros2_wrapper) StderrLine: {'line': b'\x1b[01m\x1b[K/usr/include/eigen3/Eigen/src/Core/util/Constants.h:167:37:\x1b[m\x1b[K \x1b[01;36m\x1b[Knote: \x1b[m\x1b[Kdeclared here\n'}
[22.355158] (orb_slam3_ros2_wrapper) StderrLine: {'line': b'  167 | EIGEN_DEPRECATED const unsigned int \x1b[01;36m\x1b[KAlignedBit\x1b[m\x1b[K = 0x80;\n'}
[22.355266] (orb_slam3_ros2_wrapper) StderrLine: {'line': b'      |                                     \x1b[01;36m\x1b[K^~~~~~~~~~\x1b[m\x1b[K\n'}
[22.405025] (-) TimerEvent: {}
[22.433301] (orb_slam3_ros2_wrapper) StderrLine: {'line': b'In file included from \x1b[01m\x1b[K/home/orb/ORB_SLAM3/Thirdparty/g2o/g2o/types/types_six_dof_expmap.h:38\x1b[m\x1b[K,\n'}
[22.433543] (orb_slam3_ros2_wrapper) StderrLine: {'line': b'                 from \x1b[01m\x1b[K/home/orb/ORB_SLAM3/include/Converter.h:26\x1b[m\x1b[K,\n'}
[22.433681] (orb_slam3_ros2_wrapper) StderrLine: {'line': b'                 from \x1b[01m\x1b[K/home/orb/ORB_SLAM3/include/Frame.h:33\x1b[m\x1b[K,\n'}
[22.433804] (orb_slam3_ros2_wrapper) StderrLine: {'line': b'                 from \x1b[01m\x1b[K/home/orb/ORB_SLAM3/include/KeyFrame.h:28\x1b[m\x1b[K,\n'}
[22.433916] (orb_slam3_ros2_wrapper) StderrLine: {'line': b'                 from \x1b[01m\x1b[K/home/orb/ORB_SLAM3/include/MapPoint.h:23\x1b[m\x1b[K,\n'}
[22.434024] (orb_slam3_ros2_wrapper) StderrLine: {'line': b'                 from \x1b[01m\x1b[K/root/colcon_ws/src/orb_slam3_ros2_wrapper/include/orb_slam3_ros2_wrapper/type_conversion.hpp:26\x1b[m\x1b[K,\n'}
[22.434128] (orb_slam3_ros2_wrapper) StderrLine: {'line': b'                 from \x1b[01m\x1b[K/root/colcon_ws/src/orb_slam3_ros2_wrapper/src/type_conversion.cpp:7\x1b[m\x1b[K:\n'}
[22.434233] (orb_slam3_ros2_wrapper) StderrLine: {'line': b'/home/orb/ORB_SLAM3/Thirdparty/g2o/g2o/types/../core/base_binary_edge.h: In instantiation of \xe2\x80\x98\x1b[01m\x1b[Kclass g2o::BaseBinaryEdge<2, Eigen::Matrix<double, 2, 1>, g2o::VertexSBAPointXYZ, g2o::VertexSim3Expmap>\x1b[m\x1b[K\xe2\x80\x99:\n'}
[22.434342] (orb_slam3_ros2_wrapper) StderrLine: {'line': b'\x1b[01m\x1b[K/home/orb/ORB_SLAM3/Thirdparty/g2o/g2o/types/types_seven_dof_expmap.h:130:36:\x1b[m\x1b[K   required from here\n'}
[22.434447] (orb_slam3_ros2_wrapper) StderrLine: {'line': b'\x1b[01m\x1b[K/home/orb/ORB_SLAM3/Thirdparty/g2o/g2o/types/../core/base_binary_edge.h:59:80:\x1b[m\x1b[K \x1b[01;35m\x1b[Kwarning: \x1b[m\x1b[K\xe2\x80\x98\x1b[01m\x1b[KEigen::AlignedBit\x1b[m\x1b[K\xe2\x80\x99 is deprecated [\x1b[01;35m\x1b[K-Wdeprecated-declarations\x1b[m\x1b[K]\n'}
[22.434555] (orb_slam3_ros2_wrapper) StderrLine: {'line': b'   59 |       typedef Eigen::Map<Matrix<double, Di, Dj>, Matrix<double, Di, Dj>::\x1b[01;35m\x1b[KFlags & AlignedBit\x1b[m\x1b[K ? Aligned : Unaligned > HessianBlockType;\n'}
[22.434664] (orb_slam3_ros2_wrapper) StderrLine: {'line': b'      |                                                                          \x1b[01;35m\x1b[K~~~~~~^~~~~~~~~~~~\x1b[m\x1b[K\n'}
[22.434786] (orb_slam3_ros2_wrapper) StderrLine: {'line': b'In file included from \x1b[01m\x1b[K/usr/include/eigen3/Eigen/Core:161\x1b[m\x1b[K,\n'}
[22.434899] (orb_slam3_ros2_wrapper) StderrLine: {'line': b'                 from \x1b[01m\x1b[K/root/colcon_ws/src/orb_slam3_ros2_wrapper/include/orb_slam3_ros2_wrapper/type_conversion.hpp:10\x1b[m\x1b[K,\n'}
[22.435009] (orb_slam3_ros2_wrapper) StderrLine: {'line': b'                 from \x1b[01m\x1b[K/root/colcon_ws/src/orb_slam3_ros2_wrapper/src/type_conversion.cpp:7\x1b[m\x1b[K:\n'}
[22.435118] (orb_slam3_ros2_wrapper) StderrLine: {'line': b'\x1b[01m\x1b[K/usr/include/eigen3/Eigen/src/Core/util/Constants.h:167:37:\x1b[m\x1b[K \x1b[01;36m\x1b[Knote: \x1b[m\x1b[Kdeclared here\n'}
[22.435221] (orb_slam3_ros2_wrapper) StderrLine: {'line': b'  167 | EIGEN_DEPRECATED const unsigned int \x1b[01;36m\x1b[KAlignedBit\x1b[m\x1b[K = 0x80;\n'}
[22.435326] (orb_slam3_ros2_wrapper) StderrLine: {'line': b'      |                                     \x1b[01;36m\x1b[K^~~~~~~~~~\x1b[m\x1b[K\n'}
[22.462515] (orb_slam3_ros2_wrapper) StderrLine: {'line': b'In file included from \x1b[01m\x1b[K/home/orb/ORB_SLAM3/Thirdparty/g2o/g2o/types/types_six_dof_expmap.h:38\x1b[m\x1b[K,\n'}
[22.462791] (orb_slam3_ros2_wrapper) StderrLine: {'line': b'                 from \x1b[01m\x1b[K/home/orb/ORB_SLAM3/include/Converter.h:26\x1b[m\x1b[K,\n'}
[22.462930] (orb_slam3_ros2_wrapper) StderrLine: {'line': b'                 from \x1b[01m\x1b[K/home/orb/ORB_SLAM3/include/Frame.h:33\x1b[m\x1b[K,\n'}
[22.463046] (orb_slam3_ros2_wrapper) StderrLine: {'line': b'                 from \x1b[01m\x1b[K/home/orb/ORB_SLAM3/include/KeyFrame.h:28\x1b[m\x1b[K,\n'}
[22.463160] (orb_slam3_ros2_wrapper) StderrLine: {'line': b'                 from \x1b[01m\x1b[K/home/orb/ORB_SLAM3/include/MapPoint.h:23\x1b[m\x1b[K,\n'}
[22.463271] (orb_slam3_ros2_wrapper) StderrLine: {'line': b'                 from \x1b[01m\x1b[K/root/colcon_ws/src/orb_slam3_ros2_wrapper/include/orb_slam3_ros2_wrapper/type_conversion.hpp:26\x1b[m\x1b[K,\n'}
[22.463400] (orb_slam3_ros2_wrapper) StderrLine: {'line': b'                 from \x1b[01m\x1b[K/root/colcon_ws/src/orb_slam3_ros2_wrapper/src/type_conversion.cpp:7\x1b[m\x1b[K:\n'}
[22.463511] (orb_slam3_ros2_wrapper) StderrLine: {'line': b'\x1b[01m\x1b[K/home/orb/ORB_SLAM3/Thirdparty/g2o/g2o/types/../core/base_binary_edge.h:60:80:\x1b[m\x1b[K \x1b[01;35m\x1b[Kwarning: \x1b[m\x1b[K\xe2\x80\x98\x1b[01m\x1b[KEigen::AlignedBit\x1b[m\x1b[K\xe2\x80\x99 is deprecated [\x1b[01;35m\x1b[K-Wdeprecated-declarations\x1b[m\x1b[K]\n'}
[22.463623] (orb_slam3_ros2_wrapper) StderrLine: {'line': b'   60 |       typedef Eigen::Map<Matrix<double, Dj, Di>, Matrix<double, Dj, Di>::\x1b[01;35m\x1b[KFlags & AlignedBit\x1b[m\x1b[K ? Aligned : Unaligned > HessianBlockTransposedType;\n'}
[22.463732] (orb_slam3_ros2_wrapper) StderrLine: {'line': b'      |                                                                          \x1b[01;35m\x1b[K~~~~~~^~~~~~~~~~~~\x1b[m\x1b[K\n'}
[22.463858] (orb_slam3_ros2_wrapper) StderrLine: {'line': b'In file included from \x1b[01m\x1b[K/usr/include/eigen3/Eigen/Core:161\x1b[m\x1b[K,\n'}
[22.463954] (orb_slam3_ros2_wrapper) StderrLine: {'line': b'                 from \x1b[01m\x1b[K/root/colcon_ws/src/orb_slam3_ros2_wrapper/include/orb_slam3_ros2_wrapper/type_conversion.hpp:10\x1b[m\x1b[K,\n'}
[22.464051] (orb_slam3_ros2_wrapper) StderrLine: {'line': b'                 from \x1b[01m\x1b[K/root/colcon_ws/src/orb_slam3_ros2_wrapper/src/type_conversion.cpp:7\x1b[m\x1b[K:\n'}
[22.464148] (orb_slam3_ros2_wrapper) StderrLine: {'line': b'\x1b[01m\x1b[K/usr/include/eigen3/Eigen/src/Core/util/Constants.h:167:37:\x1b[m\x1b[K \x1b[01;36m\x1b[Knote: \x1b[m\x1b[Kdeclared here\n'}
[22.464254] (orb_slam3_ros2_wrapper) StderrLine: {'line': b'  167 | EIGEN_DEPRECATED const unsigned int \x1b[01;36m\x1b[KAlignedBit\x1b[m\x1b[K = 0x80;\n'}
[22.464359] (orb_slam3_ros2_wrapper) StderrLine: {'line': b'      |                                     \x1b[01;36m\x1b[K^~~~~~~~~~\x1b[m\x1b[K\n'}
[22.505140] (-) TimerEvent: {}
[22.605491] (-) TimerEvent: {}
[22.705858] (-) TimerEvent: {}
[22.806205] (-) TimerEvent: {}
[22.906552] (-) TimerEvent: {}
[23.006922] (-) TimerEvent: {}
[23.107274] (-) TimerEvent: {}
[23.207621] (-) TimerEvent: {}
[23.308000] (-) TimerEvent: {}
[23.408368] (-) TimerEvent: {}
[23.508764] (-) TimerEvent: {}
[23.609126] (-) TimerEvent: {}
[23.709497] (-) TimerEvent: {}
[23.809879] (-) TimerEvent: {}
[23.910252] (-) TimerEvent: {}
[24.010895] (-) TimerEvent: {}
[24.111263] (-) TimerEvent: {}
[24.211658] (-) TimerEvent: {}
[24.312066] (-) TimerEvent: {}
[24.412443] (-) TimerEvent: {}
[24.512822] (-) TimerEvent: {}
[24.613189] (-) TimerEvent: {}
[24.713556] (-) TimerEvent: {}
[24.813925] (-) TimerEvent: {}
[24.914274] (-) TimerEvent: {}
[25.014629] (-) TimerEvent: {}
[25.115003] (-) TimerEvent: {}
[25.215346] (-) TimerEvent: {}
[25.315705] (-) TimerEvent: {}
[25.416063] (-) TimerEvent: {}
[25.516418] (-) TimerEvent: {}
[25.616786] (-) TimerEvent: {}
[25.717137] (-) TimerEvent: {}
[25.817472] (-) TimerEvent: {}
[25.917797] (-) TimerEvent: {}
[26.018146] (-) TimerEvent: {}
[26.118506] (-) TimerEvent: {}
[26.218917] (-) TimerEvent: {}
[26.319281] (-) TimerEvent: {}
[26.419643] (-) TimerEvent: {}
[26.520029] (-) TimerEvent: {}
[26.620390] (-) TimerEvent: {}
[26.720753] (-) TimerEvent: {}
[26.821104] (-) TimerEvent: {}
[26.921457] (-) TimerEvent: {}
[27.021801] (-) TimerEvent: {}
[27.122157] (-) TimerEvent: {}
[27.222496] (-) TimerEvent: {}
[27.322829] (-) TimerEvent: {}
[27.423168] (-) TimerEvent: {}
[27.523505] (-) TimerEvent: {}
[27.623795] (-) TimerEvent: {}
[27.724126] (-) TimerEvent: {}
[27.824446] (-) TimerEvent: {}
[27.924785] (-) TimerEvent: {}
[28.025128] (-) TimerEvent: {}
[28.125452] (-) TimerEvent: {}
[28.225793] (-) TimerEvent: {}
[28.326126] (-) TimerEvent: {}
[28.426466] (-) TimerEvent: {}
[28.526801] (-) TimerEvent: {}
[28.627137] (-) TimerEvent: {}
[28.727466] (-) TimerEvent: {}
[28.827794] (-) TimerEvent: {}
[28.928148] (-) TimerEvent: {}
[29.028506] (-) TimerEvent: {}
[29.128871] (-) TimerEvent: {}
[29.229211] (-) TimerEvent: {}
[29.329554] (-) TimerEvent: {}
[29.429921] (-) TimerEvent: {}
[29.530279] (-) TimerEvent: {}
[29.630630] (-) TimerEvent: {}
[29.730995] (-) TimerEvent: {}
[29.831357] (-) TimerEvent: {}
[29.931703] (-) TimerEvent: {}
[30.032059] (-) TimerEvent: {}
[30.132412] (-) TimerEvent: {}
[30.232747] (-) TimerEvent: {}
[30.333077] (-) TimerEvent: {}
[30.433418] (-) TimerEvent: {}
[30.533781] (-) TimerEvent: {}
[30.634129] (-) TimerEvent: {}
[30.734469] (-) TimerEvent: {}
[30.834804] (-) TimerEvent: {}
[30.848823] (orb_slam3_map_generator) StdoutLine: {'line': b'[ 83%] \x1b[32m\x1b[1mLinking CXX executable color_pcl\x1b[0m\n'}
[30.934918] (-) TimerEvent: {}
[31.035258] (-) TimerEvent: {}
[31.135613] (-) TimerEvent: {}
[31.234973] (orb_slam3_map_generator) StderrLine: {'line': b'/usr/bin/ld: warning: libopencv_imgcodecs.so.4.5d, needed by /opt/ros/humble/lib/libcv_bridge.so, may conflict with libopencv_imgcodecs.so.4.4\n'}
[31.235688] (-) TimerEvent: {}
[31.239635] (orb_slam3_map_generator) StderrLine: {'line': b'/usr/bin/ld: warning: libopencv_core.so.4.5d, needed by /opt/ros/humble/lib/libcv_bridge.so, may conflict with libopencv_core.so.4.4\n'}
[31.335791] (-) TimerEvent: {}
[31.436143] (-) TimerEvent: {}
[31.536484] (-) TimerEvent: {}
[31.636797] (-) TimerEvent: {}
[31.737143] (-) TimerEvent: {}
[31.813535] (orb_slam3_map_generator) StdoutLine: {'line': b'[ 83%] Built target color_pcl\n'}
[31.837262] (-) TimerEvent: {}
[31.937612] (-) TimerEvent: {}
[32.037956] (-) TimerEvent: {}
[32.138299] (-) TimerEvent: {}
[32.238640] (-) TimerEvent: {}
[32.338991] (-) TimerEvent: {}
[32.439329] (-) TimerEvent: {}
[32.539638] (-) TimerEvent: {}
[32.639951] (-) TimerEvent: {}
[32.740250] (-) TimerEvent: {}
[32.840553] (-) TimerEvent: {}
[32.940877] (-) TimerEvent: {}
[33.041178] (-) TimerEvent: {}
[33.141480] (-) TimerEvent: {}
[33.241785] (-) TimerEvent: {}
[33.342087] (-) TimerEvent: {}
[33.442406] (-) TimerEvent: {}
[33.542743] (-) TimerEvent: {}
[33.643099] (-) TimerEvent: {}
[33.743438] (-) TimerEvent: {}
[33.843788] (-) TimerEvent: {}
[33.944124] (-) TimerEvent: {}
[34.044451] (-) TimerEvent: {}
[34.145202] (-) TimerEvent: {}
[34.245533] (-) TimerEvent: {}
[34.341511] (orb_slam3_map_generator) StdoutLine: {'line': b'[100%] \x1b[32m\x1b[1mLinking CXX executable pointcloud_stitcher\x1b[0m\n'}
[34.345636] (-) TimerEvent: {}
[34.445963] (-) TimerEvent: {}
[34.546271] (-) TimerEvent: {}
[34.646597] (-) TimerEvent: {}
[34.746944] (-) TimerEvent: {}
[34.847274] (-) TimerEvent: {}
[34.947607] (-) TimerEvent: {}
[35.040354] (orb_slam3_map_generator) StdoutLine: {'line': b'[100%] Built target pointcloud_stitcher\n'}
[35.047711] (-) TimerEvent: {}
[35.051216] (orb_slam3_map_generator) CommandEnded: {'returncode': 0}
[35.078972] (orb_slam3_map_generator) JobProgress: {'identifier': 'orb_slam3_map_generator', 'progress': 'install'}
[35.080036] (orb_slam3_map_generator) Command: {'cmd': ['/usr/bin/cmake', '--install', '/root/build/orb_slam3_map_generator'], 'cwd': '/root/build/orb_slam3_map_generator', 'env': OrderedDict([('HOSTNAME', 'LP-Boston-11364'), ('SHLVL', '1'), ('LD_LIBRARY_PATH', '/root/install/slam_msgs/lib:/root/colcon_ws/install/slam_msgs/lib:/opt/ros/humble/opt/rviz_ogre_vendor/lib:/opt/ros/humble/lib/x86_64-linux-gnu:/opt/ros/humble/lib'), ('HOME', '/root'), ('OLDPWD', '/'), ('ROS_PYTHON_VERSION', '3'), ('COLCON_PREFIX_PATH', '/root/colcon_ws/install'), ('ROS_DISTRO', 'humble'), ('_', '/usr/bin/colcon'), ('ROS_VERSION', '2'), ('SCOUT_NAMESPACE', 'scout_2'), ('TERM', 'xterm'), ('ROS_LOCALHOST_ONLY', '1'), ('PATH', '/opt/ros/humble/bin:/usr/local/sbin:/usr/local/bin:/usr/sbin:/usr/bin:/sbin:/bin'), ('XDG_RUNTIME_DIR', '/tmp/runtime-root'), ('DISPLAY', ':1'), ('LANG', 'C.UTF-8'), ('LS_COLORS', 'rs=0:di=01;34:ln=01;36:mh=00:pi=40;33:so=01;35:do=01;35:bd=40;33;01:cd=40;33;01:or=40;31;01:mi=00:su=37;41:sg=30;43:ca=30;41:tw=30;42:ow=34;42:st=37;44:ex=01;32:*.tar=01;31:*.tgz=01;31:*.arc=01;31:*.arj=01;31:*.taz=01;31:*.lha=01;31:*.lz4=01;31:*.lzh=01;31:*.lzma=01;31:*.tlz=01;31:*.txz=01;31:*.tzo=01;31:*.t7z=01;31:*.zip=01;31:*.z=01;31:*.dz=01;31:*.gz=01;31:*.lrz=01;31:*.lz=01;31:*.lzo=01;31:*.xz=01;31:*.zst=01;31:*.tzst=01;31:*.bz2=01;31:*.bz=01;31:*.tbz=01;31:*.tbz2=01;31:*.tz=01;31:*.deb=01;31:*.rpm=01;31:*.jar=01;31:*.war=01;31:*.ear=01;31:*.sar=01;31:*.rar=01;31:*.alz=01;31:*.ace=01;31:*.zoo=01;31:*.cpio=01;31:*.7z=01;31:*.rz=01;31:*.cab=01;31:*.wim=01;31:*.swm=01;31:*.dwm=01;31:*.esd=01;31:*.jpg=01;35:*.jpeg=01;35:*.mjpg=01;35:*.mjpeg=01;35:*.gif=01;35:*.bmp=01;35:*.pbm=01;35:*.pgm=01;35:*.ppm=01;35:*.tga=01;35:*.xbm=01;35:*.xpm=01;35:*.tif=01;35:*.tiff=01;35:*.png=01;35:*.svg=01;35:*.svgz=01;35:*.mng=01;35:*.pcx=01;35:*.mov=01;35:*.mpg=01;35:*.mpeg=01;35:*.m2v=01;35:*.mkv=01;35:*.webm=01;35:*.webp=01;35:*.ogm=01;35:*.mp4=01;35:*.m4v=01;35:*.mp4v=01;35:*.vob=01;35:*.qt=01;35:*.nuv=01;35:*.wmv=01;35:*.asf=01;35:*.rm=01;35:*.rmvb=01;35:*.flc=01;35:*.avi=01;35:*.fli=01;35:*.flv=01;35:*.gl=01;35:*.dl=01;35:*.xcf=01;35:*.xwd=01;35:*.yuv=01;35:*.cgm=01;35:*.emf=01;35:*.ogv=01;35:*.ogx=01;35:*.aac=00;36:*.au=00;36:*.flac=00;36:*.m4a=00;36:*.mid=00;36:*.midi=00;36:*.mka=00;36:*.mp3=00;36:*.mpc=00;36:*.ogg=00;36:*.ra=00;36:*.wav=00;36:*.oga=00;36:*.opus=00;36:*.spx=00;36:*.xspf=00;36:'), ('ROS_DOMAIN_ID', '55'), ('AMENT_PREFIX_PATH', '/root/install/slam_msgs:/root/colcon_ws/install/orb_slam3_ros2_wrapper:/root/colcon_ws/install/orb_slam3_map_generator:/root/colcon_ws/install/slam_msgs:/root/colcon_ws/install/orb_slam3_navigator:/opt/ros/humble'), ('PWD', '/root/build/orb_slam3_map_generator'), ('LC_ALL', 'C.UTF-8'), ('RCUTILS_COLORIZED_OUTPUT', '1'), ('PYTHONPATH', '/root/install/slam_msgs/local/lib/python3.10/dist-packages:/root/colcon_ws/install/slam_msgs/local/lib/python3.10/dist-packages:/root/colcon_ws/build/orb_slam3_navigator:/root/colcon_ws/install/orb_slam3_navigator/lib/python3.10/site-packages:/opt/ros/humble/lib/python3.10/site-packages:/opt/ros/humble/local/lib/python3.10/dist-packages'), ('COLCON', '1'), ('CMAKE_PREFIX_PATH', '/root/install/slam_msgs:/root/colcon_ws/install/orb_slam3_ros2_wrapper:/root/colcon_ws/install/orb_slam3_map_generator:/root/colcon_ws/install/slam_msgs:/root/colcon_ws/install/orb_slam3_navigator:/opt/ros/humble')]), 'shell': False}
[35.086785] (orb_slam3_map_generator) StdoutLine: {'line': b'-- Install configuration: "Release"\n'}
[35.087287] (orb_slam3_map_generator) StdoutLine: {'line': b'-- Execute custom install script\n'}
[35.087726] (orb_slam3_map_generator) StdoutLine: {'line': b'-- Symlinking: /root/install/orb_slam3_map_generator/lib/orb_slam3_map_generator/pointcloud_stitcher\n'}
[35.096269] (orb_slam3_map_generator) StdoutLine: {'line': b'-- Symlinking: /root/install/orb_slam3_map_generator/lib/orb_slam3_map_generator/color_pcl\n'}
[35.104296] (orb_slam3_map_generator) StdoutLine: {'line': b'-- Symlinking: /root/install/orb_slam3_map_generator/lib/orb_slam3_map_generator/get_landmarks_simulator\n'}
[35.112330] (orb_slam3_map_generator) StdoutLine: {'line': b'-- Symlinking: /root/install/orb_slam3_map_generator/share/ament_index/resource_index/package_run_dependencies/orb_slam3_map_generator\n'}
[35.120317] (orb_slam3_map_generator) StdoutLine: {'line': b'-- Symlinking: /root/install/orb_slam3_map_generator/share/ament_index/resource_index/parent_prefix_path/orb_slam3_map_generator\n'}
[35.128413] (orb_slam3_map_generator) StdoutLine: {'line': b'-- Symlinking: /root/install/orb_slam3_map_generator/share/orb_slam3_map_generator/environment/ament_prefix_path.sh\n'}
[35.136450] (orb_slam3_map_generator) StdoutLine: {'line': b'-- Symlinking: /root/install/orb_slam3_map_generator/share/orb_slam3_map_generator/environment/ament_prefix_path.dsv\n'}
[35.144407] (orb_slam3_map_generator) StdoutLine: {'line': b'-- Symlinking: /root/install/orb_slam3_map_generator/share/orb_slam3_map_generator/environment/path.sh\n'}
[35.147771] (-) TimerEvent: {}
[35.152477] (orb_slam3_map_generator) StdoutLine: {'line': b'-- Symlinking: /root/install/orb_slam3_map_generator/share/orb_slam3_map_generator/environment/path.dsv\n'}
[35.160468] (orb_slam3_map_generator) StdoutLine: {'line': b'-- Symlinking: /root/install/orb_slam3_map_generator/share/orb_slam3_map_generator/local_setup.bash\n'}
[35.168546] (orb_slam3_map_generator) StdoutLine: {'line': b'-- Symlinking: /root/install/orb_slam3_map_generator/share/orb_slam3_map_generator/local_setup.sh\n'}
[35.176560] (orb_slam3_map_generator) StdoutLine: {'line': b'-- Symlinking: /root/install/orb_slam3_map_generator/share/orb_slam3_map_generator/local_setup.zsh\n'}
[35.184644] (orb_slam3_map_generator) StdoutLine: {'line': b'-- Symlinking: /root/install/orb_slam3_map_generator/share/orb_slam3_map_generator/local_setup.dsv\n'}
[35.192896] (orb_slam3_map_generator) StdoutLine: {'line': b'-- Symlinking: /root/install/orb_slam3_map_generator/share/orb_slam3_map_generator/package.dsv\n'}
[35.201183] (orb_slam3_map_generator) StdoutLine: {'line': b'-- Symlinking: /root/install/orb_slam3_map_generator/share/ament_index/resource_index/packages/orb_slam3_map_generator\n'}
[35.209405] (orb_slam3_map_generator) StdoutLine: {'line': b'-- Symlinking: /root/install/orb_slam3_map_generator/share/orb_slam3_map_generator/cmake/orb_slam3_map_generatorConfig.cmake\n'}
[35.217403] (orb_slam3_map_generator) StdoutLine: {'line': b'-- Symlinking: /root/install/orb_slam3_map_generator/share/orb_slam3_map_generator/cmake/orb_slam3_map_generatorConfig-version.cmake\n'}
[35.225498] (orb_slam3_map_generator) StdoutLine: {'line': b'-- Symlinking: /root/install/orb_slam3_map_generator/share/orb_slam3_map_generator/package.xml\n'}
[35.235368] (orb_slam3_map_generator) CommandEnded: {'returncode': 0}
[35.247881] (-) TimerEvent: {}
[35.284208] (orb_slam3_map_generator) JobEnded: {'identifier': 'orb_slam3_map_generator', 'rc': 0}
[35.347992] (-) TimerEvent: {}
[35.448293] (-) TimerEvent: {}
[35.548593] (-) TimerEvent: {}
[35.648900] (-) TimerEvent: {}
[35.749203] (-) TimerEvent: {}
[35.849508] (-) TimerEvent: {}
[35.949786] (-) TimerEvent: {}
[36.050079] (-) TimerEvent: {}
[36.150387] (-) TimerEvent: {}
[36.250691] (-) TimerEvent: {}
[36.351000] (-) TimerEvent: {}
[36.451304] (-) TimerEvent: {}
[36.551611] (-) TimerEvent: {}
[36.651928] (-) TimerEvent: {}
[36.752236] (-) TimerEvent: {}
[36.852544] (-) TimerEvent: {}
[36.952861] (-) TimerEvent: {}
[37.053162] (-) TimerEvent: {}
[37.153481] (-) TimerEvent: {}
[37.253788] (-) TimerEvent: {}
[37.354095] (-) TimerEvent: {}
[37.425968] (orb_slam3_ros2_wrapper) StdoutLine: {'line': b'[ 93%] \x1b[32m\x1b[1mLinking CXX executable typeconversionTests\x1b[0m\n'}
[37.454185] (-) TimerEvent: {}
[37.554417] (-) TimerEvent: {}
[37.654650] (-) TimerEvent: {}
[37.754917] (-) TimerEvent: {}
[37.855143] (-) TimerEvent: {}
[37.955461] (-) TimerEvent: {}
[38.055771] (-) TimerEvent: {}
[38.156076] (-) TimerEvent: {}
[38.256374] (-) TimerEvent: {}
[38.356670] (-) TimerEvent: {}
[38.456981] (-) TimerEvent: {}
[38.514625] (orb_slam3_ros2_wrapper) StdoutLine: {'line': b'[ 93%] Built target typeconversionTests\n'}
[38.557089] (-) TimerEvent: {}
[38.657395] (-) TimerEvent: {}
[38.757692] (-) TimerEvent: {}
[38.857997] (-) TimerEvent: {}
[38.958290] (-) TimerEvent: {}
[39.058571] (-) TimerEvent: {}
[39.158854] (-) TimerEvent: {}
[39.259124] (-) TimerEvent: {}
[39.359401] (-) TimerEvent: {}
[39.459672] (-) TimerEvent: {}
[39.559953] (-) TimerEvent: {}
[39.660230] (-) TimerEvent: {}
[39.760504] (-) TimerEvent: {}
[39.860780] (-) TimerEvent: {}
[39.961054] (-) TimerEvent: {}
[40.061331] (-) TimerEvent: {}
[40.161608] (-) TimerEvent: {}
[40.261888] (-) TimerEvent: {}
[40.362174] (-) TimerEvent: {}
[40.462448] (-) TimerEvent: {}
[40.562718] (-) TimerEvent: {}
[40.663003] (-) TimerEvent: {}
[40.763272] (-) TimerEvent: {}
[40.863537] (-) TimerEvent: {}
[40.963815] (-) TimerEvent: {}
[41.064089] (-) TimerEvent: {}
[41.164370] (-) TimerEvent: {}
[41.264660] (-) TimerEvent: {}
[41.364944] (-) TimerEvent: {}
[41.465221] (-) TimerEvent: {}
[41.565492] (-) TimerEvent: {}
[41.665781] (-) TimerEvent: {}
[41.766048] (-) TimerEvent: {}
[41.866322] (-) TimerEvent: {}
[41.966598] (-) TimerEvent: {}
[42.066886] (-) TimerEvent: {}
[42.167177] (-) TimerEvent: {}
[42.267452] (-) TimerEvent: {}
[42.367741] (-) TimerEvent: {}
[42.468015] (-) TimerEvent: {}
[42.568293] (-) TimerEvent: {}
[42.668573] (-) TimerEvent: {}
[42.768856] (-) TimerEvent: {}
[42.869148] (-) TimerEvent: {}
[42.969422] (-) TimerEvent: {}
[43.069692] (-) TimerEvent: {}
[43.169971] (-) TimerEvent: {}
[43.270247] (-) TimerEvent: {}
[43.370525] (-) TimerEvent: {}
[43.470809] (-) TimerEvent: {}
[43.571090] (-) TimerEvent: {}
[43.671365] (-) TimerEvent: {}
[43.771645] (-) TimerEvent: {}
[43.871928] (-) TimerEvent: {}
[43.972203] (-) TimerEvent: {}
[44.072478] (-) TimerEvent: {}
[44.172763] (-) TimerEvent: {}
[44.273028] (-) TimerEvent: {}
[44.373301] (-) TimerEvent: {}
[44.473587] (-) TimerEvent: {}
[44.573887] (-) TimerEvent: {}
[44.674170] (-) TimerEvent: {}
[44.774444] (-) TimerEvent: {}
[44.874713] (-) TimerEvent: {}
[44.975018] (-) TimerEvent: {}
[45.075292] (-) TimerEvent: {}
[45.175568] (-) TimerEvent: {}
[45.275849] (-) TimerEvent: {}
[45.376121] (-) TimerEvent: {}
[45.476394] (-) TimerEvent: {}
[45.576665] (-) TimerEvent: {}
[45.676949] (-) TimerEvent: {}
[45.777234] (-) TimerEvent: {}
[45.877507] (-) TimerEvent: {}
[45.977785] (-) TimerEvent: {}
[46.078054] (-) TimerEvent: {}
[46.178346] (-) TimerEvent: {}
[46.278561] (-) TimerEvent: {}
[46.378780] (-) TimerEvent: {}
[46.478988] (-) TimerEvent: {}
[46.579205] (-) TimerEvent: {}
[46.679421] (-) TimerEvent: {}
[46.779641] (-) TimerEvent: {}
[46.879883] (-) TimerEvent: {}
[46.980094] (-) TimerEvent: {}
[47.080310] (-) TimerEvent: {}
[47.180521] (-) TimerEvent: {}
[47.280734] (-) TimerEvent: {}
[47.380969] (-) TimerEvent: {}
[47.481193] (-) TimerEvent: {}
[47.581418] (-) TimerEvent: {}
[47.681639] (-) TimerEvent: {}
[47.781860] (-) TimerEvent: {}
[47.882072] (-) TimerEvent: {}
[47.982281] (-) TimerEvent: {}
[48.082499] (-) TimerEvent: {}
[48.182733] (-) TimerEvent: {}
[48.282954] (-) TimerEvent: {}
[48.383184] (-) TimerEvent: {}
[48.483404] (-) TimerEvent: {}
[48.498129] (orb_slam3_ros2_wrapper) StdoutLine: {'line': b'[100%] \x1b[32m\x1b[1mLinking CXX executable rgbd\x1b[0m\n'}
[48.583501] (-) TimerEvent: {}
[48.683732] (-) TimerEvent: {}
[48.783952] (-) TimerEvent: {}
[48.884180] (-) TimerEvent: {}
[48.984433] (-) TimerEvent: {}
[49.016296] (orb_slam3_ros2_wrapper) StderrLine: {'line': b'/usr/bin/ld: warning: libopencv_imgcodecs.so.4.5d, needed by /opt/ros/humble/lib/libcv_bridge.so, may conflict with libopencv_imgcodecs.so.4.4\n'}
[49.084525] (-) TimerEvent: {}
[49.184769] (-) TimerEvent: {}
[49.285007] (-) TimerEvent: {}
[49.385259] (-) TimerEvent: {}
[49.450938] (orb_slam3_ros2_wrapper) StdoutLine: {'line': b'[100%] Built target rgbd\n'}
[49.485328] (-) TimerEvent: {}
[49.585516] (-) TimerEvent: {}
[49.685735] (-) TimerEvent: {}
[49.785944] (-) TimerEvent: {}
[49.886154] (-) TimerEvent: {}
[49.986370] (-) TimerEvent: {}
[50.086577] (-) TimerEvent: {}
[50.186784] (-) TimerEvent: {}
[50.286988] (-) TimerEvent: {}
[50.387192] (-) TimerEvent: {}
[50.487406] (-) TimerEvent: {}
[50.587619] (-) TimerEvent: {}
[50.687829] (-) TimerEvent: {}
[50.788030] (-) TimerEvent: {}
[50.888235] (-) TimerEvent: {}
[50.988441] (-) TimerEvent: {}
[51.088662] (-) TimerEvent: {}
[51.188877] (-) TimerEvent: {}
[51.289083] (-) TimerEvent: {}
[51.389287] (-) TimerEvent: {}
[51.489521] (-) TimerEvent: {}
[51.589732] (-) TimerEvent: {}
[51.689938] (-) TimerEvent: {}
[51.790143] (-) TimerEvent: {}
[51.890351] (-) TimerEvent: {}
[51.990560] (-) TimerEvent: {}
[52.090764] (-) TimerEvent: {}
[52.190968] (-) TimerEvent: {}
[52.291175] (-) TimerEvent: {}
[52.391382] (-) TimerEvent: {}
[52.491590] (-) TimerEvent: {}
[52.591794] (-) TimerEvent: {}
[52.692032] (-) TimerEvent: {}
[52.792241] (-) TimerEvent: {}
[52.892448] (-) TimerEvent: {}
[52.992658] (-) TimerEvent: {}
[53.092894] (-) TimerEvent: {}
[53.193101] (-) TimerEvent: {}
[53.293304] (-) TimerEvent: {}
[53.393511] (-) TimerEvent: {}
[53.493726] (-) TimerEvent: {}
[53.593935] (-) TimerEvent: {}
[53.694145] (-) TimerEvent: {}
[53.794347] (-) TimerEvent: {}
[53.894558] (-) TimerEvent: {}
[53.994769] (-) TimerEvent: {}
[54.094987] (-) TimerEvent: {}
[54.195198] (-) TimerEvent: {}
[54.295409] (-) TimerEvent: {}
[54.395634] (-) TimerEvent: {}
[54.495868] (-) TimerEvent: {}
[54.596077] (-) TimerEvent: {}
[54.696285] (-) TimerEvent: {}
[54.796500] (-) TimerEvent: {}
[54.896707] (-) TimerEvent: {}
[54.996918] (-) TimerEvent: {}
[55.097124] (-) TimerEvent: {}
[55.197330] (-) TimerEvent: {}
[55.297541] (-) TimerEvent: {}
[55.397761] (-) TimerEvent: {}
[55.497972] (-) TimerEvent: {}
[55.598193] (-) TimerEvent: {}
[55.698402] (-) TimerEvent: {}
[55.798612] (-) TimerEvent: {}
[55.898829] (-) TimerEvent: {}
[55.999087] (-) TimerEvent: {}
[56.099310] (-) TimerEvent: {}
[56.199515] (-) TimerEvent: {}
[56.299718] (-) TimerEvent: {}
[56.399931] (-) TimerEvent: {}
[56.500140] (-) TimerEvent: {}
[56.600351] (-) TimerEvent: {}
[56.700552] (-) TimerEvent: {}
[56.800839] (-) TimerEvent: {}
[56.901045] (-) TimerEvent: {}
[57.001253] (-) TimerEvent: {}
[57.101458] (-) TimerEvent: {}
[57.201665] (-) TimerEvent: {}
[57.301876] (-) TimerEvent: {}
[57.402080] (-) TimerEvent: {}
[57.502283] (-) TimerEvent: {}
[57.602507] (-) TimerEvent: {}
[57.702735] (-) TimerEvent: {}
[57.802945] (-) TimerEvent: {}
[57.903160] (-) TimerEvent: {}
[58.003371] (-) TimerEvent: {}
[58.103580] (-) TimerEvent: {}
[58.203783] (-) TimerEvent: {}
[58.303986] (-) TimerEvent: {}
[58.404191] (-) TimerEvent: {}
[58.504404] (-) TimerEvent: {}
[58.604610] (-) TimerEvent: {}
[58.704819] (-) TimerEvent: {}
[58.805020] (-) TimerEvent: {}
[58.905219] (-) TimerEvent: {}
[59.005430] (-) TimerEvent: {}
[59.105637] (-) TimerEvent: {}
[59.205844] (-) TimerEvent: {}
[59.306051] (-) TimerEvent: {}
[59.406254] (-) TimerEvent: {}
[59.506456] (-) TimerEvent: {}
[59.606660] (-) TimerEvent: {}
[59.706870] (-) TimerEvent: {}
[59.807074] (-) TimerEvent: {}
[59.907279] (-) TimerEvent: {}
[60.007483] (-) TimerEvent: {}
[60.107687] (-) TimerEvent: {}
[60.207898] (-) TimerEvent: {}
[60.308106] (-) TimerEvent: {}
[60.408313] (-) TimerEvent: {}
[60.508523] (-) TimerEvent: {}
[60.608739] (-) TimerEvent: {}
[60.708953] (-) TimerEvent: {}
[60.809164] (-) TimerEvent: {}
[60.909380] (-) TimerEvent: {}
[61.009590] (-) TimerEvent: {}
[61.109796] (-) TimerEvent: {}
[61.209999] (-) TimerEvent: {}
[61.310205] (-) TimerEvent: {}
[61.410410] (-) TimerEvent: {}
[61.510614] (-) TimerEvent: {}
[61.610824] (-) TimerEvent: {}
[61.711033] (-) TimerEvent: {}
[61.811245] (-) TimerEvent: {}
[61.911448] (-) TimerEvent: {}
[62.011652] (-) TimerEvent: {}
[62.111863] (-) TimerEvent: {}
[62.212072] (-) TimerEvent: {}
[62.312275] (-) TimerEvent: {}
[62.412480] (-) TimerEvent: {}
[62.512693] (-) TimerEvent: {}
[62.612912] (-) TimerEvent: {}
[62.713122] (-) TimerEvent: {}
[62.813335] (-) TimerEvent: {}
[62.913540] (-) TimerEvent: {}
[63.013752] (-) TimerEvent: {}
[63.113960] (-) TimerEvent: {}
[63.214164] (-) TimerEvent: {}
[63.314368] (-) TimerEvent: {}
[63.414571] (-) TimerEvent: {}
[63.514778] (-) TimerEvent: {}
[63.614984] (-) TimerEvent: {}
[63.715188] (-) TimerEvent: {}
[63.815396] (-) TimerEvent: {}
[63.915600] (-) TimerEvent: {}
[64.015809] (-) TimerEvent: {}
[64.116021] (-) TimerEvent: {}
[64.216227] (-) TimerEvent: {}
[64.316437] (-) TimerEvent: {}
[64.416645] (-) TimerEvent: {}
[64.516863] (-) TimerEvent: {}
[64.617072] (-) TimerEvent: {}
[64.717279] (-) TimerEvent: {}
[64.817486] (-) TimerEvent: {}
[64.917696] (-) TimerEvent: {}
[65.017917] (-) TimerEvent: {}
[65.118133] (-) TimerEvent: {}
[65.218343] (-) TimerEvent: {}
[65.318533] (-) TimerEvent: {}
[65.418719] (-) TimerEvent: {}
[65.518936] (-) TimerEvent: {}
[65.619146] (-) TimerEvent: {}
[65.719359] (-) TimerEvent: {}
[65.819615] (-) TimerEvent: {}
[65.919824] (-) TimerEvent: {}
[66.020032] (-) TimerEvent: {}
[66.120255] (-) TimerEvent: {}
[66.220463] (-) TimerEvent: {}
[66.320669] (-) TimerEvent: {}
[66.420893] (-) TimerEvent: {}
[66.521104] (-) TimerEvent: {}
[66.621312] (-) TimerEvent: {}
[66.721516] (-) TimerEvent: {}
[66.821752] (-) TimerEvent: {}
[66.921962] (-) TimerEvent: {}
[67.022169] (-) TimerEvent: {}
[67.122379] (-) TimerEvent: {}
[67.222591] (-) TimerEvent: {}
[67.322815] (-) TimerEvent: {}
[67.423016] (-) TimerEvent: {}
[67.523223] (-) TimerEvent: {}
[67.623431] (-) TimerEvent: {}
[67.723640] (-) TimerEvent: {}
[67.823860] (-) TimerEvent: {}
[67.924071] (-) TimerEvent: {}
[68.024278] (-) TimerEvent: {}
[68.124484] (-) TimerEvent: {}
[68.224690] (-) TimerEvent: {}
[68.324902] (-) TimerEvent: {}
[68.425105] (-) TimerEvent: {}
[68.525315] (-) TimerEvent: {}
[68.625521] (-) TimerEvent: {}
[68.725730] (-) TimerEvent: {}
[68.825935] (-) TimerEvent: {}
[68.926142] (-) TimerEvent: {}
[69.026353] (-) TimerEvent: {}
[69.126562] (-) TimerEvent: {}
[69.226771] (-) TimerEvent: {}
[69.326980] (-) TimerEvent: {}
[69.427201] (-) TimerEvent: {}
[69.527422] (-) TimerEvent: {}
[69.627647] (-) TimerEvent: {}
[69.727862] (-) TimerEvent: {}
[69.828071] (-) TimerEvent: {}
[69.928282] (-) TimerEvent: {}
[70.028498] (-) TimerEvent: {}
[70.128711] (-) TimerEvent: {}
[70.228928] (-) TimerEvent: {}
[70.329162] (-) TimerEvent: {}
[70.429373] (-) TimerEvent: {}
[70.529582] (-) TimerEvent: {}
[70.629793] (-) TimerEvent: {}
[70.729998] (-) TimerEvent: {}
[70.830212] (-) TimerEvent: {}
[70.930426] (-) TimerEvent: {}
[71.030634] (-) TimerEvent: {}
[71.130846] (-) TimerEvent: {}
[71.231081] (-) TimerEvent: {}
[71.331290] (-) TimerEvent: {}
[71.431503] (-) TimerEvent: {}
[71.531714] (-) TimerEvent: {}
[71.631927] (-) TimerEvent: {}
[71.732133] (-) TimerEvent: {}
[71.832339] (-) TimerEvent: {}
[71.932546] (-) TimerEvent: {}
[72.032761] (-) TimerEvent: {}
[72.132972] (-) TimerEvent: {}
[72.233208] (-) TimerEvent: {}
[72.333417] (-) TimerEvent: {}
[72.433629] (-) TimerEvent: {}
[72.533844] (-) TimerEvent: {}
[72.634056] (-) TimerEvent: {}
[72.734265] (-) TimerEvent: {}
[72.834474] (-) TimerEvent: {}
[72.934684] (-) TimerEvent: {}
[73.034905] (-) TimerEvent: {}
[73.135114] (-) TimerEvent: {}
[73.235323] (-) TimerEvent: {}
[73.335553] (-) TimerEvent: {}
[73.435764] (-) TimerEvent: {}
[73.535978] (-) TimerEvent: {}
[73.636192] (-) TimerEvent: {}
[73.736400] (-) TimerEvent: {}
[73.836616] (-) TimerEvent: {}
[73.936831] (-) TimerEvent: {}
[74.037041] (-) TimerEvent: {}
[74.137252] (-) TimerEvent: {}
[74.237462] (-) TimerEvent: {}
[74.337681] (-) TimerEvent: {}
[74.437905] (-) TimerEvent: {}
[74.538124] (-) TimerEvent: {}
[74.638331] (-) TimerEvent: {}
[74.738543] (-) TimerEvent: {}
[74.838777] (-) TimerEvent: {}
[74.938987] (-) TimerEvent: {}
[75.039204] (-) TimerEvent: {}
[75.139413] (-) TimerEvent: {}
[75.239620] (-) TimerEvent: {}
[75.339833] (-) TimerEvent: {}
[75.440039] (-) TimerEvent: {}
[75.540247] (-) TimerEvent: {}
[75.640487] (-) TimerEvent: {}
[75.740718] (-) TimerEvent: {}
[75.840932] (-) TimerEvent: {}
[75.941138] (-) TimerEvent: {}
[76.041345] (-) TimerEvent: {}
[76.141554] (-) TimerEvent: {}
[76.241770] (-) TimerEvent: {}
[76.341979] (-) TimerEvent: {}
[76.442184] (-) TimerEvent: {}
[76.542394] (-) TimerEvent: {}
[76.642603] (-) TimerEvent: {}
[76.742809] (-) TimerEvent: {}
[76.843034] (-) TimerEvent: {}
[76.943248] (-) TimerEvent: {}
[77.043493] (-) TimerEvent: {}
[77.143704] (-) TimerEvent: {}
[77.243915] (-) TimerEvent: {}
[77.344117] (-) TimerEvent: {}
[77.444325] (-) TimerEvent: {}
[77.544539] (-) TimerEvent: {}
[77.644756] (-) TimerEvent: {}
[77.744966] (-) TimerEvent: {}
[77.845176] (-) TimerEvent: {}
[77.945384] (-) TimerEvent: {}
[78.045630] (-) TimerEvent: {}
[78.145848] (-) TimerEvent: {}
[78.246060] (-) TimerEvent: {}
[78.346287] (-) TimerEvent: {}
[78.446495] (-) TimerEvent: {}
[78.546703] (-) TimerEvent: {}
[78.646918] (-) TimerEvent: {}
[78.747126] (-) TimerEvent: {}
[78.847333] (-) TimerEvent: {}
[78.947570] (-) TimerEvent: {}
[79.047763] (-) TimerEvent: {}
[79.147969] (-) TimerEvent: {}
[79.248180] (-) TimerEvent: {}
[79.348421] (-) TimerEvent: {}
[79.448643] (-) TimerEvent: {}
[79.548862] (-) TimerEvent: {}
[79.649101] (-) TimerEvent: {}
[79.749311] (-) TimerEvent: {}
[79.849521] (-) TimerEvent: {}
[79.949737] (-) TimerEvent: {}
[80.049945] (-) TimerEvent: {}
[80.150152] (-) TimerEvent: {}
[80.250361] (-) TimerEvent: {}
[80.350568] (-) TimerEvent: {}
[80.450773] (-) TimerEvent: {}
[80.550991] (-) TimerEvent: {}
[80.651200] (-) TimerEvent: {}
[80.751436] (-) TimerEvent: {}
[80.851643] (-) TimerEvent: {}
[80.951856] (-) TimerEvent: {}
[81.052063] (-) TimerEvent: {}
[81.152268] (-) TimerEvent: {}
[81.252477] (-) TimerEvent: {}
[81.352688] (-) TimerEvent: {}
[81.452903] (-) TimerEvent: {}
[81.553111] (-) TimerEvent: {}
[81.653319] (-) TimerEvent: {}
[81.753530] (-) TimerEvent: {}
[81.853751] (-) TimerEvent: {}
[81.953955] (-) TimerEvent: {}
[82.054163] (-) TimerEvent: {}
[82.154389] (-) TimerEvent: {}
[82.254607] (-) TimerEvent: {}
[82.354822] (-) TimerEvent: {}
[82.455031] (-) TimerEvent: {}
[82.555242] (-) TimerEvent: {}
[82.655458] (-) TimerEvent: {}
[82.755677] (-) TimerEvent: {}
[82.855899] (-) TimerEvent: {}
[82.956109] (-) TimerEvent: {}
[83.056317] (-) TimerEvent: {}
[83.156525] (-) TimerEvent: {}
[83.256736] (-) TimerEvent: {}
[83.356957] (-) TimerEvent: {}
[83.457170] (-) TimerEvent: {}
[83.557376] (-) TimerEvent: {}
[83.657622] (-) TimerEvent: {}
[83.757835] (-) TimerEvent: {}
[83.858040] (-) TimerEvent: {}
[83.958261] (-) TimerEvent: {}
[84.058490] (-) TimerEvent: {}
[84.158698] (-) TimerEvent: {}
[84.258911] (-) TimerEvent: {}
[84.359118] (-) TimerEvent: {}
[84.459323] (-) TimerEvent: {}
[84.559534] (-) TimerEvent: {}
[84.659762] (-) TimerEvent: {}
[84.759972] (-) TimerEvent: {}
[84.860177] (-) TimerEvent: {}
[84.960384] (-) TimerEvent: {}
[85.060592] (-) TimerEvent: {}
[85.160804] (-) TimerEvent: {}
[85.261012] (-) TimerEvent: {}
[85.361218] (-) TimerEvent: {}
[85.461424] (-) TimerEvent: {}
[85.561651] (-) TimerEvent: {}
[85.661871] (-) TimerEvent: {}
[85.762087] (-) TimerEvent: {}
[85.862297] (-) TimerEvent: {}
[85.962505] (-) TimerEvent: {}
[86.062712] (-) TimerEvent: {}
[86.162923] (-) TimerEvent: {}
[86.263133] (-) TimerEvent: {}
[86.363345] (-) TimerEvent: {}
[86.463558] (-) TimerEvent: {}
[86.563787] (-) TimerEvent: {}
[86.664030] (-) TimerEvent: {}
[86.764241] (-) TimerEvent: {}
[86.864451] (-) TimerEvent: {}
[86.964667] (-) TimerEvent: {}
[87.064886] (-) TimerEvent: {}
[87.165097] (-) TimerEvent: {}
[87.265308] (-) TimerEvent: {}
[87.365522] (-) TimerEvent: {}
[87.465755] (-) TimerEvent: {}
[87.565970] (-) TimerEvent: {}
[87.666185] (-) TimerEvent: {}
[87.766398] (-) TimerEvent: {}
[87.866609] (-) TimerEvent: {}
[87.966824] (-) TimerEvent: {}
[88.067037] (-) TimerEvent: {}
[88.167248] (-) TimerEvent: {}
[88.267465] (-) TimerEvent: {}
[88.367699] (-) TimerEvent: {}
[88.467914] (-) TimerEvent: {}
[88.568123] (-) TimerEvent: {}
[88.668335] (-) TimerEvent: {}
[88.768567] (-) TimerEvent: {}
[88.868781] (-) TimerEvent: {}
[88.968993] (-) TimerEvent: {}
[89.069199] (-) TimerEvent: {}
[89.169435] (-) TimerEvent: {}
[89.269643] (-) TimerEvent: {}
[89.370152] (-) TimerEvent: {}
[89.470368] (-) TimerEvent: {}
[89.570575] (-) TimerEvent: {}
[89.670782] (-) TimerEvent: {}
[89.771007] (-) TimerEvent: {}
[89.871212] (-) TimerEvent: {}
[89.910445] (orb_slam3_ros2_wrapper) StderrLine: {'line': b"/usr/bin/ld: /usr/lib/gcc/x86_64-linux-gnu/11/../../../x86_64-linux-gnu/Scrt1.o: in function `_start':\n"}
[89.910582] (orb_slam3_ros2_wrapper) StderrLine: {'line': b"(.text+0x1b): undefined reference to `main'\n"}
[89.914471] (orb_slam3_ros2_wrapper) StderrLine: {'line': b'collect2: error: ld returned 1 exit status\n'}
[89.915878] (orb_slam3_ros2_wrapper) StderrLine: {'line': b'gmake[2]: *** [CMakeFiles/orb_slam3_multi_map_fusion.dir/build.make:468: orb_slam3_multi_map_fusion] Error 1\n'}
[89.916060] (orb_slam3_ros2_wrapper) StderrLine: {'line': b'gmake[1]: *** [CMakeFiles/Makefile2:185: CMakeFiles/orb_slam3_multi_map_fusion.dir/all] Error 2\n'}
[89.916240] (orb_slam3_ros2_wrapper) StderrLine: {'line': b'gmake: *** [Makefile:146: all] Error 2\n'}
[89.918217] (orb_slam3_ros2_wrapper) CommandEnded: {'returncode': 2}
[89.955669] (orb_slam3_ros2_wrapper) JobEnded: {'identifier': 'orb_slam3_ros2_wrapper', 'rc': 2}
[89.966097] (-) EventReactorShutdown: {}
