[0.011s] Invoking command in '/root/build/orb_slam3_ros2_wrapper': AMENT_PREFIX_PATH=/root/install/slam_msgs:${AMENT_PREFIX_PATH} CMAKE_PREFIX_PATH=/root/install/slam_msgs:/root/colcon_ws/install/orb_slam3_ros2_wrapper:/root/colcon_ws/install/orb_slam3_map_generator:/root/colcon_ws/install/slam_msgs:/root/colcon_ws/install/orb_slam3_navigator:/opt/ros/humble LD_LIBRARY_PATH=/root/install/slam_msgs/lib:${LD_LIBRARY_PATH} PYTHONPATH=/root/install/slam_msgs/local/lib/python3.10/dist-packages:${PYTHONPATH} /usr/bin/cmake /root/colcon_ws/src/orb_slam3_ros2_wrapper -DAMENT_CMAKE_SYMLINK_INSTALL=1 -DCMAKE_INSTALL_PREFIX=/root/install/orb_slam3_ros2_wrapper
[0.022s] [0mBuild type: Release[0m
[0.022s] -- Found ament_cmake_auto: 1.3.10 (/opt/ros/humble/share/ament_cmake_auto/cmake)
[0.147s] -- Override CMake install command with custom implementation using symlinks instead of copying resources
[0.158s] -- Found rclcpp: 16.0.10 (/opt/ros/humble/share/rclcpp/cmake)
[0.201s] -- Found rosidl_generator_c: 3.1.5 (/opt/ros/humble/share/rosidl_generator_c/cmake)
[0.206s] -- Found rosidl_adapter: 3.1.5 (/opt/ros/humble/share/rosidl_adapter/cmake)
[0.215s] -- Found rosidl_generator_cpp: 3.1.5 (/opt/ros/humble/share/rosidl_generator_cpp/cmake)
[0.231s] -- Using all available rosidl_typesupport_c: rosidl_typesupport_fastrtps_c;rosidl_typesupport_introspection_c
[0.252s] -- Using all available rosidl_typesupport_cpp: rosidl_typesupport_fastrtps_cpp;rosidl_typesupport_introspection_cpp
[0.306s] -- Found rmw_implementation_cmake: 6.1.2 (/opt/ros/humble/share/rmw_implementation_cmake/cmake)
[0.308s] -- Found rmw_fastrtps_cpp: 6.2.7 (/opt/ros/humble/share/rmw_fastrtps_cpp/cmake)
[0.436s] -- Using RMW implementation 'rmw_fastrtps_cpp' as default
[0.485s] -- Found sensor_msgs: 4.2.4 (/opt/ros/humble/share/sensor_msgs/cmake)
[0.513s] -- Found cv_bridge: 3.2.1 (/opt/ros/humble/share/cv_bridge/cmake)
[0.517s] -- Found message_filters: 4.3.5 (/opt/ros/humble/share/message_filters/cmake)
[0.524s] -- Found tf2_ros: 0.25.7 (/opt/ros/humble/share/tf2_ros/cmake)
[0.595s] -- Found tf2_eigen: 0.25.7 (/opt/ros/humble/share/tf2_eigen/cmake)
[0.597s] -- Found slam_msgs: 1.0.0 (/root/colcon_ws/install/slam_msgs/share/slam_msgs/cmake)
[0.613s] -- Found nav_msgs: 4.2.4 (/opt/ros/humble/share/nav_msgs/cmake)
[0.631s] -- Found tf2_geometry_msgs: 0.25.7 (/opt/ros/humble/share/tf2_geometry_msgs/cmake)
[0.635s] -- Found eigen3_cmake_module: 0.1.1 (/opt/ros/humble/share/eigen3_cmake_module/cmake)
[0.636s] -- Found Eigen3: TRUE (found version "3.4.0") 
[0.636s] -- Ensuring Eigen3 include directory is part of orocos-kdl CMake target
[0.677s] -- FLANN found (include: /usr/include, lib: /usr/lib/x86_64-linux-gnu/libflann_cpp.so)
[0.829s] -- Found Eigen3: /usr/include/eigen3 (found version "3.4.0") 
[0.921s] -- OpenNI found (version: 1.5.4.0, include: /usr/include/ni, lib: /usr/lib/libOpenNI.so;libusb::libusb)
[0.927s] -- OpenNI2 found (version: 2.2.0.33, include: /usr/include/openni2, lib: /usr/lib/x86_64-linux-gnu/libOpenNI2.so;libusb::libusb)
[0.927s] [0m** WARNING ** io features related to pcap will be disabled[0m
[1.063s] -- OpenNI found (version: 1.5.4.0, include: /usr/include/ni, lib: /usr/lib/libOpenNI.so;libusb::libusb)
[1.068s] -- OpenNI2 found (version: 2.2.0.33, include: /usr/include/openni2, lib: /usr/lib/x86_64-linux-gnu/libOpenNI2.so;libusb::libusb)
[1.192s] -- Found Qhull version 8.0.2
[1.321s] -- OpenNI found (version: 1.5.4.0, include: /usr/include/ni, lib: /usr/lib/libOpenNI.so;libusb::libusb)
[1.445s] -- looking for PCL_COMMON
[1.445s] -- looking for PCL_KDTREE
[1.445s] -- looking for PCL_OCTREE
[1.446s] -- looking for PCL_SEARCH
[1.446s] -- looking for PCL_SAMPLE_CONSENSUS
[1.446s] -- looking for PCL_FILTERS
[1.447s] -- looking for PCL_2D
[1.447s] -- looking for PCL_GEOMETRY
[1.447s] -- looking for PCL_IO
[1.448s] -- looking for PCL_FEATURES
[1.448s] -- looking for PCL_ML
[1.448s] -- looking for PCL_SEGMENTATION
[1.449s] -- looking for PCL_VISUALIZATION
[1.449s] -- looking for PCL_SURFACE
[1.450s] -- looking for PCL_REGISTRATION
[1.450s] -- looking for PCL_KEYPOINTS
[1.451s] -- looking for PCL_TRACKING
[1.451s] -- looking for PCL_RECOGNITION
[1.452s] -- looking for PCL_STEREO
[1.452s] -- looking for PCL_APPS
[1.453s] -- looking for PCL_IN_HAND_SCANNER
[1.453s] -- looking for PCL_MODELER
[1.453s] -- looking for PCL_POINT_CLOUD_EDITOR
[1.453s] -- looking for PCL_OUTOFCORE
[1.454s] -- looking for PCL_PEOPLE
[1.455s] -- Found pcl_ros: 2.4.5 (/opt/ros/humble/share/pcl_ros/cmake)
[1.525s] [33mCMake Warning at CMakeLists.txt:110 (find_package):
[1.526s]   By not providing "Findgtest.cmake" in CMAKE_MODULE_PATH this project has
[1.526s]   asked CMake to find a package configuration file provided by "gtest", but
[1.526s]   CMake did not find one.
[1.526s] 
[1.526s]   Could not find a package configuration file provided by "gtest" with any of
[1.526s]   the following names:
[1.526s] 
[1.526s]     gtestConfig.cmake
[1.526s]     gtest-config.cmake
[1.526s] 
[1.526s]   Add the installation prefix of "gtest" to CMAKE_PREFIX_PATH or set
[1.526s]   "gtest_DIR" to a directory containing one of the above files.  If "gtest"
[1.526s]   provides a separate development package or SDK, be sure it has been
[1.526s]   installed.
[1.526s] 
[1.526s] [0m
[1.527s] -- Found ament_cmake_gtest: 1.3.10 (/opt/ros/humble/share/ament_cmake_gtest/cmake)
[1.527s] -- Found gtest sources under '/opt/ros/humble/src/gtest_vendor': C++ tests using 'Google Test' will be built
[1.605s] -- Configuring done
[1.758s] -- Generating done
[1.760s] -- Build files have been written to: /root/build/orb_slam3_ros2_wrapper
[1.777s] Invoked command in '/root/build/orb_slam3_ros2_wrapper' returned '0': AMENT_PREFIX_PATH=/root/install/slam_msgs:${AMENT_PREFIX_PATH} CMAKE_PREFIX_PATH=/root/install/slam_msgs:/root/colcon_ws/install/orb_slam3_ros2_wrapper:/root/colcon_ws/install/orb_slam3_map_generator:/root/colcon_ws/install/slam_msgs:/root/colcon_ws/install/orb_slam3_navigator:/opt/ros/humble LD_LIBRARY_PATH=/root/install/slam_msgs/lib:${LD_LIBRARY_PATH} PYTHONPATH=/root/install/slam_msgs/local/lib/python3.10/dist-packages:${PYTHONPATH} /usr/bin/cmake /root/colcon_ws/src/orb_slam3_ros2_wrapper -DAMENT_CMAKE_SYMLINK_INSTALL=1 -DCMAKE_INSTALL_PREFIX=/root/install/orb_slam3_ros2_wrapper
[1.779s] Invoking command in '/root/build/orb_slam3_ros2_wrapper': AMENT_PREFIX_PATH=/root/install/slam_msgs:${AMENT_PREFIX_PATH} CMAKE_PREFIX_PATH=/root/install/slam_msgs:/root/colcon_ws/install/orb_slam3_ros2_wrapper:/root/colcon_ws/install/orb_slam3_map_generator:/root/colcon_ws/install/slam_msgs:/root/colcon_ws/install/orb_slam3_navigator:/opt/ros/humble LD_LIBRARY_PATH=/root/install/slam_msgs/lib:${LD_LIBRARY_PATH} PYTHONPATH=/root/install/slam_msgs/local/lib/python3.10/dist-packages:${PYTHONPATH} /usr/bin/cmake --build /root/build/orb_slam3_ros2_wrapper -- -j12 -l12
[1.834s] [  6%] [32mBuilding CXX object gtest/CMakeFiles/gtest.dir/src/gtest-all.cc.o[0m
[1.834s] [ 13%] [32mBuilding CXX object CMakeFiles/rgbd.dir/src/orb_slam3_interface.cpp.o[0m
[1.835s] [ 20%] [32mBuilding CXX object CMakeFiles/rgbd.dir/src/rgbd/rgbd.cpp.o[0m
[1.838s] [ 26%] [32mBuilding CXX object CMakeFiles/rgbd.dir/src/rgbd/rgbd-slam-node.cpp.o[0m
[1.839s] [ 33%] [32mBuilding CXX object CMakeFiles/rgbd.dir/src/type_conversion.cpp.o[0m
[1.843s] [ 40%] [32mBuilding CXX object gtest/CMakeFiles/gtest_main.dir/src/gtest_main.cc.o[0m
[1.845s] [ 53%] [32mBuilding CXX object CMakeFiles/orb_slam3_multi_map_fusion.dir/src/multi_map_fusion/multi_map_fusion.cpp.o[0m
[1.846s] [ 53%] [32mBuilding CXX object CMakeFiles/orb_slam3_multi_map_fusion.dir/src/multi_map_fusion/orb_slam3_multi_map_fusion.cpp.o[0m
[1.872s] [ 60%] [32m[1mLinking CXX executable orb_slam3_multi_map_fusion[0m
[3.363s] [ 66%] [32m[1mLinking CXX static library libgtest_main.a[0m
[3.407s] [ 66%] Built target gtest_main
[9.337s] In file included from [01m[K/home/orb/ORB_SLAM3/include/Frame.h:30[m[K,
[9.338s]                  from [01m[K/home/orb/ORB_SLAM3/include/KeyFrame.h:28[m[K,
[9.339s]                  from [01m[K/home/orb/ORB_SLAM3/include/MapPoint.h:23[m[K,
[9.340s]                  from [01m[K/root/colcon_ws/src/orb_slam3_ros2_wrapper/include/orb_slam3_ros2_wrapper/type_conversion.hpp:26[m[K,
[9.341s]                  from [01m[K/root/colcon_ws/src/orb_slam3_ros2_wrapper/src/rgbd/rgbd-slam-node.hpp:37[m[K,
[9.341s]                  from [01m[K/root/colcon_ws/src/orb_slam3_ros2_wrapper/src/rgbd/rgbd.cpp:7[m[K:
[9.342s] [01m[K/home/orb/ORB_SLAM3/include/ImuTypes.h:[m[K In member function ‘[01m[Kvoid ORB_SLAM3::IMU::Preintegrated::printMeasurements() const[m[K’:
[9.343s] [01m[K/home/orb/ORB_SLAM3/include/ImuTypes.h:204:23:[m[K [01;35m[Kwarning: [m[Kcomparison of integer expressions of different signedness: ‘[01m[Kint[m[K’ and ‘[01m[Kstd::vector<ORB_SLAM3::IMU::Preintegrated::integrable>::size_type[m[K’ {aka ‘[01m[Klong unsigned int[m[K’} [[01;35m[K-Wsign-compare[m[K]
[9.344s]   204 |         for(int i=0; [01;35m[Ki<mvMeasurements.size()[m[K; i++){
[9.344s]       |                      [01;35m[K~^~~~~~~~~~~~~~~~~~~~~~[m[K
[9.419s] In file included from [01m[K/home/orb/ORB_SLAM3/Thirdparty/g2o/g2o/types/types_six_dof_expmap.h:37[m[K,
[9.420s]                  from [01m[K/home/orb/ORB_SLAM3/include/Converter.h:26[m[K,
[9.420s]                  from [01m[K/home/orb/ORB_SLAM3/include/Frame.h:33[m[K,
[9.420s]                  from [01m[K/home/orb/ORB_SLAM3/include/KeyFrame.h:28[m[K,
[9.423s]                  from [01m[K/home/orb/ORB_SLAM3/include/MapPoint.h:23[m[K,
[9.424s]                  from [01m[K/root/colcon_ws/src/orb_slam3_ros2_wrapper/include/orb_slam3_ros2_wrapper/type_conversion.hpp:26[m[K,
[9.425s]                  from [01m[K/root/colcon_ws/src/orb_slam3_ros2_wrapper/src/rgbd/rgbd-slam-node.hpp:37[m[K,
[9.426s]                  from [01m[K/root/colcon_ws/src/orb_slam3_ros2_wrapper/src/rgbd/rgbd.cpp:7[m[K:
[9.427s] [01m[K/home/orb/ORB_SLAM3/Thirdparty/g2o/g2o/types/../core/base_vertex.h:[m[K At global scope:
[9.427s] [01m[K/home/orb/ORB_SLAM3/Thirdparty/g2o/g2o/types/../core/base_vertex.h:62:74:[m[K [01;35m[Kwarning: [m[K‘[01m[KEigen::AlignedBit[m[K’ is deprecated [[01;35m[K-Wdeprecated-declarations[m[K]
[9.428s]    62 |     typedef Eigen::Map<Matrix<double, D, D>, Matrix<double,D,D>::Flags & [01;35m[KAlignedBit[m[K ? Aligned : Unaligned >  HessianBlockType;
[9.428s]       |                                                                          [01;35m[K^~~~~~~~~~[m[K
[9.428s] In file included from [01m[K/usr/include/eigen3/Eigen/Core:161[m[K,
[9.428s]                  from [01m[K/root/colcon_ws/src/orb_slam3_ros2_wrapper/include/orb_slam3_ros2_wrapper/type_conversion.hpp:10[m[K,
[9.429s]                  from [01m[K/root/colcon_ws/src/orb_slam3_ros2_wrapper/src/rgbd/rgbd-slam-node.hpp:37[m[K,
[9.429s]                  from [01m[K/root/colcon_ws/src/orb_slam3_ros2_wrapper/src/rgbd/rgbd.cpp:7[m[K:
[9.429s] [01m[K/usr/include/eigen3/Eigen/src/Core/util/Constants.h:167:37:[m[K [01;36m[Knote: [m[Kdeclared here
[9.429s]   167 | EIGEN_DEPRECATED const unsigned int [01;36m[KAlignedBit[m[K = 0x80;
[9.429s]       |                                     [01;36m[K^~~~~~~~~~[m[K
[9.429s] In file included from [01m[K/home/orb/ORB_SLAM3/Thirdparty/g2o/g2o/types/types_six_dof_expmap.h:38[m[K,
[9.429s]                  from [01m[K/home/orb/ORB_SLAM3/include/Converter.h:26[m[K,
[9.429s]                  from [01m[K/home/orb/ORB_SLAM3/include/Frame.h:33[m[K,
[9.430s]                  from [01m[K/home/orb/ORB_SLAM3/include/KeyFrame.h:28[m[K,
[9.430s]                  from [01m[K/home/orb/ORB_SLAM3/include/MapPoint.h:23[m[K,
[9.430s]                  from [01m[K/root/colcon_ws/src/orb_slam3_ros2_wrapper/include/orb_slam3_ros2_wrapper/type_conversion.hpp:26[m[K,
[9.430s]                  from [01m[K/root/colcon_ws/src/orb_slam3_ros2_wrapper/src/rgbd/rgbd-slam-node.hpp:37[m[K,
[9.430s]                  from [01m[K/root/colcon_ws/src/orb_slam3_ros2_wrapper/src/rgbd/rgbd.cpp:7[m[K:
[9.430s] [01m[K/home/orb/ORB_SLAM3/Thirdparty/g2o/g2o/types/../core/base_binary_edge.h:59:82:[m[K [01;35m[Kwarning: [m[K‘[01m[KEigen::AlignedBit[m[K’ is deprecated [[01;35m[K-Wdeprecated-declarations[m[K]
[9.430s]    59 |       typedef Eigen::Map<Matrix<double, Di, Dj>, Matrix<double, Di, Dj>::Flags & [01;35m[KAlignedBit[m[K ? Aligned : Unaligned > HessianBlockType;
[9.430s]       |                                                                                  [01;35m[K^~~~~~~~~~[m[K
[9.430s] In file included from [01m[K/usr/include/eigen3/Eigen/Core:161[m[K,
[9.431s]                  from [01m[K/root/colcon_ws/src/orb_slam3_ros2_wrapper/include/orb_slam3_ros2_wrapper/type_conversion.hpp:10[m[K,
[9.431s]                  from [01m[K/root/colcon_ws/src/orb_slam3_ros2_wrapper/src/rgbd/rgbd-slam-node.hpp:37[m[K,
[9.431s]                  from [01m[K/root/colcon_ws/src/orb_slam3_ros2_wrapper/src/rgbd/rgbd.cpp:7[m[K:
[9.431s] [01m[K/usr/include/eigen3/Eigen/src/Core/util/Constants.h:167:37:[m[K [01;36m[Knote: [m[Kdeclared here
[9.431s]   167 | EIGEN_DEPRECATED const unsigned int [01;36m[KAlignedBit[m[K = 0x80;
[9.431s]       |                                     [01;36m[K^~~~~~~~~~[m[K
[9.431s] In file included from [01m[K/home/orb/ORB_SLAM3/Thirdparty/g2o/g2o/types/types_six_dof_expmap.h:38[m[K,
[9.431s]                  from [01m[K/home/orb/ORB_SLAM3/include/Converter.h:26[m[K,
[9.431s]                  from [01m[K/home/orb/ORB_SLAM3/include/Frame.h:33[m[K,
[9.452s]                  from [01m[K/home/orb/ORB_SLAM3/include/KeyFrame.h:28[m[K,
[9.453s]                  from [01m[K/home/orb/ORB_SLAM3/include/MapPoint.h:23[m[K,
[9.454s]                  from [01m[K/root/colcon_ws/src/orb_slam3_ros2_wrapper/include/orb_slam3_ros2_wrapper/type_conversion.hpp:26[m[K,
[9.455s]                  from [01m[K/root/colcon_ws/src/orb_slam3_ros2_wrapper/src/rgbd/rgbd-slam-node.hpp:37[m[K,
[9.456s]                  from [01m[K/root/colcon_ws/src/orb_slam3_ros2_wrapper/src/rgbd/rgbd.cpp:7[m[K:
[9.457s] [01m[K/home/orb/ORB_SLAM3/Thirdparty/g2o/g2o/types/../core/base_binary_edge.h:60:82:[m[K [01;35m[Kwarning: [m[K‘[01m[KEigen::AlignedBit[m[K’ is deprecated [[01;35m[K-Wdeprecated-declarations[m[K]
[9.458s]    60 |       typedef Eigen::Map<Matrix<double, Dj, Di>, Matrix<double, Dj, Di>::Flags & [01;35m[KAlignedBit[m[K ? Aligned : Unaligned > HessianBlockTransposedType;
[9.459s]       |                                                                                  [01;35m[K^~~~~~~~~~[m[K
[9.460s] In file included from [01m[K/usr/include/eigen3/Eigen/Core:161[m[K,
[9.460s]                  from [01m[K/root/colcon_ws/src/orb_slam3_ros2_wrapper/include/orb_slam3_ros2_wrapper/type_conversion.hpp:10[m[K,
[9.461s]                  from [01m[K/root/colcon_ws/src/orb_slam3_ros2_wrapper/src/rgbd/rgbd-slam-node.hpp:37[m[K,
[9.462s]                  from [01m[K/root/colcon_ws/src/orb_slam3_ros2_wrapper/src/rgbd/rgbd.cpp:7[m[K:
[9.462s] [01m[K/usr/include/eigen3/Eigen/src/Core/util/Constants.h:167:37:[m[K [01;36m[Knote: [m[Kdeclared here
[9.462s]   167 | EIGEN_DEPRECATED const unsigned int [01;36m[KAlignedBit[m[K = 0x80;
[9.462s]       |                                     [01;36m[K^~~~~~~~~~[m[K
[9.487s] In file included from [01m[K/home/orb/ORB_SLAM3/Thirdparty/g2o/g2o/types/types_six_dof_expmap.h:41[m[K,
[9.487s]                  from [01m[K/home/orb/ORB_SLAM3/include/Converter.h:26[m[K,
[9.488s]                  from [01m[K/home/orb/ORB_SLAM3/include/Frame.h:33[m[K,
[9.488s]                  from [01m[K/home/orb/ORB_SLAM3/include/KeyFrame.h:28[m[K,
[9.488s]                  from [01m[K/home/orb/ORB_SLAM3/include/MapPoint.h:23[m[K,
[9.488s]                  from [01m[K/root/colcon_ws/src/orb_slam3_ros2_wrapper/include/orb_slam3_ros2_wrapper/type_conversion.hpp:26[m[K,
[9.488s]                  from [01m[K/root/colcon_ws/src/orb_slam3_ros2_wrapper/src/rgbd/rgbd-slam-node.hpp:37[m[K,
[9.488s]                  from [01m[K/root/colcon_ws/src/orb_slam3_ros2_wrapper/src/rgbd/rgbd.cpp:7[m[K:
[9.488s] [01m[K/home/orb/ORB_SLAM3/Thirdparty/g2o/g2o/types/se3quat.h:43:38:[m[K [01;35m[Kwarning: [m[Kextra ‘[01m[K;[m[K’ [[01;35m[K-Wpedantic[m[K]
[9.488s]    43 |       EIGEN_MAKE_ALIGNED_OPERATOR_NEW[01;35m[K;[m[K
[9.488s]       |                                      [01;35m[K^[m[K
[9.489s]       |                                      [31m[K-[m[K
[9.822s] In file included from [01m[K/home/orb/ORB_SLAM3/Thirdparty/g2o/g2o/types/types_six_dof_expmap.h:37[m[K,
[9.823s]                  from [01m[K/home/orb/ORB_SLAM3/include/Converter.h:26[m[K,
[9.823s]                  from [01m[K/home/orb/ORB_SLAM3/include/Frame.h:33[m[K,
[9.823s]                  from [01m[K/home/orb/ORB_SLAM3/include/KeyFrame.h:28[m[K,
[9.827s]                  from [01m[K/home/orb/ORB_SLAM3/include/MapPoint.h:23[m[K,
[9.828s]                  from [01m[K/root/colcon_ws/src/orb_slam3_ros2_wrapper/include/orb_slam3_ros2_wrapper/type_conversion.hpp:26[m[K,
[9.829s]                  from [01m[K/root/colcon_ws/src/orb_slam3_ros2_wrapper/src/rgbd/rgbd-slam-node.hpp:37[m[K,
[9.830s]                  from [01m[K/root/colcon_ws/src/orb_slam3_ros2_wrapper/src/rgbd/rgbd.cpp:7[m[K:
[9.831s] /home/orb/ORB_SLAM3/Thirdparty/g2o/g2o/types/../core/base_vertex.h: In instantiation of ‘[01m[Kclass g2o::BaseVertex<3, Eigen::Matrix<double, 3, 1> >[m[K’:
[9.831s] [01m[K/home/orb/ORB_SLAM3/Thirdparty/g2o/g2o/types/types_sba.h:40:35:[m[K   required from here
[9.831s] [01m[K/home/orb/ORB_SLAM3/Thirdparty/g2o/g2o/types/../core/base_vertex.h:62:72:[m[K [01;35m[Kwarning: [m[K‘[01m[KEigen::AlignedBit[m[K’ is deprecated [[01;35m[K-Wdeprecated-declarations[m[K]
[9.831s]    62 |     typedef Eigen::Map<Matrix<double, D, D>, Matrix<double,D,D>::[01;35m[KFlags & AlignedBit[m[K ? Aligned : Unaligned >  HessianBlockType;
[9.831s]       |                                                                  [01;35m[K~~~~~~^~~~~~~~~~~~[m[K
[9.832s] In file included from [01m[K/usr/include/eigen3/Eigen/Core:161[m[K,
[9.832s]                  from [01m[K/root/colcon_ws/src/orb_slam3_ros2_wrapper/include/orb_slam3_ros2_wrapper/type_conversion.hpp:10[m[K,
[9.832s]                  from [01m[K/root/colcon_ws/src/orb_slam3_ros2_wrapper/src/rgbd/rgbd-slam-node.hpp:37[m[K,
[9.832s]                  from [01m[K/root/colcon_ws/src/orb_slam3_ros2_wrapper/src/rgbd/rgbd.cpp:7[m[K:
[9.832s] [01m[K/usr/include/eigen3/Eigen/src/Core/util/Constants.h:167:37:[m[K [01;36m[Knote: [m[Kdeclared here
[9.832s]   167 | EIGEN_DEPRECATED const unsigned int [01;36m[KAlignedBit[m[K = 0x80;
[9.832s]       |                                     [01;36m[K^~~~~~~~~~[m[K
[9.857s] In file included from [01m[K/home/orb/ORB_SLAM3/Thirdparty/g2o/g2o/types/types_six_dof_expmap.h:37[m[K,
[9.857s]                  from [01m[K/home/orb/ORB_SLAM3/include/Converter.h:26[m[K,
[9.857s]                  from [01m[K/home/orb/ORB_SLAM3/include/Frame.h:33[m[K,
[9.857s]                  from [01m[K/home/orb/ORB_SLAM3/include/KeyFrame.h:28[m[K,
[9.857s]                  from [01m[K/home/orb/ORB_SLAM3/include/MapPoint.h:23[m[K,
[9.857s]                  from [01m[K/root/colcon_ws/src/orb_slam3_ros2_wrapper/include/orb_slam3_ros2_wrapper/type_conversion.hpp:26[m[K,
[9.857s]                  from [01m[K/root/colcon_ws/src/orb_slam3_ros2_wrapper/src/rgbd/rgbd-slam-node.hpp:37[m[K,
[9.857s]                  from [01m[K/root/colcon_ws/src/orb_slam3_ros2_wrapper/src/rgbd/rgbd.cpp:7[m[K:
[9.857s] /home/orb/ORB_SLAM3/Thirdparty/g2o/g2o/types/../core/base_vertex.h: In instantiation of ‘[01m[Kclass g2o::BaseVertex<6, g2o::SE3Quat>[m[K’:
[9.858s] [01m[K/home/orb/ORB_SLAM3/Thirdparty/g2o/g2o/types/types_six_dof_expmap.h:59:33:[m[K   required from here
[9.858s] [01m[K/home/orb/ORB_SLAM3/Thirdparty/g2o/g2o/types/../core/base_vertex.h:62:72:[m[K [01;35m[Kwarning: [m[K‘[01m[KEigen::AlignedBit[m[K’ is deprecated [[01;35m[K-Wdeprecated-declarations[m[K]
[9.858s]    62 |     typedef Eigen::Map<Matrix<double, D, D>, Matrix<double,D,D>::[01;35m[KFlags & AlignedBit[m[K ? Aligned : Unaligned >  HessianBlockType;
[9.858s]       |                                                                  [01;35m[K~~~~~~^~~~~~~~~~~~[m[K
[9.858s] In file included from [01m[K/usr/include/eigen3/Eigen/Core:161[m[K,
[9.858s]                  from [01m[K/root/colcon_ws/src/orb_slam3_ros2_wrapper/include/orb_slam3_ros2_wrapper/type_conversion.hpp:10[m[K,
[9.858s]                  from [01m[K/root/colcon_ws/src/orb_slam3_ros2_wrapper/src/rgbd/rgbd-slam-node.hpp:37[m[K,
[9.858s]                  from [01m[K/root/colcon_ws/src/orb_slam3_ros2_wrapper/src/rgbd/rgbd.cpp:7[m[K:
[9.858s] [01m[K/usr/include/eigen3/Eigen/src/Core/util/Constants.h:167:37:[m[K [01;36m[Knote: [m[Kdeclared here
[9.858s]   167 | EIGEN_DEPRECATED const unsigned int [01;36m[KAlignedBit[m[K = 0x80;
[9.859s]       |                                     [01;36m[K^~~~~~~~~~[m[K
[9.890s] In file included from [01m[K/home/orb/ORB_SLAM3/Thirdparty/g2o/g2o/types/types_six_dof_expmap.h:38[m[K,
[9.890s]                  from [01m[K/home/orb/ORB_SLAM3/include/Converter.h:26[m[K,
[9.890s]                  from [01m[K/home/orb/ORB_SLAM3/include/Frame.h:33[m[K,
[9.890s]                  from [01m[K/home/orb/ORB_SLAM3/include/KeyFrame.h:28[m[K,
[9.890s]                  from [01m[K/home/orb/ORB_SLAM3/include/MapPoint.h:23[m[K,
[9.891s]                  from [01m[K/root/colcon_ws/src/orb_slam3_ros2_wrapper/include/orb_slam3_ros2_wrapper/type_conversion.hpp:26[m[K,
[9.891s]                  from [01m[K/root/colcon_ws/src/orb_slam3_ros2_wrapper/src/rgbd/rgbd-slam-node.hpp:37[m[K,
[9.891s]                  from [01m[K/root/colcon_ws/src/orb_slam3_ros2_wrapper/src/rgbd/rgbd.cpp:7[m[K:
[9.891s] /home/orb/ORB_SLAM3/Thirdparty/g2o/g2o/types/../core/base_binary_edge.h: In instantiation of ‘[01m[Kclass g2o::BaseBinaryEdge<6, g2o::SE3Quat, g2o::VertexSE3Expmap, g2o::VertexSE3Expmap>[m[K’:
[9.891s] [01m[K/home/orb/ORB_SLAM3/Thirdparty/g2o/g2o/types/types_six_dof_expmap.h:83:24:[m[K   required from here
[9.891s] [01m[K/home/orb/ORB_SLAM3/Thirdparty/g2o/g2o/types/../core/base_binary_edge.h:59:80:[m[K [01;35m[Kwarning: [m[K‘[01m[KEigen::AlignedBit[m[K’ is deprecated [[01;35m[K-Wdeprecated-declarations[m[K]
[9.891s]    59 |       typedef Eigen::Map<Matrix<double, Di, Dj>, Matrix<double, Di, Dj>::[01;35m[KFlags & AlignedBit[m[K ? Aligned : Unaligned > HessianBlockType;
[9.891s]       |                                                                          [01;35m[K~~~~~~^~~~~~~~~~~~[m[K
[9.891s] In file included from [01m[K/usr/include/eigen3/Eigen/Core:161[m[K,
[9.891s]                  from [01m[K/root/colcon_ws/src/orb_slam3_ros2_wrapper/include/orb_slam3_ros2_wrapper/type_conversion.hpp:10[m[K,
[9.892s]                  from [01m[K/root/colcon_ws/src/orb_slam3_ros2_wrapper/src/rgbd/rgbd-slam-node.hpp:37[m[K,
[9.892s]                  from [01m[K/root/colcon_ws/src/orb_slam3_ros2_wrapper/src/rgbd/rgbd.cpp:7[m[K:
[9.892s] [01m[K/usr/include/eigen3/Eigen/src/Core/util/Constants.h:167:37:[m[K [01;36m[Knote: [m[Kdeclared here
[9.892s]   167 | EIGEN_DEPRECATED const unsigned int [01;36m[KAlignedBit[m[K = 0x80;
[9.892s]       |                                     [01;36m[K^~~~~~~~~~[m[K
[9.892s] In file included from [01m[K/home/orb/ORB_SLAM3/Thirdparty/g2o/g2o/types/types_six_dof_expmap.h:38[m[K,
[9.892s]                  from [01m[K/home/orb/ORB_SLAM3/include/Converter.h:26[m[K,
[9.892s]                  from [01m[K/home/orb/ORB_SLAM3/include/Frame.h:33[m[K,
[9.892s]                  from [01m[K/home/orb/ORB_SLAM3/include/KeyFrame.h:28[m[K,
[9.892s]                  from [01m[K/home/orb/ORB_SLAM3/include/MapPoint.h:23[m[K,
[9.909s]                  from [01m[K/root/colcon_ws/src/orb_slam3_ros2_wrapper/include/orb_slam3_ros2_wrapper/type_conversion.hpp:26[m[K,
[9.910s]                  from [01m[K/root/colcon_ws/src/orb_slam3_ros2_wrapper/src/rgbd/rgbd-slam-node.hpp:37[m[K,
[9.911s]                  from [01m[K/root/colcon_ws/src/orb_slam3_ros2_wrapper/src/rgbd/rgbd.cpp:7[m[K:
[9.912s] [01m[K/home/orb/ORB_SLAM3/Thirdparty/g2o/g2o/types/../core/base_binary_edge.h:60:80:[m[K [01;35m[Kwarning: [m[K‘[01m[KEigen::AlignedBit[m[K’ is deprecated [[01;35m[K-Wdeprecated-declarations[m[K]
[9.913s]    60 |       typedef Eigen::Map<Matrix<double, Dj, Di>, Matrix<double, Dj, Di>::[01;35m[KFlags & AlignedBit[m[K ? Aligned : Unaligned > HessianBlockTransposedType;
[9.914s]       |                                                                          [01;35m[K~~~~~~^~~~~~~~~~~~[m[K
[9.915s] In file included from [01m[K/usr/include/eigen3/Eigen/Core:161[m[K,
[9.916s]                  from [01m[K/root/colcon_ws/src/orb_slam3_ros2_wrapper/include/orb_slam3_ros2_wrapper/type_conversion.hpp:10[m[K,
[9.917s]                  from [01m[K/root/colcon_ws/src/orb_slam3_ros2_wrapper/src/rgbd/rgbd-slam-node.hpp:37[m[K,
[9.918s]                  from [01m[K/root/colcon_ws/src/orb_slam3_ros2_wrapper/src/rgbd/rgbd.cpp:7[m[K:
[9.919s] [01m[K/usr/include/eigen3/Eigen/src/Core/util/Constants.h:167:37:[m[K [01;36m[Knote: [m[Kdeclared here
[9.920s]   167 | EIGEN_DEPRECATED const unsigned int [01;36m[KAlignedBit[m[K = 0x80;
[9.921s]       |                                     [01;36m[K^~~~~~~~~~[m[K
[9.930s] In file included from [01m[K/home/orb/ORB_SLAM3/include/Frame.h:30[m[K,
[9.931s]                  from [01m[K/home/orb/ORB_SLAM3/include/KeyFrame.h:28[m[K,
[9.932s]                  from [01m[K/home/orb/ORB_SLAM3/include/MapPoint.h:23[m[K,
[9.932s]                  from [01m[K/root/colcon_ws/src/orb_slam3_ros2_wrapper/include/orb_slam3_ros2_wrapper/type_conversion.hpp:26[m[K,
[9.932s]                  from [01m[K/root/colcon_ws/src/orb_slam3_ros2_wrapper/src/rgbd/rgbd-slam-node.hpp:37[m[K,
[9.933s]                  from [01m[K/root/colcon_ws/src/orb_slam3_ros2_wrapper/src/rgbd/rgbd-slam-node.cpp:6[m[K:
[9.933s] [01m[K/home/orb/ORB_SLAM3/include/ImuTypes.h:[m[K In member function ‘[01m[Kvoid ORB_SLAM3::IMU::Preintegrated::printMeasurements() const[m[K’:
[9.933s] [01m[K/home/orb/ORB_SLAM3/include/ImuTypes.h:204:23:[m[K [01;35m[Kwarning: [m[Kcomparison of integer expressions of different signedness: ‘[01m[Kint[m[K’ and ‘[01m[Kstd::vector<ORB_SLAM3::IMU::Preintegrated::integrable>::size_type[m[K’ {aka ‘[01m[Klong unsigned int[m[K’} [[01;35m[K-Wsign-compare[m[K]
[9.933s]   204 |         for(int i=0; [01;35m[Ki<mvMeasurements.size()[m[K; i++){
[9.933s]       |                      [01;35m[K~^~~~~~~~~~~~~~~~~~~~~~[m[K
[9.974s] In file included from [01m[K/home/orb/ORB_SLAM3/Thirdparty/g2o/g2o/types/types_six_dof_expmap.h:38[m[K,
[9.974s]                  from [01m[K/home/orb/ORB_SLAM3/include/Converter.h:26[m[K,
[9.975s]                  from [01m[K/home/orb/ORB_SLAM3/include/Frame.h:33[m[K,
[9.975s]                  from [01m[K/home/orb/ORB_SLAM3/include/KeyFrame.h:28[m[K,
[9.975s]                  from [01m[K/home/orb/ORB_SLAM3/include/MapPoint.h:23[m[K,
[9.975s]                  from [01m[K/root/colcon_ws/src/orb_slam3_ros2_wrapper/include/orb_slam3_ros2_wrapper/type_conversion.hpp:26[m[K,
[9.975s]                  from [01m[K/root/colcon_ws/src/orb_slam3_ros2_wrapper/src/rgbd/rgbd-slam-node.hpp:37[m[K,
[9.975s]                  from [01m[K/root/colcon_ws/src/orb_slam3_ros2_wrapper/src/rgbd/rgbd.cpp:7[m[K:
[9.975s] /home/orb/ORB_SLAM3/Thirdparty/g2o/g2o/types/../core/base_binary_edge.h: In instantiation of ‘[01m[Kclass g2o::BaseBinaryEdge<2, Eigen::Matrix<double, 2, 1>, g2o::VertexSBAPointXYZ, g2o::VertexSE3Expmap>[m[K’:
[9.975s] [01m[K/home/orb/ORB_SLAM3/Thirdparty/g2o/g2o/types/types_six_dof_expmap.h:114:35:[m[K   required from here
[9.975s] [01m[K/home/orb/ORB_SLAM3/Thirdparty/g2o/g2o/types/../core/base_binary_edge.h:59:80:[m[K [01;35m[Kwarning: [m[K‘[01m[KEigen::AlignedBit[m[K’ is deprecated [[01;35m[K-Wdeprecated-declarations[m[K]
[9.976s]    59 |       typedef Eigen::Map<Matrix<double, Di, Dj>, Matrix<double, Di, Dj>::[01;35m[KFlags & AlignedBit[m[K ? Aligned : Unaligned > HessianBlockType;
[9.976s]       |                                                                          [01;35m[K~~~~~~^~~~~~~~~~~~[m[K
[9.976s] In file included from [01m[K/usr/include/eigen3/Eigen/Core:161[m[K,
[9.976s]                  from [01m[K/root/colcon_ws/src/orb_slam3_ros2_wrapper/include/orb_slam3_ros2_wrapper/type_conversion.hpp:10[m[K,
[9.976s]                  from [01m[K/root/colcon_ws/src/orb_slam3_ros2_wrapper/src/rgbd/rgbd-slam-node.hpp:37[m[K,
[9.976s]                  from [01m[K/root/colcon_ws/src/orb_slam3_ros2_wrapper/src/rgbd/rgbd.cpp:7[m[K:
[9.976s] [01m[K/usr/include/eigen3/Eigen/src/Core/util/Constants.h:167:37:[m[K [01;36m[Knote: [m[Kdeclared here
[9.976s]   167 | EIGEN_DEPRECATED const unsigned int [01;36m[KAlignedBit[m[K = 0x80;
[9.976s]       |                                     [01;36m[K^~~~~~~~~~[m[K
[9.992s] In file included from [01m[K/home/orb/ORB_SLAM3/Thirdparty/g2o/g2o/types/types_six_dof_expmap.h:38[m[K,
[9.992s]                  from [01m[K/home/orb/ORB_SLAM3/include/Converter.h:26[m[K,
[9.992s]                  from [01m[K/home/orb/ORB_SLAM3/include/Frame.h:33[m[K,
[9.992s]                  from [01m[K/home/orb/ORB_SLAM3/include/KeyFrame.h:28[m[K,
[9.992s]                  from [01m[K/home/orb/ORB_SLAM3/include/MapPoint.h:23[m[K,
[9.992s]                  from [01m[K/root/colcon_ws/src/orb_slam3_ros2_wrapper/include/orb_slam3_ros2_wrapper/type_conversion.hpp:26[m[K,
[9.992s]                  from [01m[K/root/colcon_ws/src/orb_slam3_ros2_wrapper/src/rgbd/rgbd-slam-node.hpp:37[m[K,
[9.992s]                  from [01m[K/root/colcon_ws/src/orb_slam3_ros2_wrapper/src/rgbd/rgbd.cpp:7[m[K:
[9.992s] [01m[K/home/orb/ORB_SLAM3/Thirdparty/g2o/g2o/types/../core/base_binary_edge.h:60:80:[m[K [01;35m[Kwarning: [m[K‘[01m[KEigen::AlignedBit[m[K’ is deprecated [[01;35m[K-Wdeprecated-declarations[m[K]
[9.993s]    60 |       typedef Eigen::Map<Matrix<double, Dj, Di>, Matrix<double, Dj, Di>::[01;35m[KFlags & AlignedBit[m[K ? Aligned : Unaligned > HessianBlockTransposedType;
[9.993s]       |                                                                          [01;35m[K~~~~~~^~~~~~~~~~~~[m[K
[9.993s] In file included from [01m[K/usr/include/eigen3/Eigen/Core:161[m[K,
[9.993s]                  from [01m[K/root/colcon_ws/src/orb_slam3_ros2_wrapper/include/orb_slam3_ros2_wrapper/type_conversion.hpp:10[m[K,
[9.993s]                  from [01m[K/root/colcon_ws/src/orb_slam3_ros2_wrapper/src/rgbd/rgbd-slam-node.hpp:37[m[K,
[9.993s]                  from [01m[K/root/colcon_ws/src/orb_slam3_ros2_wrapper/src/rgbd/rgbd.cpp:7[m[K:
[9.993s] [01m[K/usr/include/eigen3/Eigen/src/Core/util/Constants.h:167:37:[m[K [01;36m[Knote: [m[Kdeclared here
[9.993s]   167 | EIGEN_DEPRECATED const unsigned int [01;36m[KAlignedBit[m[K = 0x80;
[9.993s]       |                                     [01;36m[K^~~~~~~~~~[m[K
[10.009s] In file included from [01m[K/home/orb/ORB_SLAM3/Thirdparty/g2o/g2o/types/types_six_dof_expmap.h:37[m[K,
[10.010s]                  from [01m[K/home/orb/ORB_SLAM3/include/Converter.h:26[m[K,
[10.010s]                  from [01m[K/home/orb/ORB_SLAM3/include/Frame.h:33[m[K,
[10.010s]                  from [01m[K/home/orb/ORB_SLAM3/include/KeyFrame.h:28[m[K,
[10.010s]                  from [01m[K/home/orb/ORB_SLAM3/include/MapPoint.h:23[m[K,
[10.010s]                  from [01m[K/root/colcon_ws/src/orb_slam3_ros2_wrapper/include/orb_slam3_ros2_wrapper/type_conversion.hpp:26[m[K,
[10.010s]                  from [01m[K/root/colcon_ws/src/orb_slam3_ros2_wrapper/src/rgbd/rgbd-slam-node.hpp:37[m[K,
[10.010s]                  from [01m[K/root/colcon_ws/src/orb_slam3_ros2_wrapper/src/rgbd/rgbd-slam-node.cpp:6[m[K:
[10.010s] [01m[K/home/orb/ORB_SLAM3/Thirdparty/g2o/g2o/types/../core/base_vertex.h:[m[K At global scope:
[10.011s] [01m[K/home/orb/ORB_SLAM3/Thirdparty/g2o/g2o/types/../core/base_vertex.h:62:74:[m[K [01;35m[Kwarning: [m[K‘[01m[KEigen::AlignedBit[m[K’ is deprecated [[01;35m[K-Wdeprecated-declarations[m[K]
[10.011s]    62 |     typedef Eigen::Map<Matrix<double, D, D>, Matrix<double,D,D>::Flags & [01;35m[KAlignedBit[m[K ? Aligned : Unaligned >  HessianBlockType;
[10.011s]       |                                                                          [01;35m[K^~~~~~~~~~[m[K
[10.011s] In file included from [01m[K/usr/include/eigen3/Eigen/Core:161[m[K,
[10.011s]                  from [01m[K/root/colcon_ws/src/orb_slam3_ros2_wrapper/include/orb_slam3_ros2_wrapper/type_conversion.hpp:10[m[K,
[10.011s]                  from [01m[K/root/colcon_ws/src/orb_slam3_ros2_wrapper/src/rgbd/rgbd-slam-node.hpp:37[m[K,
[10.011s]                  from [01m[K/root/colcon_ws/src/orb_slam3_ros2_wrapper/src/rgbd/rgbd-slam-node.cpp:6[m[K:
[10.011s] [01m[K/usr/include/eigen3/Eigen/src/Core/util/Constants.h:167:37:[m[K [01;36m[Knote: [m[Kdeclared here
[10.011s]   167 | EIGEN_DEPRECATED const unsigned int [01;36m[KAlignedBit[m[K = 0x80;
[10.012s]       |                                     [01;36m[K^~~~~~~~~~[m[K
[10.018s] In file included from [01m[K/home/orb/ORB_SLAM3/Thirdparty/g2o/g2o/types/types_six_dof_expmap.h:38[m[K,
[10.019s]                  from [01m[K/home/orb/ORB_SLAM3/include/Converter.h:26[m[K,
[10.019s]                  from [01m[K/home/orb/ORB_SLAM3/include/Frame.h:33[m[K,
[10.019s]                  from [01m[K/home/orb/ORB_SLAM3/include/KeyFrame.h:28[m[K,
[10.019s]                  from [01m[K/home/orb/ORB_SLAM3/include/MapPoint.h:23[m[K,
[10.019s]                  from [01m[K/root/colcon_ws/src/orb_slam3_ros2_wrapper/include/orb_slam3_ros2_wrapper/type_conversion.hpp:26[m[K,
[10.019s]                  from [01m[K/root/colcon_ws/src/orb_slam3_ros2_wrapper/src/rgbd/rgbd-slam-node.hpp:37[m[K,
[10.019s]                  from [01m[K/root/colcon_ws/src/orb_slam3_ros2_wrapper/src/rgbd/rgbd-slam-node.cpp:6[m[K:
[10.019s] [01m[K/home/orb/ORB_SLAM3/Thirdparty/g2o/g2o/types/../core/base_binary_edge.h:59:82:[m[K [01;35m[Kwarning: [m[K‘[01m[KEigen::AlignedBit[m[K’ is deprecated [[01;35m[K-Wdeprecated-declarations[m[K]
[10.019s]    59 |       typedef Eigen::Map<Matrix<double, Di, Dj>, Matrix<double, Di, Dj>::Flags & [01;35m[KAlignedBit[m[K ? Aligned : Unaligned > HessianBlockType;
[10.020s]       |                                                                                  [01;35m[K^~~~~~~~~~[m[K
[10.020s] In file included from [01m[K/usr/include/eigen3/Eigen/Core:161[m[K,
[10.020s]                  from [01m[K/root/colcon_ws/src/orb_slam3_ros2_wrapper/include/orb_slam3_ros2_wrapper/type_conversion.hpp:10[m[K,
[10.020s]                  from [01m[K/root/colcon_ws/src/orb_slam3_ros2_wrapper/src/rgbd/rgbd-slam-node.hpp:37[m[K,
[10.020s]                  from [01m[K/root/colcon_ws/src/orb_slam3_ros2_wrapper/src/rgbd/rgbd-slam-node.cpp:6[m[K:
[10.020s] [01m[K/usr/include/eigen3/Eigen/src/Core/util/Constants.h:167:37:[m[K [01;36m[Knote: [m[Kdeclared here
[10.020s]   167 | EIGEN_DEPRECATED const unsigned int [01;36m[KAlignedBit[m[K = 0x80;
[10.020s]       |                                     [01;36m[K^~~~~~~~~~[m[K
[10.020s] In file included from [01m[K/home/orb/ORB_SLAM3/Thirdparty/g2o/g2o/types/types_six_dof_expmap.h:38[m[K,
[10.020s]                  from [01m[K/home/orb/ORB_SLAM3/include/Converter.h:26[m[K,
[10.021s]                  from [01m[K/home/orb/ORB_SLAM3/include/Frame.h:33[m[K,
[10.021s]                  from [01m[K/home/orb/ORB_SLAM3/include/KeyFrame.h:28[m[K,
[10.021s]                  from [01m[K/home/orb/ORB_SLAM3/include/MapPoint.h:23[m[K,
[10.021s]                  from [01m[K/root/colcon_ws/src/orb_slam3_ros2_wrapper/include/orb_slam3_ros2_wrapper/type_conversion.hpp:26[m[K,
[10.021s]                  from [01m[K/root/colcon_ws/src/orb_slam3_ros2_wrapper/src/rgbd/rgbd-slam-node.hpp:37[m[K,
[10.021s]                  from [01m[K/root/colcon_ws/src/orb_slam3_ros2_wrapper/src/rgbd/rgbd-slam-node.cpp:6[m[K:
[10.021s] [01m[K/home/orb/ORB_SLAM3/Thirdparty/g2o/g2o/types/../core/base_binary_edge.h:60:82:[m[K [01;35m[Kwarning: [m[K‘[01m[KEigen::AlignedBit[m[K’ is deprecated [[01;35m[K-Wdeprecated-declarations[m[K]
[10.021s]    60 |       typedef Eigen::Map<Matrix<double, Dj, Di>, Matrix<double, Dj, Di>::Flags & [01;35m[KAlignedBit[m[K ? Aligned : Unaligned > HessianBlockTransposedType;
[10.021s]       |                                                                                  [01;35m[K^~~~~~~~~~[m[K
[10.022s] In file included from [01m[K/usr/include/eigen3/Eigen/Core:161[m[K,
[10.022s]                  from [01m[K/root/colcon_ws/src/orb_slam3_ros2_wrapper/include/orb_slam3_ros2_wrapper/type_conversion.hpp:10[m[K,
[10.022s]                  from [01m[K/root/colcon_ws/src/orb_slam3_ros2_wrapper/src/rgbd/rgbd-slam-node.hpp:37[m[K,
[10.022s]                  from [01m[K/root/colcon_ws/src/orb_slam3_ros2_wrapper/src/rgbd/rgbd-slam-node.cpp:6[m[K:
[10.022s] [01m[K/usr/include/eigen3/Eigen/src/Core/util/Constants.h:167:37:[m[K [01;36m[Knote: [m[Kdeclared here
[10.022s]   167 | EIGEN_DEPRECATED const unsigned int [01;36m[KAlignedBit[m[K = 0x80;
[10.022s]       |                                     [01;36m[K^~~~~~~~~~[m[K
[10.063s] In file included from [01m[K/home/orb/ORB_SLAM3/Thirdparty/g2o/g2o/types/types_six_dof_expmap.h:38[m[K,
[10.064s]                  from [01m[K/home/orb/ORB_SLAM3/include/Converter.h:26[m[K,
[10.064s]                  from [01m[K/home/orb/ORB_SLAM3/include/Frame.h:33[m[K,
[10.064s]                  from [01m[K/home/orb/ORB_SLAM3/include/KeyFrame.h:28[m[K,
[10.064s]                  from [01m[K/home/orb/ORB_SLAM3/include/MapPoint.h:23[m[K,
[10.064s]                  from [01m[K/root/colcon_ws/src/orb_slam3_ros2_wrapper/include/orb_slam3_ros2_wrapper/type_conversion.hpp:26[m[K,
[10.064s]                  from [01m[K/root/colcon_ws/src/orb_slam3_ros2_wrapper/src/rgbd/rgbd-slam-node.hpp:37[m[K,
[10.064s]                  from [01m[K/root/colcon_ws/src/orb_slam3_ros2_wrapper/src/rgbd/rgbd.cpp:7[m[K:
[10.064s] /home/orb/ORB_SLAM3/Thirdparty/g2o/g2o/types/../core/base_binary_edge.h: In instantiation of ‘[01m[Kclass g2o::BaseBinaryEdge<3, Eigen::Matrix<double, 3, 1>, g2o::VertexSBAPointXYZ, g2o::VertexSE3Expmap>[m[K’:
[10.064s] [01m[K/home/orb/ORB_SLAM3/Thirdparty/g2o/g2o/types/types_six_dof_expmap.h:146:41:[m[K   required from here
[10.065s] [01m[K/home/orb/ORB_SLAM3/Thirdparty/g2o/g2o/types/../core/base_binary_edge.h:59:80:[m[K [01;35m[Kwarning: [m[K‘[01m[KEigen::AlignedBit[m[K’ is deprecated [[01;35m[K-Wdeprecated-declarations[m[K]
[10.065s]    59 |       typedef Eigen::Map<Matrix<double, Di, Dj>, Matrix<double, Di, Dj>::[01;35m[KFlags & AlignedBit[m[K ? Aligned : Unaligned > HessianBlockType;
[10.065s]       |                                                                          [01;35m[K~~~~~~^~~~~~~~~~~~[m[K
[10.065s] In file included from [01m[K/usr/include/eigen3/Eigen/Core:161[m[K,
[10.065s]                  from [01m[K/root/colcon_ws/src/orb_slam3_ros2_wrapper/include/orb_slam3_ros2_wrapper/type_conversion.hpp:10[m[K,
[10.065s]                  from [01m[K/root/colcon_ws/src/orb_slam3_ros2_wrapper/src/rgbd/rgbd-slam-node.hpp:37[m[K,
[10.065s]                  from [01m[K/root/colcon_ws/src/orb_slam3_ros2_wrapper/src/rgbd/rgbd.cpp:7[m[K:
[10.065s] [01m[K/usr/include/eigen3/Eigen/src/Core/util/Constants.h:167:37:[m[K [01;36m[Knote: [m[Kdeclared here
[10.065s]   167 | EIGEN_DEPRECATED const unsigned int [01;36m[KAlignedBit[m[K = 0x80;
[10.065s]       |                                     [01;36m[K^~~~~~~~~~[m[K
[10.066s] In file included from [01m[K/home/orb/ORB_SLAM3/Thirdparty/g2o/g2o/types/types_six_dof_expmap.h:38[m[K,
[10.066s]                  from [01m[K/home/orb/ORB_SLAM3/include/Converter.h:26[m[K,
[10.066s]                  from [01m[K/home/orb/ORB_SLAM3/include/Frame.h:33[m[K,
[10.066s]                  from [01m[K/home/orb/ORB_SLAM3/include/KeyFrame.h:28[m[K,
[10.066s]                  from [01m[K/home/orb/ORB_SLAM3/include/MapPoint.h:23[m[K,
[10.066s]                  from [01m[K/root/colcon_ws/src/orb_slam3_ros2_wrapper/include/orb_slam3_ros2_wrapper/type_conversion.hpp:26[m[K,
[10.066s]                  from [01m[K/root/colcon_ws/src/orb_slam3_ros2_wrapper/src/rgbd/rgbd-slam-node.hpp:37[m[K,
[10.066s]                  from [01m[K/root/colcon_ws/src/orb_slam3_ros2_wrapper/src/rgbd/rgbd.cpp:7[m[K:
[10.066s] [01m[K/home/orb/ORB_SLAM3/Thirdparty/g2o/g2o/types/../core/base_binary_edge.h:60:80:[m[K [01;35m[Kwarning: [m[K‘[01m[KEigen::AlignedBit[m[K’ is deprecated [[01;35m[K-Wdeprecated-declarations[m[K]
[10.067s]    60 |       typedef Eigen::Map<Matrix<double, Dj, Di>, Matrix<double, Dj, Di>::[01;35m[KFlags & AlignedBit[m[K ? Aligned : Unaligned > HessianBlockTransposedType;
[10.067s]       |                                                                          [01;35m[K~~~~~~^~~~~~~~~~~~[m[K
[10.067s] In file included from [01m[K/usr/include/eigen3/Eigen/Core:161[m[K,
[10.067s]                  from [01m[K/root/colcon_ws/src/orb_slam3_ros2_wrapper/include/orb_slam3_ros2_wrapper/type_conversion.hpp:10[m[K,
[10.067s]                  from [01m[K/root/colcon_ws/src/orb_slam3_ros2_wrapper/src/rgbd/rgbd-slam-node.hpp:37[m[K,
[10.067s]                  from [01m[K/root/colcon_ws/src/orb_slam3_ros2_wrapper/src/rgbd/rgbd.cpp:7[m[K:
[10.067s] [01m[K/usr/include/eigen3/Eigen/src/Core/util/Constants.h:167:37:[m[K [01;36m[Knote: [m[Kdeclared here
[10.067s]   167 | EIGEN_DEPRECATED const unsigned int [01;36m[KAlignedBit[m[K = 0x80;
[10.067s]       |                                     [01;36m[K^~~~~~~~~~[m[K
[10.081s] In file included from [01m[K/home/orb/ORB_SLAM3/Thirdparty/g2o/g2o/types/types_six_dof_expmap.h:41[m[K,
[10.081s]                  from [01m[K/home/orb/ORB_SLAM3/include/Converter.h:26[m[K,
[10.081s]                  from [01m[K/home/orb/ORB_SLAM3/include/Frame.h:33[m[K,
[10.081s]                  from [01m[K/home/orb/ORB_SLAM3/include/KeyFrame.h:28[m[K,
[10.081s]                  from [01m[K/home/orb/ORB_SLAM3/include/MapPoint.h:23[m[K,
[10.081s]                  from [01m[K/root/colcon_ws/src/orb_slam3_ros2_wrapper/include/orb_slam3_ros2_wrapper/type_conversion.hpp:26[m[K,
[10.081s]                  from [01m[K/root/colcon_ws/src/orb_slam3_ros2_wrapper/src/rgbd/rgbd-slam-node.hpp:37[m[K,
[10.081s]                  from [01m[K/root/colcon_ws/src/orb_slam3_ros2_wrapper/src/rgbd/rgbd-slam-node.cpp:6[m[K:
[10.081s] [01m[K/home/orb/ORB_SLAM3/Thirdparty/g2o/g2o/types/se3quat.h:43:38:[m[K [01;35m[Kwarning: [m[Kextra ‘[01m[K;[m[K’ [[01;35m[K-Wpedantic[m[K]
[10.082s]    43 |       EIGEN_MAKE_ALIGNED_OPERATOR_NEW[01;35m[K;[m[K
[10.082s]       |                                      [01;35m[K^[m[K
[10.082s]       |                                      [31m[K-[m[K
[10.089s] In file included from [01m[K/home/orb/ORB_SLAM3/include/Frame.h:30[m[K,
[10.089s]                  from [01m[K/home/orb/ORB_SLAM3/include/KeyFrame.h:28[m[K,
[10.089s]                  from [01m[K/home/orb/ORB_SLAM3/include/MapPoint.h:23[m[K,
[10.089s]                  from [01m[K/root/colcon_ws/src/orb_slam3_ros2_wrapper/include/orb_slam3_ros2_wrapper/type_conversion.hpp:26[m[K,
[10.090s]                  from [01m[K/root/colcon_ws/src/orb_slam3_ros2_wrapper/src/type_conversion.cpp:7[m[K:
[10.090s] [01m[K/home/orb/ORB_SLAM3/include/ImuTypes.h:[m[K In member function ‘[01m[Kvoid ORB_SLAM3::IMU::Preintegrated::printMeasurements() const[m[K’:
[10.090s] [01m[K/home/orb/ORB_SLAM3/include/ImuTypes.h:204:23:[m[K [01;35m[Kwarning: [m[Kcomparison of integer expressions of different signedness: ‘[01m[Kint[m[K’ and ‘[01m[Kstd::vector<ORB_SLAM3::IMU::Preintegrated::integrable>::size_type[m[K’ {aka ‘[01m[Klong unsigned int[m[K’} [[01;35m[K-Wsign-compare[m[K]
[10.090s]   204 |         for(int i=0; [01;35m[Ki<mvMeasurements.size()[m[K; i++){
[10.090s]       |                      [01;35m[K~^~~~~~~~~~~~~~~~~~~~~~[m[K
[10.308s] In file included from [01m[K/home/orb/ORB_SLAM3/Thirdparty/g2o/g2o/types/types_six_dof_expmap.h:37[m[K,
[10.308s]                  from [01m[K/home/orb/ORB_SLAM3/include/Converter.h:26[m[K,
[10.308s]                  from [01m[K/home/orb/ORB_SLAM3/include/Frame.h:33[m[K,
[10.308s]                  from [01m[K/home/orb/ORB_SLAM3/include/KeyFrame.h:28[m[K,
[10.308s]                  from [01m[K/home/orb/ORB_SLAM3/include/MapPoint.h:23[m[K,
[10.309s]                  from [01m[K/root/colcon_ws/src/orb_slam3_ros2_wrapper/include/orb_slam3_ros2_wrapper/type_conversion.hpp:26[m[K,
[10.309s]                  from [01m[K/root/colcon_ws/src/orb_slam3_ros2_wrapper/src/type_conversion.cpp:7[m[K:
[10.309s] [01m[K/home/orb/ORB_SLAM3/Thirdparty/g2o/g2o/types/../core/base_vertex.h:[m[K At global scope:
[10.309s] [01m[K/home/orb/ORB_SLAM3/Thirdparty/g2o/g2o/types/../core/base_vertex.h:62:74:[m[K [01;35m[Kwarning: [m[K‘[01m[KEigen::AlignedBit[m[K’ is deprecated [[01;35m[K-Wdeprecated-declarations[m[K]
[10.309s]    62 | igen::Map<Matrix<double, D, D>, Matrix<double,D,D>::Flags & [01;35m[KAlignedBit[m[K ? Aligned : Unaligned >  HessianBlockType;
[10.309s]       |                                                             [01;35m[K^~~~~~~~~~[m[K
[10.309s] 
[10.309s] In file included from [01m[K/usr/include/eigen3/Eigen/Core:161[m[K,
[10.309s]                  from [01m[K/root/colcon_ws/src/orb_slam3_ros2_wrapper/include/orb_slam3_ros2_wrapper/type_conversion.hpp:10[m[K,
[10.310s]                  from [01m[K/root/colcon_ws/src/orb_slam3_ros2_wrapper/src/type_conversion.cpp:7[m[K:
[10.310s] [01m[K/usr/include/eigen3/Eigen/src/Core/util/Constants.h:167:37:[m[K [01;36m[Knote: [m[Kdeclared here
[10.310s]   167 | EIGEN_DEPRECATED const unsigned int [01;36m[KAlignedBit[m[K = 0x80;
[10.310s]       |                                     [01;36m[K^~~~~~~~~~[m[K
[10.323s] In file included from [01m[K/home/orb/ORB_SLAM3/Thirdparty/g2o/g2o/types/types_six_dof_expmap.h:38[m[K,
[10.324s]                  from [01m[K/home/orb/ORB_SLAM3/include/Converter.h:26[m[K,
[10.324s]                  from [01m[K/home/orb/ORB_SLAM3/include/Frame.h:33[m[K,
[10.324s]                  from [01m[K/home/orb/ORB_SLAM3/include/KeyFrame.h:28[m[K,
[10.324s]                  from [01m[K/home/orb/ORB_SLAM3/include/MapPoint.h:23[m[K,
[10.324s]                  from [01m[K/root/colcon_ws/src/orb_slam3_ros2_wrapper/include/orb_slam3_ros2_wrapper/type_conversion.hpp:26[m[K,
[10.324s]                  from [01m[K/root/colcon_ws/src/orb_slam3_ros2_wrapper/src/type_conversion.cpp:7[m[K:
[10.324s] [01m[K/home/orb/ORB_SLAM3/Thirdparty/g2o/g2o/types/../core/base_binary_edge.h:59:82:[m[K [01;35m[Kwarning: [m[K‘[01m[KEigen::AlignedBit[m[K’ is deprecated [[01;35m[K-Wdeprecated-declarations[m[K]
[10.324s]    59 | Map<Matrix<double, Di, Dj>, Matrix<double, Di, Dj>::Flags & [01;35m[KAlignedBit[m[K ? Aligned : Unaligned > HessianBlockType;
[10.324s]       |                                                             [01;35m[K^~~~~~~~~~[m[K
[10.325s] 
[10.325s] In file included from [01m[K/usr/include/eigen3/Eigen/Core:161[m[K,
[10.325s]                  from [01m[K/root/colcon_ws/src/orb_slam3_ros2_wrapper/include/orb_slam3_ros2_wrapper/type_conversion.hpp:10[m[K,
[10.325s]                  from [01m[K/root/colcon_ws/src/orb_slam3_ros2_wrapper/src/type_conversion.cpp:7[m[K:
[10.325s] [01m[K/usr/include/eigen3/Eigen/src/Core/util/Constants.h:167:37:[m[K [01;36m[Knote: [m[Kdeclared here
[10.325s]   167 | EIGEN_DEPRECATED const unsigned int [01;36m[KAlignedBit[m[K = 0x80;
[10.325s]       |                                     [01;36m[K^~~~~~~~~~[m[K
[10.325s] In file included from [01m[K/home/orb/ORB_SLAM3/Thirdparty/g2o/g2o/types/types_six_dof_expmap.h:38[m[K,
[10.325s]                  from [01m[K/home/orb/ORB_SLAM3/include/Converter.h:26[m[K,
[10.325s]                  from [01m[K/home/orb/ORB_SLAM3/include/Frame.h:33[m[K,
[10.326s]                  from [01m[K/home/orb/ORB_SLAM3/include/KeyFrame.h:28[m[K,
[10.326s]                  from [01m[K/home/orb/ORB_SLAM3/include/MapPoint.h:23[m[K,
[10.326s]                  from [01m[K/root/colcon_ws/src/orb_slam3_ros2_wrapper/include/orb_slam3_ros2_wrapper/type_conversion.hpp:26[m[K,
[10.326s]                  from [01m[K/root/colcon_ws/src/orb_slam3_ros2_wrapper/src/type_conversion.cpp:7[m[K:
[10.326s] [01m[K/home/orb/ORB_SLAM3/Thirdparty/g2o/g2o/types/../core/base_binary_edge.h:60:82:[m[K [01;35m[Kwarning: [m[K‘[01m[KEigen::AlignedBit[m[K’ is deprecated [[01;35m[K-Wdeprecated-declarations[m[K]
[10.326s]    60 | Map<Matrix<double, Dj, Di>, Matrix<double, Dj, Di>::Flags & [01;35m[KAlignedBit[m[K ? Aligned : Unaligned > HessianBlockTransposedType;
[10.326s]       |                                                             [01;35m[K^~~~~~~~~~[m[K
[10.326s] 
[10.326s] In file included from [01m[K/usr/include/eigen3/Eigen/Core:161[m[K,
[10.327s]                  from [01m[K/root/colcon_ws/src/orb_slam3_ros2_wrapper/include/orb_slam3_ros2_wrapper/type_conversion.hpp:10[m[K,
[10.327s]                  from [01m[K/root/colcon_ws/src/orb_slam3_ros2_wrapper/src/type_conversion.cpp:7[m[K:
[10.327s] [01m[K/usr/include/eigen3/Eigen/src/Core/util/Constants.h:167:37:[m[K [01;36m[Knote: [m[Kdeclared here
[10.327s]   167 | EIGEN_DEPRECATED const unsigned int [01;36m[KAlignedBit[m[K = 0x80;
[10.327s]       |                                     [01;36m[K^~~~~~~~~~[m[K
[10.410s] In file included from [01m[K/home/orb/ORB_SLAM3/Thirdparty/g2o/g2o/types/types_six_dof_expmap.h:37[m[K,
[10.410s]                  from [01m[K/home/orb/ORB_SLAM3/include/Converter.h:26[m[K,
[10.410s]                  from [01m[K/home/orb/ORB_SLAM3/include/Frame.h:33[m[K,
[10.410s]                  from [01m[K/home/orb/ORB_SLAM3/include/KeyFrame.h:28[m[K,
[10.411s]                  from [01m[K/home/orb/ORB_SLAM3/include/MapPoint.h:23[m[K,
[10.411s]                  from [01m[K/root/colcon_ws/src/orb_slam3_ros2_wrapper/include/orb_slam3_ros2_wrapper/type_conversion.hpp:26[m[K,
[10.411s]                  from [01m[K/root/colcon_ws/src/orb_slam3_ros2_wrapper/src/rgbd/rgbd-slam-node.hpp:37[m[K,
[10.411s]                  from [01m[K/root/colcon_ws/src/orb_slam3_ros2_wrapper/src/rgbd/rgbd-slam-node.cpp:6[m[K:
[10.411s] /home/orb/ORB_SLAM3/Thirdparty/g2o/g2o/types/../core/base_vertex.h: In instantiation of ‘[01m[Kclass g2o::BaseVertex<3, Eigen::Matrix<double, 3, 1> >[m[K’:
[10.411s] [01m[K/home/orb/ORB_SLAM3/Thirdparty/g2o/g2o/types/types_sba.h:40:35:[m[K   required from here
[10.411s] [01m[K/home/orb/ORB_SLAM3/Thirdparty/g2o/g2o/types/../core/base_vertex.h:62:72:[m[K [01;35m[Kwarning: [m[K‘[01m[KEigen::AlignedBit[m[K’ is deprecated [[01;35m[K-Wdeprecated-declarations[m[K]
[10.411s]    62 |     typedef Eigen::Map<Matrix<double, D, D>, Matrix<double,D,D>::[01;35m[KFlags & AlignedBit[m[K ? Aligned : Unaligned >  HessianBlockType;
[10.411s]       |                                                                  [01;35m[K~~~~~~^~~~~~~~~~~~[m[K
[10.412s] In file included from [01m[K/usr/include/eigen3/Eigen/Core:161[m[K,
[10.412s]                  from [01m[K/root/colcon_ws/src/orb_slam3_ros2_wrapper/include/orb_slam3_ros2_wrapper/type_conversion.hpp:10[m[K,
[10.412s]                  from [01m[K/root/colcon_ws/src/orb_slam3_ros2_wrapper/src/rgbd/rgbd-slam-node.hpp:37[m[K,
[10.412s]                  from [01m[K/root/colcon_ws/src/orb_slam3_ros2_wrapper/src/rgbd/rgbd-slam-node.cpp:6[m[K:
[10.412s] [01m[K/usr/include/eigen3/Eigen/src/Core/util/Constants.h:167:37:[m[K [01;36m[Knote: [m[Kdeclared here
[10.412s]   167 | EIGEN_DEPRECATED const unsigned int [01;36m[KAlignedBit[m[K = 0x80;
[10.412s]       |                                     [01;36m[K^~~~~~~~~~[m[K
[10.423s] In file included from [01m[K/home/orb/ORB_SLAM3/Thirdparty/g2o/g2o/types/types_six_dof_expmap.h:41[m[K,
[10.423s]                  from [01m[K/home/orb/ORB_SLAM3/include/Converter.h:26[m[K,
[10.423s]                  from [01m[K/home/orb/ORB_SLAM3/include/Frame.h:33[m[K,
[10.423s]                  from [01m[K/home/orb/ORB_SLAM3/include/KeyFrame.h:28[m[K,
[10.424s]                  from [01m[K/home/orb/ORB_SLAM3/include/MapPoint.h:23[m[K,
[10.424s]                  from [01m[K/root/colcon_ws/src/orb_slam3_ros2_wrapper/include/orb_slam3_ros2_wrapper/type_conversion.hpp:26[m[K,
[10.424s]                  from [01m[K/root/colcon_ws/src/orb_slam3_ros2_wrapper/src/type_conversion.cpp:7[m[K:
[10.424s] [01m[K/home/orb/ORB_SLAM3/Thirdparty/g2o/g2o/types/se3quat.h:43:38:[m[K [01;35m[Kwarning: [m[Kextra ‘[01m[K;[m[K’ [[01;35m[K-Wpedantic[m[K]
[10.424s]    43 |       EIGEN_MAKE_ALIGNED_OPERATOR_NEW[01;35m[K;[m[K
[10.424s]       |                                      [01;35m[K^[m[K
[10.424s]       |                                      [31m[K-[m[K
[10.446s] In file included from [01m[K/home/orb/ORB_SLAM3/Thirdparty/g2o/g2o/types/types_six_dof_expmap.h:37[m[K,
[10.446s]                  from [01m[K/home/orb/ORB_SLAM3/include/Converter.h:26[m[K,
[10.447s]                  from [01m[K/home/orb/ORB_SLAM3/include/Frame.h:33[m[K,
[10.447s]                  from [01m[K/home/orb/ORB_SLAM3/include/KeyFrame.h:28[m[K,
[10.447s]                  from [01m[K/home/orb/ORB_SLAM3/include/MapPoint.h:23[m[K,
[10.447s]                  from [01m[K/root/colcon_ws/src/orb_slam3_ros2_wrapper/include/orb_slam3_ros2_wrapper/type_conversion.hpp:26[m[K,
[10.447s]                  from [01m[K/root/colcon_ws/src/orb_slam3_ros2_wrapper/src/rgbd/rgbd-slam-node.hpp:37[m[K,
[10.447s]                  from [01m[K/root/colcon_ws/src/orb_slam3_ros2_wrapper/src/rgbd/rgbd-slam-node.cpp:6[m[K:
[10.447s] /home/orb/ORB_SLAM3/Thirdparty/g2o/g2o/types/../core/base_vertex.h: In instantiation of ‘[01m[Kclass g2o::BaseVertex<6, g2o::SE3Quat>[m[K’:
[10.447s] [01m[K/home/orb/ORB_SLAM3/Thirdparty/g2o/g2o/types/types_six_dof_expmap.h:59:33:[m[K   required from here
[10.447s] [01m[K/home/orb/ORB_SLAM3/Thirdparty/g2o/g2o/types/../core/base_vertex.h:62:72:[m[K [01;35m[Kwarning: [m[K‘[01m[KEigen::AlignedBit[m[K’ is deprecated [[01;35m[K-Wdeprecated-declarations[m[K]
[10.448s]    62 |     typedef Eigen::Map<Matrix<double, D, D>, Matrix<double,D,D>::[01;35m[KFlags & AlignedBit[m[K ? Aligned : Unaligned >  HessianBlockType;
[10.448s]       |                                                                  [01;35m[K~~~~~~^~~~~~~~~~~~[m[K
[10.448s] In file included from [01m[K/usr/include/eigen3/Eigen/Core:161[m[K,
[10.448s]                  from [01m[K/root/colcon_ws/src/orb_slam3_ros2_wrapper/include/orb_slam3_ros2_wrapper/type_conversion.hpp:10[m[K,
[10.448s]                  from [01m[K/root/colcon_ws/src/orb_slam3_ros2_wrapper/src/rgbd/rgbd-slam-node.hpp:37[m[K,
[10.448s]                  from [01m[K/root/colcon_ws/src/orb_slam3_ros2_wrapper/src/rgbd/rgbd-slam-node.cpp:6[m[K:
[10.448s] [01m[K/usr/include/eigen3/Eigen/src/Core/util/Constants.h:167:37:[m[K [01;36m[Knote: [m[Kdeclared here
[10.449s]   167 | EIGEN_DEPRECATED const unsigned int [01;36m[KAlignedBit[m[K = 0x80;
[10.449s]       |                                     [01;36m[K^~~~~~~~~~[m[K
[10.484s] In file included from [01m[K/home/orb/ORB_SLAM3/Thirdparty/g2o/g2o/types/types_six_dof_expmap.h:38[m[K,
[10.484s]                  from [01m[K/home/orb/ORB_SLAM3/include/Converter.h:26[m[K,
[10.485s]                  from [01m[K/home/orb/ORB_SLAM3/include/Frame.h:33[m[K,
[10.485s]                  from [01m[K/home/orb/ORB_SLAM3/include/KeyFrame.h:28[m[K,
[10.485s]                  from [01m[K/home/orb/ORB_SLAM3/include/MapPoint.h:23[m[K,
[10.485s]                  from [01m[K/root/colcon_ws/src/orb_slam3_ros2_wrapper/include/orb_slam3_ros2_wrapper/type_conversion.hpp:26[m[K,
[10.485s]                  from [01m[K/root/colcon_ws/src/orb_slam3_ros2_wrapper/src/rgbd/rgbd-slam-node.hpp:37[m[K,
[10.485s]                  from [01m[K/root/colcon_ws/src/orb_slam3_ros2_wrapper/src/rgbd/rgbd-slam-node.cpp:6[m[K:
[10.485s] /home/orb/ORB_SLAM3/Thirdparty/g2o/g2o/types/../core/base_binary_edge.h: In instantiation of ‘[01m[Kclass g2o::BaseBinaryEdge<6, g2o::SE3Quat, g2o::VertexSE3Expmap, g2o::VertexSE3Expmap>[m[K’:
[10.485s] [01m[K/home/orb/ORB_SLAM3/Thirdparty/g2o/g2o/types/types_six_dof_expmap.h:83:24:[m[K   required from here
[10.485s] [01m[K/home/orb/ORB_SLAM3/Thirdparty/g2o/g2o/types/../core/base_binary_edge.h:59:80:[m[K [01;35m[Kwarning: [m[K‘[01m[KEigen::AlignedBit[m[K’ is deprecated [[01;35m[K-Wdeprecated-declarations[m[K]
[10.486s]    59 |       typedef Eigen::Map<Matrix<double, Di, Dj>, Matrix<double, Di, Dj>::[01;35m[KFlags & AlignedBit[m[K ? Aligned : Unaligned > HessianBlockType;
[10.486s]       |                                                                          [01;35m[K~~~~~~^~~~~~~~~~~~[m[K
[10.486s] In file included from [01m[K/usr/include/eigen3/Eigen/Core:161[m[K,
[10.486s]                  from [01m[K/root/colcon_ws/src/orb_slam3_ros2_wrapper/include/orb_slam3_ros2_wrapper/type_conversion.hpp:10[m[K,
[10.486s]                  from [01m[K/root/colcon_ws/src/orb_slam3_ros2_wrapper/src/rgbd/rgbd-slam-node.hpp:37[m[K,
[10.486s]                  from [01m[K/root/colcon_ws/src/orb_slam3_ros2_wrapper/src/rgbd/rgbd-slam-node.cpp:6[m[K:
[10.486s] [01m[K/usr/include/eigen3/Eigen/src/Core/util/Constants.h:167:37:[m[K [01;36m[Knote: [m[Kdeclared here
[10.486s]   167 | EIGEN_DEPRECATED const unsigned int [01;36m[KAlignedBit[m[K = 0x80;
[10.486s]       |                                     [01;36m[K^~~~~~~~~~[m[K
[10.487s] In file included from [01m[K/home/orb/ORB_SLAM3/Thirdparty/g2o/g2o/types/types_six_dof_expmap.h:38[m[K,
[10.487s]                  from [01m[K/home/orb/ORB_SLAM3/include/Converter.h:26[m[K,
[10.487s]                  from [01m[K/home/orb/ORB_SLAM3/include/Frame.h:33[m[K,
[10.487s]                  from [01m[K/home/orb/ORB_SLAM3/include/KeyFrame.h:28[m[K,
[10.487s]                  from [01m[K/home/orb/ORB_SLAM3/include/MapPoint.h:23[m[K,
[10.487s]                  from [01m[K/root/colcon_ws/src/orb_slam3_ros2_wrapper/include/orb_slam3_ros2_wrapper/type_conversion.hpp:26[m[K,
[10.487s]                  from [01m[K/root/colcon_ws/src/orb_slam3_ros2_wrapper/src/rgbd/rgbd-slam-node.hpp:37[m[K,
[10.487s]                  from [01m[K/root/colcon_ws/src/orb_slam3_ros2_wrapper/src/rgbd/rgbd-slam-node.cpp:6[m[K:
[10.488s] [01m[K/home/orb/ORB_SLAM3/Thirdparty/g2o/g2o/types/../core/base_binary_edge.h:60:80:[m[K [01;35m[Kwarning: [m[K‘[01m[KEigen::AlignedBit[m[K’ is deprecated [[01;35m[K-Wdeprecated-declarations[m[K]
[10.488s]    60 |       typedef Eigen::Map<Matrix<double, Dj, Di>, Matrix<double, Dj, Di>::[01;35m[KFlags & AlignedBit[m[K ? Aligned : Unaligned > HessianBlockTransposedType;
[10.488s]       |                                                                          [01;35m[K~~~~~~^~~~~~~~~~~~[m[K
[10.488s] In file included from [01m[K/usr/include/eigen3/Eigen/Core:161[m[K,
[10.488s]                  from [01m[K/root/colcon_ws/src/orb_slam3_ros2_wrapper/include/orb_slam3_ros2_wrapper/type_conversion.hpp:10[m[K,
[10.488s]                  from [01m[K/root/colcon_ws/src/orb_slam3_ros2_wrapper/src/rgbd/rgbd-slam-node.hpp:37[m[K,
[10.488s]                  from [01m[K/root/colcon_ws/src/orb_slam3_ros2_wrapper/src/rgbd/rgbd-slam-node.cpp:6[m[K:
[10.488s] [01m[K/usr/include/eigen3/Eigen/src/Core/util/Constants.h:167:37:[m[K [01;36m[Knote: [m[Kdeclared here
[10.488s]   167 | EIGEN_DEPRECATED const unsigned int [01;36m[KAlignedBit[m[K = 0x80;
[10.488s]       |                                     [01;36m[K^~~~~~~~~~[m[K
[10.573s] In file included from [01m[K/home/orb/ORB_SLAM3/Thirdparty/g2o/g2o/types/types_six_dof_expmap.h:38[m[K,
[10.574s]                  from [01m[K/home/orb/ORB_SLAM3/include/Converter.h:26[m[K,
[10.574s]                  from [01m[K/home/orb/ORB_SLAM3/include/Frame.h:33[m[K,
[10.574s]                  from [01m[K/home/orb/ORB_SLAM3/include/KeyFrame.h:28[m[K,
[10.574s]                  from [01m[K/home/orb/ORB_SLAM3/include/MapPoint.h:23[m[K,
[10.574s]                  from [01m[K/root/colcon_ws/src/orb_slam3_ros2_wrapper/include/orb_slam3_ros2_wrapper/type_conversion.hpp:26[m[K,
[10.574s]                  from [01m[K/root/colcon_ws/src/orb_slam3_ros2_wrapper/src/rgbd/rgbd-slam-node.hpp:37[m[K,
[10.574s]                  from [01m[K/root/colcon_ws/src/orb_slam3_ros2_wrapper/src/rgbd/rgbd-slam-node.cpp:6[m[K:
[10.574s] /home/orb/ORB_SLAM3/Thirdparty/g2o/g2o/types/../core/base_binary_edge.h: In instantiation of ‘[01m[Kclass g2o::BaseBinaryEdge<2, Eigen::Matrix<double, 2, 1>, g2o::VertexSBAPointXYZ, g2o::VertexSE3Expmap>[m[K’:
[10.574s] [01m[K/home/orb/ORB_SLAM3/Thirdparty/g2o/g2o/types/types_six_dof_expmap.h:114:35:[m[K   required from here
[10.575s] [01m[K/home/orb/ORB_SLAM3/Thirdparty/g2o/g2o/types/../core/base_binary_edge.h:59:80:[m[K [01;35m[Kwarning: [m[K‘[01m[KEigen::AlignedBit[m[K’ is deprecated [[01;35m[K-Wdeprecated-declarations[m[K]
[10.575s]    59 |       typedef Eigen::Map<Matrix<double, Di, Dj>, Matrix<double, Di, Dj>::[01;35m[KFlags & AlignedBit[m[K ? Aligned : Unaligned > HessianBlockType;
[10.575s]       |                                                                          [01;35m[K~~~~~~^~~~~~~~~~~~[m[K
[10.575s] In file included from [01m[K/usr/include/eigen3/Eigen/Core:161[m[K,
[10.575s]                  from [01m[K/root/colcon_ws/src/orb_slam3_ros2_wrapper/include/orb_slam3_ros2_wrapper/type_conversion.hpp:10[m[K,
[10.575s]                  from [01m[K/root/colcon_ws/src/orb_slam3_ros2_wrapper/src/rgbd/rgbd-slam-node.hpp:37[m[K,
[10.575s]                  from [01m[K/root/colcon_ws/src/orb_slam3_ros2_wrapper/src/rgbd/rgbd-slam-node.cpp:6[m[K:
[10.575s] [01m[K/usr/include/eigen3/Eigen/src/Core/util/Constants.h:167:37:[m[K [01;36m[Knote: [m[Kdeclared here
[10.575s]   167 | EIGEN_DEPRECATED const unsigned int [01;36m[KAlignedBit[m[K = 0x80;
[10.576s]       |                                     [01;36m[K^~~~~~~~~~[m[K
[10.592s] In file included from [01m[K/home/orb/ORB_SLAM3/Thirdparty/g2o/g2o/types/types_six_dof_expmap.h:38[m[K,
[10.592s]                  from [01m[K/home/orb/ORB_SLAM3/include/Converter.h:26[m[K,
[10.592s]                  from [01m[K/home/orb/ORB_SLAM3/include/Frame.h:33[m[K,
[10.593s]                  from [01m[K/home/orb/ORB_SLAM3/include/KeyFrame.h:28[m[K,
[10.593s]                  from [01m[K/home/orb/ORB_SLAM3/include/MapPoint.h:23[m[K,
[10.593s]                  from [01m[K/root/colcon_ws/src/orb_slam3_ros2_wrapper/include/orb_slam3_ros2_wrapper/type_conversion.hpp:26[m[K,
[10.593s]                  from [01m[K/root/colcon_ws/src/orb_slam3_ros2_wrapper/src/rgbd/rgbd-slam-node.hpp:37[m[K,
[10.593s]                  from [01m[K/root/colcon_ws/src/orb_slam3_ros2_wrapper/src/rgbd/rgbd-slam-node.cpp:6[m[K:
[10.593s] [01m[K/home/orb/ORB_SLAM3/Thirdparty/g2o/g2o/types/../core/base_binary_edge.h:60:80:[m[K [01;35m[Kwarning: [m[K‘[01m[KEigen::AlignedBit[m[K’ is deprecated [[01;35m[K-Wdeprecated-declarations[m[K]
[10.593s]    60 |       typedef Eigen::Map<Matrix<double, Dj, Di>, Matrix<double, Dj, Di>::[01;35m[KFlags & AlignedBit[m[K ? Aligned : Unaligned > HessianBlockTransposedType;
[10.593s]       |                                                                          [01;35m[K~~~~~~^~~~~~~~~~~~[m[K
[10.594s] In file included from [01m[K/usr/include/eigen3/Eigen/Core:161[m[K,
[10.594s]                  from [01m[K/root/colcon_ws/src/orb_slam3_ros2_wrapper/include/orb_slam3_ros2_wrapper/type_conversion.hpp:10[m[K,
[10.594s]                  from [01m[K/root/colcon_ws/src/orb_slam3_ros2_wrapper/src/rgbd/rgbd-slam-node.hpp:37[m[K,
[10.594s]                  from [01m[K/root/colcon_ws/src/orb_slam3_ros2_wrapper/src/rgbd/rgbd-slam-node.cpp:6[m[K:
[10.594s] [01m[K/usr/include/eigen3/Eigen/src/Core/util/Constants.h:167:37:[m[K [01;36m[Knote: [m[Kdeclared here
[10.594s]   167 | EIGEN_DEPRECATED const unsigned int [01;36m[KAlignedBit[m[K = 0x80;
[10.594s]       |                                     [01;36m[K^~~~~~~~~~[m[K
[10.670s] In file included from [01m[K/home/orb/ORB_SLAM3/Thirdparty/g2o/g2o/types/types_six_dof_expmap.h:38[m[K,
[10.670s]                  from [01m[K/home/orb/ORB_SLAM3/include/Converter.h:26[m[K,
[10.671s]                  from [01m[K/home/orb/ORB_SLAM3/include/Frame.h:33[m[K,
[10.671s]                  from [01m[K/home/orb/ORB_SLAM3/include/KeyFrame.h:28[m[K,
[10.671s]                  from [01m[K/home/orb/ORB_SLAM3/include/MapPoint.h:23[m[K,
[10.671s]                  from [01m[K/root/colcon_ws/src/orb_slam3_ros2_wrapper/include/orb_slam3_ros2_wrapper/type_conversion.hpp:26[m[K,
[10.671s]                  from [01m[K/root/colcon_ws/src/orb_slam3_ros2_wrapper/src/rgbd/rgbd-slam-node.hpp:37[m[K,
[10.671s]                  from [01m[K/root/colcon_ws/src/orb_slam3_ros2_wrapper/src/rgbd/rgbd-slam-node.cpp:6[m[K:
[10.671s] /home/orb/ORB_SLAM3/Thirdparty/g2o/g2o/types/../core/base_binary_edge.h: In instantiation of ‘[01m[Kclass g2o::BaseBinaryEdge<3, Eigen::Matrix<double, 3, 1>, g2o::VertexSBAPointXYZ, g2o::VertexSE3Expmap>[m[K’:
[10.671s] [01m[K/home/orb/ORB_SLAM3/Thirdparty/g2o/g2o/types/types_six_dof_expmap.h:146:41:[m[K   required from here
[10.672s] [01m[K/home/orb/ORB_SLAM3/Thirdparty/g2o/g2o/types/../core/base_binary_edge.h:59:80:[m[K [01;35m[Kwarning: [m[K‘[01m[KEigen::AlignedBit[m[K’ is deprecated [[01;35m[K-Wdeprecated-declarations[m[K]
[10.672s]    59 |       typedef Eigen::Map<Matrix<double, Di, Dj>, Matrix<double, Di, Dj>::[01;35m[KFlags & AlignedBit[m[K ? Aligned : Unaligned > HessianBlockType;
[10.672s]       |                                                                          [01;35m[K~~~~~~^~~~~~~~~~~~[m[K
[10.672s] In file included from [01m[K/usr/include/eigen3/Eigen/Core:161[m[K,
[10.672s]                  from [01m[K/root/colcon_ws/src/orb_slam3_ros2_wrapper/include/orb_slam3_ros2_wrapper/type_conversion.hpp:10[m[K,
[10.672s]                  from [01m[K/root/colcon_ws/src/orb_slam3_ros2_wrapper/src/rgbd/rgbd-slam-node.hpp:37[m[K,
[10.672s]                  from [01m[K/root/colcon_ws/src/orb_slam3_ros2_wrapper/src/rgbd/rgbd-slam-node.cpp:6[m[K:
[10.672s] [01m[K/usr/include/eigen3/Eigen/src/Core/util/Constants.h:167:37:[m[K [01;36m[Knote: [m[Kdeclared here
[10.672s]   167 | EIGEN_DEPRECATED const unsigned int [01;36m[KAlignedBit[m[K = 0x80;
[10.673s]       |                                     [01;36m[K^~~~~~~~~~[m[K
[10.673s] In file included from [01m[K/home/orb/ORB_SLAM3/Thirdparty/g2o/g2o/types/types_six_dof_expmap.h:38[m[K,
[10.673s]                  from [01m[K/home/orb/ORB_SLAM3/include/Converter.h:26[m[K,
[10.673s]                  from [01m[K/home/orb/ORB_SLAM3/include/Frame.h:33[m[K,
[10.673s]                  from [01m[K/home/orb/ORB_SLAM3/include/KeyFrame.h:28[m[K,
[10.673s]                  from [01m[K/home/orb/ORB_SLAM3/include/MapPoint.h:23[m[K,
[10.673s]                  from [01m[K/root/colcon_ws/src/orb_slam3_ros2_wrapper/include/orb_slam3_ros2_wrapper/type_conversion.hpp:26[m[K,
[10.673s]                  from [01m[K/root/colcon_ws/src/orb_slam3_ros2_wrapper/src/rgbd/rgbd-slam-node.hpp:37[m[K,
[10.673s]                  from [01m[K/root/colcon_ws/src/orb_slam3_ros2_wrapper/src/rgbd/rgbd-slam-node.cpp:6[m[K:
[10.674s] [01m[K/home/orb/ORB_SLAM3/Thirdparty/g2o/g2o/types/../core/base_binary_edge.h:60:80:[m[K [01;35m[Kwarning: [m[K‘[01m[KEigen::AlignedBit[m[K’ is deprecated [[01;35m[K-Wdeprecated-declarations[m[K]
[10.674s]    60 |       typedef Eigen::Map<Matrix<double, Dj, Di>, Matrix<double, Dj, Di>::[01;35m[KFlags & AlignedBit[m[K ? Aligned : Unaligned > HessianBlockTransposedType;
[10.674s]       |                                                                          [01;35m[K~~~~~~^~~~~~~~~~~~[m[K
[10.674s] In file included from [01m[K/usr/include/eigen3/Eigen/Core:161[m[K,
[10.674s]                  from [01m[K/root/colcon_ws/src/orb_slam3_ros2_wrapper/include/orb_slam3_ros2_wrapper/type_conversion.hpp:10[m[K,
[10.674s]                  from [01m[K/root/colcon_ws/src/orb_slam3_ros2_wrapper/src/rgbd/rgbd-slam-node.hpp:37[m[K,
[10.674s]                  from [01m[K/root/colcon_ws/src/orb_slam3_ros2_wrapper/src/rgbd/rgbd-slam-node.cpp:6[m[K:
[10.674s] [01m[K/usr/include/eigen3/Eigen/src/Core/util/Constants.h:167:37:[m[K [01;36m[Knote: [m[Kdeclared here
[10.674s]   167 | EIGEN_DEPRECATED const unsigned int [01;36m[KAlignedBit[m[K = 0x80;
[10.675s]       |                                     [01;36m[K^~~~~~~~~~[m[K
[10.883s] In file included from [01m[K/home/orb/ORB_SLAM3/Thirdparty/g2o/g2o/types/types_six_dof_expmap.h:37[m[K,
[10.883s]                  from [01m[K/home/orb/ORB_SLAM3/include/Converter.h:26[m[K,
[10.884s]                  from [01m[K/home/orb/ORB_SLAM3/include/Frame.h:33[m[K,
[10.884s]                  from [01m[K/home/orb/ORB_SLAM3/include/KeyFrame.h:28[m[K,
[10.884s]                  from [01m[K/home/orb/ORB_SLAM3/include/MapPoint.h:23[m[K,
[10.884s]                  from [01m[K/root/colcon_ws/src/orb_slam3_ros2_wrapper/include/orb_slam3_ros2_wrapper/type_conversion.hpp:26[m[K,
[10.884s]                  from [01m[K/root/colcon_ws/src/orb_slam3_ros2_wrapper/src/rgbd/rgbd-slam-node.hpp:37[m[K,
[10.884s]                  from [01m[K/root/colcon_ws/src/orb_slam3_ros2_wrapper/src/rgbd/rgbd.cpp:7[m[K:
[10.884s] /home/orb/ORB_SLAM3/Thirdparty/g2o/g2o/types/../core/base_vertex.h: In instantiation of ‘[01m[Kclass g2o::BaseVertex<7, g2o::Sim3>[m[K’:
[10.884s] [01m[K/home/orb/ORB_SLAM3/Thirdparty/g2o/g2o/types/types_seven_dof_expmap.h:48:35:[m[K   required from here
[10.884s] [01m[K/home/orb/ORB_SLAM3/Thirdparty/g2o/g2o/types/../core/base_vertex.h:62:72:[m[K [01;35m[Kwarning: [m[K‘[01m[KEigen::AlignedBit[m[K’ is deprecated [[01;35m[K-Wdeprecated-declarations[m[K]
[10.884s]    62 |     typedef Eigen::Map<Matrix<double, D, D>, Matrix<double,D,D>::[01;35m[KFlags & AlignedBit[m[K ? Aligned : Unaligned >  HessianBlockType;
[10.885s]       |                                                                  [01;35m[K~~~~~~^~~~~~~~~~~~[m[K
[10.885s] In file included from [01m[K/usr/include/eigen3/Eigen/Core:161[m[K,
[10.885s]                  from [01m[K/root/colcon_ws/src/orb_slam3_ros2_wrapper/include/orb_slam3_ros2_wrapper/type_conversion.hpp:10[m[K,
[10.885s]                  from [01m[K/root/colcon_ws/src/orb_slam3_ros2_wrapper/src/rgbd/rgbd-slam-node.hpp:37[m[K,
[10.885s]                  from [01m[K/root/colcon_ws/src/orb_slam3_ros2_wrapper/src/rgbd/rgbd.cpp:7[m[K:
[10.885s] [01m[K/usr/include/eigen3/Eigen/src/Core/util/Constants.h:167:37:[m[K [01;36m[Knote: [m[Kdeclared here
[10.885s]   167 | EIGEN_DEPRECATED const unsigned int [01;36m[KAlignedBit[m[K = 0x80;
[10.885s]       |                                     [01;36m[K^~~~~~~~~~[m[K
[10.920s] In file included from [01m[K/home/orb/ORB_SLAM3/Thirdparty/g2o/g2o/types/types_six_dof_expmap.h:38[m[K,
[10.920s]                  from [01m[K/home/orb/ORB_SLAM3/include/Converter.h:26[m[K,
[10.920s]                  from [01m[K/home/orb/ORB_SLAM3/include/Frame.h:33[m[K,
[10.920s]                  from [01m[K/home/orb/ORB_SLAM3/include/KeyFrame.h:28[m[K,
[10.920s]                  from [01m[K/home/orb/ORB_SLAM3/include/MapPoint.h:23[m[K,
[10.921s]                  from [01m[K/root/colcon_ws/src/orb_slam3_ros2_wrapper/include/orb_slam3_ros2_wrapper/type_conversion.hpp:26[m[K,
[10.921s]                  from [01m[K/root/colcon_ws/src/orb_slam3_ros2_wrapper/src/rgbd/rgbd-slam-node.hpp:37[m[K,
[10.921s]                  from [01m[K/root/colcon_ws/src/orb_slam3_ros2_wrapper/src/rgbd/rgbd.cpp:7[m[K:
[10.921s] /home/orb/ORB_SLAM3/Thirdparty/g2o/g2o/types/../core/base_binary_edge.h: In instantiation of ‘[01m[Kclass g2o::BaseBinaryEdge<7, g2o::Sim3, g2o::VertexSim3Expmap, g2o::VertexSim3Expmap>[m[K’:
[10.921s] [01m[K/home/orb/ORB_SLAM3/Thirdparty/g2o/g2o/types/types_seven_dof_expmap.h:99:27:[m[K   required from here
[10.921s] [01m[K/home/orb/ORB_SLAM3/Thirdparty/g2o/g2o/types/../core/base_binary_edge.h:59:80:[m[K [01;35m[Kwarning: [m[K‘[01m[KEigen::AlignedBit[m[K’ is deprecated [[01;35m[K-Wdeprecated-declarations[m[K]
[10.921s]    59 |       typedef Eigen::Map<Matrix<double, Di, Dj>, Matrix<double, Di, Dj>::[01;35m[KFlags & AlignedBit[m[K ? Aligned : Unaligned > HessianBlockType;
[10.921s]       |                                                                          [01;35m[K~~~~~~^~~~~~~~~~~~[m[K
[10.921s] In file included from [01m[K/usr/include/eigen3/Eigen/Core:161[m[K,
[10.921s]                  from [01m[K/root/colcon_ws/src/orb_slam3_ros2_wrapper/include/orb_slam3_ros2_wrapper/type_conversion.hpp:10[m[K,
[10.922s]                  from [01m[K/root/colcon_ws/src/orb_slam3_ros2_wrapper/src/rgbd/rgbd-slam-node.hpp:37[m[K,
[10.922s]                  from [01m[K/root/colcon_ws/src/orb_slam3_ros2_wrapper/src/rgbd/rgbd.cpp:7[m[K:
[10.922s] [01m[K/usr/include/eigen3/Eigen/src/Core/util/Constants.h:167:37:[m[K [01;36m[Knote: [m[Kdeclared here
[10.922s]   167 | EIGEN_DEPRECATED const unsigned int [01;36m[KAlignedBit[m[K = 0x80;
[10.922s]       |                                     [01;36m[K^~~~~~~~~~[m[K
[10.922s] In file included from [01m[K/home/orb/ORB_SLAM3/Thirdparty/g2o/g2o/types/types_six_dof_expmap.h:38[m[K,
[10.922s]                  from [01m[K/home/orb/ORB_SLAM3/include/Converter.h:26[m[K,
[10.922s]                  from [01m[K/home/orb/ORB_SLAM3/include/Frame.h:33[m[K,
[10.922s]                  from [01m[K/home/orb/ORB_SLAM3/include/KeyFrame.h:28[m[K,
[10.922s]                  from [01m[K/home/orb/ORB_SLAM3/include/MapPoint.h:23[m[K,
[10.923s]                  from [01m[K/root/colcon_ws/src/orb_slam3_ros2_wrapper/include/orb_slam3_ros2_wrapper/type_conversion.hpp:26[m[K,
[10.923s]                  from [01m[K/root/colcon_ws/src/orb_slam3_ros2_wrapper/src/rgbd/rgbd-slam-node.hpp:37[m[K,
[10.923s]                  from [01m[K/root/colcon_ws/src/orb_slam3_ros2_wrapper/src/rgbd/rgbd.cpp:7[m[K:
[10.923s] [01m[K/home/orb/ORB_SLAM3/Thirdparty/g2o/g2o/types/../core/base_binary_edge.h:60:80:[m[K [01;35m[Kwarning: [m[K‘[01m[KEigen::AlignedBit[m[K’ is deprecated [[01;35m[K-Wdeprecated-declarations[m[K]
[10.923s]    60 |       typedef Eigen::Map<Matrix<double, Dj, Di>, Matrix<double, Dj, Di>::[01;35m[KFlags & AlignedBit[m[K ? Aligned : Unaligned > HessianBlockTransposedType;
[10.923s]       |                                                                          [01;35m[K~~~~~~^~~~~~~~~~~~[m[K
[10.923s] In file included from [01m[K/usr/include/eigen3/Eigen/Core:161[m[K,
[10.923s]                  from [01m[K/root/colcon_ws/src/orb_slam3_ros2_wrapper/include/orb_slam3_ros2_wrapper/type_conversion.hpp:10[m[K,
[10.923s]                  from [01m[K/root/colcon_ws/src/orb_slam3_ros2_wrapper/src/rgbd/rgbd-slam-node.hpp:37[m[K,
[10.923s]                  from [01m[K/root/colcon_ws/src/orb_slam3_ros2_wrapper/src/rgbd/rgbd.cpp:7[m[K:
[10.924s] [01m[K/usr/include/eigen3/Eigen/src/Core/util/Constants.h:167:37:[m[K [01;36m[Knote: [m[Kdeclared here
[10.924s]   167 | EIGEN_DEPRECATED const unsigned int [01;36m[KAlignedBit[m[K = 0x80;
[10.924s]       |                                     [01;36m[K^~~~~~~~~~[m[K
[10.938s] In file included from [01m[K/home/orb/ORB_SLAM3/Thirdparty/g2o/g2o/types/types_six_dof_expmap.h:37[m[K,
[10.938s]                  from [01m[K/home/orb/ORB_SLAM3/include/Converter.h:26[m[K,
[10.938s]                  from [01m[K/home/orb/ORB_SLAM3/include/Frame.h:33[m[K,
[10.938s]                  from [01m[K/home/orb/ORB_SLAM3/include/KeyFrame.h:28[m[K,
[10.938s]                  from [01m[K/home/orb/ORB_SLAM3/include/MapPoint.h:23[m[K,
[10.939s]                  from [01m[K/root/colcon_ws/src/orb_slam3_ros2_wrapper/include/orb_slam3_ros2_wrapper/type_conversion.hpp:26[m[K,
[10.939s]                  from [01m[K/root/colcon_ws/src/orb_slam3_ros2_wrapper/src/type_conversion.cpp:7[m[K:
[10.939s] /home/orb/ORB_SLAM3/Thirdparty/g2o/g2o/types/../core/base_vertex.h: In instantiation of ‘[01m[Kclass g2o::BaseVertex<3, Eigen::Matrix<double, 3, 1> >[m[K’:
[10.939s] [01m[K/home/orb/ORB_SLAM3/Thirdparty/g2o/g2o/types/types_sba.h:40:35:[m[K   required from here
[10.939s] [01m[K/home/orb/ORB_SLAM3/Thirdparty/g2o/g2o/types/../core/base_vertex.h:62:72:[m[K [01;35m[Kwarning: [m[K‘[01m[KEigen::AlignedBit[m[K’ is deprecated [[01;35m[K-Wdeprecated-declarations[m[K]
[10.939s]    62 |  Eigen::Map<Matrix<double, D, D>, Matrix<double,D,D>::[01;35m[KFlags & AlignedBit[m[K ? Aligned : Unaligned >  HessianBlockType;
[10.939s]       |                                                       [01;35m[K~~~~~~^~~~~~~~~~~~[m[K
[10.939s] 
[10.939s] In file included from [01m[K/usr/include/eigen3/Eigen/Core:161[m[K,
[10.940s]                  from [01m[K/root/colcon_ws/src/orb_slam3_ros2_wrapper/include/orb_slam3_ros2_wrapper/type_conversion.hpp:10[m[K,
[10.940s]                  from [01m[K/root/colcon_ws/src/orb_slam3_ros2_wrapper/src/type_conversion.cpp:7[m[K:
[10.940s] [01m[K/usr/include/eigen3/Eigen/src/Core/util/Constants.h:167:37:[m[K [01;36m[Knote: [m[Kdeclared here
[10.940s]   167 | EIGEN_DEPRECATED const unsigned int [01;36m[KAlignedBit[m[K = 0x80;
[10.941s]       |                                     [01;36m[K^~~~~~~~~~[m[K
[10.947s] In file included from [01m[K/home/orb/ORB_SLAM3/Thirdparty/g2o/g2o/types/types_six_dof_expmap.h:37[m[K,
[10.948s]                  from [01m[K/home/orb/ORB_SLAM3/include/Converter.h:26[m[K,
[10.948s]                  from [01m[K/home/orb/ORB_SLAM3/include/Frame.h:33[m[K,
[10.948s]                  from [01m[K/home/orb/ORB_SLAM3/include/KeyFrame.h:28[m[K,
[10.948s]                  from [01m[K/home/orb/ORB_SLAM3/include/MapPoint.h:23[m[K,
[10.948s]                  from [01m[K/root/colcon_ws/src/orb_slam3_ros2_wrapper/include/orb_slam3_ros2_wrapper/type_conversion.hpp:26[m[K,
[10.948s]                  from [01m[K/root/colcon_ws/src/orb_slam3_ros2_wrapper/src/rgbd/rgbd-slam-node.hpp:37[m[K,
[10.948s]                  from [01m[K/root/colcon_ws/src/orb_slam3_ros2_wrapper/src/rgbd/rgbd-slam-node.cpp:6[m[K:
[10.948s] /home/orb/ORB_SLAM3/Thirdparty/g2o/g2o/types/../core/base_vertex.h: In instantiation of ‘[01m[Kclass g2o::BaseVertex<7, g2o::Sim3>[m[K’:
[10.948s] [01m[K/home/orb/ORB_SLAM3/Thirdparty/g2o/g2o/types/types_seven_dof_expmap.h:48:35:[m[K   required from here
[10.948s] [01m[K/home/orb/ORB_SLAM3/Thirdparty/g2o/g2o/types/../core/base_vertex.h:62:72:[m[K [01;35m[Kwarning: [m[K‘[01m[KEigen::AlignedBit[m[K’ is deprecated [[01;35m[K-Wdeprecated-declarations[m[K]
[10.949s]    62 |     typedef Eigen::Map<Matrix<double, D, D>, Matrix<double,D,D>::[01;35m[KFlags & AlignedBit[m[K ? Aligned : Unaligned >  HessianBlockType;
[10.949s]       |                                                                  [01;35m[K~~~~~~^~~~~~~~~~~~[m[K
[10.949s] In file included from [01m[K/usr/include/eigen3/Eigen/Core:161[m[K,
[10.949s]                  from [01m[K/root/colcon_ws/src/orb_slam3_ros2_wrapper/include/orb_slam3_ros2_wrapper/type_conversion.hpp:10[m[K,
[10.949s]                  from [01m[K/root/colcon_ws/src/orb_slam3_ros2_wrapper/src/rgbd/rgbd-slam-node.hpp:37[m[K,
[10.949s]                  from [01m[K/root/colcon_ws/src/orb_slam3_ros2_wrapper/src/rgbd/rgbd-slam-node.cpp:6[m[K:
[10.949s] [01m[K/usr/include/eigen3/Eigen/src/Core/util/Constants.h:167:37:[m[K [01;36m[Knote: [m[Kdeclared here
[10.949s]   167 | EIGEN_DEPRECATED const unsigned int [01;36m[KAlignedBit[m[K = 0x80;
[10.949s]       |                                     [01;36m[K^~~~~~~~~~[m[K
[10.974s] In file included from [01m[K/home/orb/ORB_SLAM3/Thirdparty/g2o/g2o/types/types_six_dof_expmap.h:38[m[K,
[10.974s]                  from [01m[K/home/orb/ORB_SLAM3/include/Converter.h:26[m[K,
[10.975s]                  from [01m[K/home/orb/ORB_SLAM3/include/Frame.h:33[m[K,
[10.975s]                  from [01m[K/home/orb/ORB_SLAM3/include/KeyFrame.h:28[m[K,
[10.975s]                  from [01m[K/home/orb/ORB_SLAM3/include/MapPoint.h:23[m[K,
[10.975s]                  from [01m[K/root/colcon_ws/src/orb_slam3_ros2_wrapper/include/orb_slam3_ros2_wrapper/type_conversion.hpp:26[m[K,
[10.975s]                  from [01m[K/root/colcon_ws/src/orb_slam3_ros2_wrapper/src/rgbd/rgbd-slam-node.hpp:37[m[K,
[10.975s]                  from [01m[K/root/colcon_ws/src/orb_slam3_ros2_wrapper/src/rgbd/rgbd.cpp:7[m[K:
[10.975s] /home/orb/ORB_SLAM3/Thirdparty/g2o/g2o/types/../core/base_binary_edge.h: In instantiation of ‘[01m[Kclass g2o::BaseBinaryEdge<2, Eigen::Matrix<double, 2, 1>, g2o::VertexSBAPointXYZ, g2o::VertexSim3Expmap>[m[K’:
[10.975s] [01m[K/home/orb/ORB_SLAM3/Thirdparty/g2o/g2o/types/types_seven_dof_expmap.h:130:36:[m[K   required from here
[10.975s] [01m[K/home/orb/ORB_SLAM3/Thirdparty/g2o/g2o/types/../core/base_binary_edge.h:59:80:[m[K [01;35m[Kwarning: [m[K‘[01m[KEigen::AlignedBit[m[K’ is deprecated [[01;35m[K-Wdeprecated-declarations[m[K]
[10.975s]    59 |       typedef Eigen::Map<Matrix<double, Di, Dj>, Matrix<double, Di, Dj>::[01;35m[KFlags & AlignedBit[m[K ? Aligned : Unaligned > HessianBlockType;
[10.975s]       |                                                                          [01;35m[K~~~~~~^~~~~~~~~~~~[m[K
[10.976s] In file included from [01m[K/usr/include/eigen3/Eigen/Core:161[m[K,
[10.976s]                  from [01m[K/root/colcon_ws/src/orb_slam3_ros2_wrapper/include/orb_slam3_ros2_wrapper/type_conversion.hpp:10[m[K,
[10.976s]                  from [01m[K/root/colcon_ws/src/orb_slam3_ros2_wrapper/src/rgbd/rgbd-slam-node.hpp:37[m[K,
[10.976s]                  from [01m[K/root/colcon_ws/src/orb_slam3_ros2_wrapper/src/rgbd/rgbd.cpp:7[m[K:
[10.976s] [01m[K/usr/include/eigen3/Eigen/src/Core/util/Constants.h:167:37:[m[K [01;36m[Knote: [m[Kdeclared here
[10.976s]   167 | EIGEN_DEPRECATED const unsigned int [01;36m[KAlignedBit[m[K = 0x80;
[10.976s]       |                                     [01;36m[K^~~~~~~~~~[m[K
[10.987s] In file included from [01m[K/home/orb/ORB_SLAM3/Thirdparty/g2o/g2o/types/types_six_dof_expmap.h:38[m[K,
[10.987s]                  from [01m[K/home/orb/ORB_SLAM3/include/Converter.h:26[m[K,
[10.987s]                  from [01m[K/home/orb/ORB_SLAM3/include/Frame.h:33[m[K,
[10.987s]                  from [01m[K/home/orb/ORB_SLAM3/include/KeyFrame.h:28[m[K,
[10.987s]                  from [01m[K/home/orb/ORB_SLAM3/include/MapPoint.h:23[m[K,
[10.987s]                  from [01m[K/root/colcon_ws/src/orb_slam3_ros2_wrapper/include/orb_slam3_ros2_wrapper/type_conversion.hpp:26[m[K,
[10.987s]                  from [01m[K/root/colcon_ws/src/orb_slam3_ros2_wrapper/src/rgbd/rgbd-slam-node.hpp:37[m[K,
[10.987s]                  from [01m[K/root/colcon_ws/src/orb_slam3_ros2_wrapper/src/rgbd/rgbd-slam-node.cpp:6[m[K:
[10.987s] /home/orb/ORB_SLAM3/Thirdparty/g2o/g2o/types/../core/base_binary_edge.h: In instantiation of ‘[01m[Kclass g2o::BaseBinaryEdge<7, g2o::Sim3, g2o::VertexSim3Expmap, g2o::VertexSim3Expmap>[m[K’:
[10.988s] [01m[K/home/orb/ORB_SLAM3/Thirdparty/g2o/g2o/types/types_seven_dof_expmap.h:99:27:[m[K   required from here
[10.988s] [01m[K/home/orb/ORB_SLAM3/Thirdparty/g2o/g2o/types/../core/base_binary_edge.h:59:80:[m[K [01;35m[Kwarning: [m[K‘[01m[KEigen::AlignedBit[m[K’ is deprecated [[01;35m[K-Wdeprecated-declarations[m[K]
[10.988s]    59 |       typedef Eigen::Map<Matrix<double, Di, Dj>, Matrix<double, Di, Dj>::[01;35m[KFlags & AlignedBit[m[K ? Aligned : Unaligned > HessianBlockType;
[10.988s]       |                                                                          [01;35m[K~~~~~~^~~~~~~~~~~~[m[K
[10.988s] In file included from [01m[K/usr/include/eigen3/Eigen/Core:161[m[K,
[10.988s]                  from [01m[K/root/colcon_ws/src/orb_slam3_ros2_wrapper/include/orb_slam3_ros2_wrapper/type_conversion.hpp:10[m[K,
[10.988s]                  from [01m[K/root/colcon_ws/src/orb_slam3_ros2_wrapper/src/rgbd/rgbd-slam-node.hpp:37[m[K,
[10.988s]                  from [01m[K/root/colcon_ws/src/orb_slam3_ros2_wrapper/src/rgbd/rgbd-slam-node.cpp:6[m[K:
[10.988s] [01m[K/usr/include/eigen3/Eigen/src/Core/util/Constants.h:167:37:[m[K [01;36m[Knote: [m[Kdeclared here
[10.988s]   167 | EIGEN_DEPRECATED const unsigned int [01;36m[KAlignedBit[m[K = 0x80;
[10.989s]       |                                     [01;36m[K^~~~~~~~~~[m[K
[10.989s] In file included from [01m[K/home/orb/ORB_SLAM3/Thirdparty/g2o/g2o/types/types_six_dof_expmap.h:38[m[K,
[10.989s]                  from [01m[K/home/orb/ORB_SLAM3/include/Converter.h:26[m[K,
[10.989s]                  from [01m[K/home/orb/ORB_SLAM3/include/Frame.h:33[m[K,
[10.989s]                  from [01m[K/home/orb/ORB_SLAM3/include/KeyFrame.h:28[m[K,
[10.989s]                  from [01m[K/home/orb/ORB_SLAM3/include/MapPoint.h:23[m[K,
[10.989s]                  from [01m[K/root/colcon_ws/src/orb_slam3_ros2_wrapper/include/orb_slam3_ros2_wrapper/type_conversion.hpp:26[m[K,
[10.989s]                  from [01m[K/root/colcon_ws/src/orb_slam3_ros2_wrapper/src/rgbd/rgbd-slam-node.hpp:37[m[K,
[10.989s]                  from [01m[K/root/colcon_ws/src/orb_slam3_ros2_wrapper/src/rgbd/rgbd-slam-node.cpp:6[m[K:
[10.989s] [01m[K/home/orb/ORB_SLAM3/Thirdparty/g2o/g2o/types/../core/base_binary_edge.h:60:80:[m[K [01;35m[Kwarning: [m[K‘[01m[KEigen::AlignedBit[m[K’ is deprecated [[01;35m[K-Wdeprecated-declarations[m[K]
[10.990s]    60 |       typedef Eigen::Map<Matrix<double, Dj, Di>, Matrix<double, Dj, Di>::[01;35m[KFlags & AlignedBit[m[K ? Aligned : Unaligned > HessianBlockTransposedType;
[10.990s]       |                                                                          [01;35m[K~~~~~~^~~~~~~~~~~~[m[K
[10.990s] In file included from [01m[K/usr/include/eigen3/Eigen/Core:161[m[K,
[10.990s]                  from [01m[K/root/colcon_ws/src/orb_slam3_ros2_wrapper/include/orb_slam3_ros2_wrapper/type_conversion.hpp:10[m[K,
[10.990s]                  from [01m[K/root/colcon_ws/src/orb_slam3_ros2_wrapper/src/rgbd/rgbd-slam-node.hpp:37[m[K,
[10.990s]                  from [01m[K/root/colcon_ws/src/orb_slam3_ros2_wrapper/src/rgbd/rgbd-slam-node.cpp:6[m[K:
[10.990s] [01m[K/usr/include/eigen3/Eigen/src/Core/util/Constants.h:167:37:[m[K [01;36m[Knote: [m[Kdeclared here
[10.990s]   167 | EIGEN_DEPRECATED const unsigned int [01;36m[KAlignedBit[m[K = 0x80;
[10.990s]       |                                     [01;36m[K^~~~~~~~~~[m[K
[10.992s] In file included from [01m[K/home/orb/ORB_SLAM3/Thirdparty/g2o/g2o/types/types_six_dof_expmap.h:37[m[K,
[10.992s]                  from [01m[K/home/orb/ORB_SLAM3/include/Converter.h:26[m[K,
[10.992s]                  from [01m[K/home/orb/ORB_SLAM3/include/Frame.h:33[m[K,
[10.992s]                  from [01m[K/home/orb/ORB_SLAM3/include/KeyFrame.h:28[m[K,
[10.992s]                  from [01m[K/home/orb/ORB_SLAM3/include/MapPoint.h:23[m[K,
[10.992s]                  from [01m[K/root/colcon_ws/src/orb_slam3_ros2_wrapper/include/orb_slam3_ros2_wrapper/type_conversion.hpp:26[m[K,
[10.993s]                  from [01m[K/root/colcon_ws/src/orb_slam3_ros2_wrapper/src/type_conversion.cpp:7[m[K:
[10.993s] /home/orb/ORB_SLAM3/Thirdparty/g2o/g2o/types/../core/base_vertex.h: In instantiation of ‘[01m[Kclass g2o::BaseVertex<6, g2o::SE3Quat>[m[K’:
[10.993s] [01m[K/home/orb/ORB_SLAM3/Thirdparty/g2o/g2o/types/types_six_dof_expmap.h:59:33:[m[K   required from here
[10.993s] [01m[K/home/orb/ORB_SLAM3/Thirdparty/g2o/g2o/types/../core/base_vertex.h:62:72:[m[K [01;35m[Kwarning: [m[K‘[01m[KEigen::AlignedBit[m[K’ is deprecated [[01;35m[K-Wdeprecated-declarations[m[K]
[10.993s]    62 |  Eigen::Map<Matrix<double, D, D>, Matrix<double,D,D>::[01;35m[KFlags & AlignedBit[m[K ? Aligned : Unaligned >  HessianBlockType;
[10.993s]       |                                                       [01;35m[K~~~~~~^~~~~~~~~~~~[m[K
[10.993s] 
[10.993s] In file included from [01m[K/usr/include/eigen3/Eigen/Core:161[m[K,
[10.993s]                  from [01m[K/root/colcon_ws/src/orb_slam3_ros2_wrapper/include/orb_slam3_ros2_wrapper/type_conversion.hpp:10[m[K,
[10.993s]                  from [01m[K/root/colcon_ws/src/orb_slam3_ros2_wrapper/src/type_conversion.cpp:7[m[K:
[10.994s] [01m[K/usr/include/eigen3/Eigen/src/Core/util/Constants.h:167:37:[m[K [01;36m[Knote: [m[Kdeclared here
[10.994s]   167 | EIGEN_DEPRECATED const unsigned int [01;36m[KAlignedBit[m[K = 0x80;
[10.994s]       |                                     [01;36m[K^~~~~~~~~~[m[K
[10.994s] In file included from [01m[K/home/orb/ORB_SLAM3/Thirdparty/g2o/g2o/types/types_six_dof_expmap.h:38[m[K,
[10.994s]                  from [01m[K/home/orb/ORB_SLAM3/include/Converter.h:26[m[K,
[10.994s]                  from [01m[K/home/orb/ORB_SLAM3/include/Frame.h:33[m[K,
[10.994s]                  from [01m[K/home/orb/ORB_SLAM3/include/KeyFrame.h:28[m[K,
[10.994s]                  from [01m[K/home/orb/ORB_SLAM3/include/MapPoint.h:23[m[K,
[10.994s]                  from [01m[K/root/colcon_ws/src/orb_slam3_ros2_wrapper/include/orb_slam3_ros2_wrapper/type_conversion.hpp:26[m[K,
[10.994s]                  from [01m[K/root/colcon_ws/src/orb_slam3_ros2_wrapper/src/rgbd/rgbd-slam-node.hpp:37[m[K,
[10.995s]                  from [01m[K/root/colcon_ws/src/orb_slam3_ros2_wrapper/src/rgbd/rgbd.cpp:7[m[K:
[10.995s] [01m[K/home/orb/ORB_SLAM3/Thirdparty/g2o/g2o/types/../core/base_binary_edge.h:60:80:[m[K [01;35m[Kwarning: [m[K‘[01m[KEigen::AlignedBit[m[K’ is deprecated [[01;35m[K-Wdeprecated-declarations[m[K]
[10.995s]    60 |       typedef Eigen::Map<Matrix<double, Dj, Di>, Matrix<double, Dj, Di>::[01;35m[KFlags & AlignedBit[m[K ? Aligned : Unaligned > HessianBlockTransposedType;
[10.995s]       |                                                                          [01;35m[K~~~~~~^~~~~~~~~~~~[m[K
[10.995s] In file included from [01m[K/usr/include/eigen3/Eigen/Core:161[m[K,
[10.995s]                  from [01m[K/root/colcon_ws/src/orb_slam3_ros2_wrapper/include/orb_slam3_ros2_wrapper/type_conversion.hpp:10[m[K,
[10.995s]                  from [01m[K/root/colcon_ws/src/orb_slam3_ros2_wrapper/src/rgbd/rgbd-slam-node.hpp:37[m[K,
[10.995s]                  from [01m[K/root/colcon_ws/src/orb_slam3_ros2_wrapper/src/rgbd/rgbd.cpp:7[m[K:
[10.995s] [01m[K/usr/include/eigen3/Eigen/src/Core/util/Constants.h:167:37:[m[K [01;36m[Knote: [m[Kdeclared here
[10.995s]   167 | EIGEN_DEPRECATED const unsigned int [01;36m[KAlignedBit[m[K = 0x80;
[10.995s]       |                                     [01;36m[K^~~~~~~~~~[m[K
[11.041s] In file included from [01m[K/home/orb/ORB_SLAM3/Thirdparty/g2o/g2o/types/types_six_dof_expmap.h:38[m[K,
[11.042s]                  from [01m[K/home/orb/ORB_SLAM3/include/Converter.h:26[m[K,
[11.042s]                  from [01m[K/home/orb/ORB_SLAM3/include/Frame.h:33[m[K,
[11.042s]                  from [01m[K/home/orb/ORB_SLAM3/include/KeyFrame.h:28[m[K,
[11.042s]                  from [01m[K/home/orb/ORB_SLAM3/include/MapPoint.h:23[m[K,
[11.042s]                  from [01m[K/root/colcon_ws/src/orb_slam3_ros2_wrapper/include/orb_slam3_ros2_wrapper/type_conversion.hpp:26[m[K,
[11.042s]                  from [01m[K/root/colcon_ws/src/orb_slam3_ros2_wrapper/src/type_conversion.cpp:7[m[K:
[11.042s] /home/orb/ORB_SLAM3/Thirdparty/g2o/g2o/types/../core/base_binary_edge.h: In instantiation of ‘[01m[Kclass g2o::BaseBinaryEdge<6, g2o::SE3Quat, g2o::VertexSE3Expmap, g2o::VertexSE3Expmap>[m[K’:
[11.042s] [01m[K/home/orb/ORB_SLAM3/Thirdparty/g2o/g2o/types/types_six_dof_expmap.h:83:24:[m[K   required from here
[11.042s] [01m[K/home/orb/ORB_SLAM3/Thirdparty/g2o/g2o/types/../core/base_binary_edge.h:59:80:[m[K [01;35m[Kwarning: [m[K‘[01m[KEigen::AlignedBit[m[K’ is deprecated [[01;35m[K-Wdeprecated-declarations[m[K]
[11.043s]    59 | ::Map<Matrix<double, Di, Dj>, Matrix<double, Di, Dj>::[01;35m[KFlags & AlignedBit[m[K ? Aligned : Unaligned > HessianBlockType;
[11.043s]       |                                                       [01;35m[K~~~~~~^~~~~~~~~~~~[m[K
[11.043s] 
[11.043s] In file included from [01m[K/usr/include/eigen3/Eigen/Core:161[m[K,
[11.043s]                  from [01m[K/root/colcon_ws/src/orb_slam3_ros2_wrapper/include/orb_slam3_ros2_wrapper/type_conversion.hpp:10[m[K,
[11.043s]                  from [01m[K/root/colcon_ws/src/orb_slam3_ros2_wrapper/src/type_conversion.cpp:7[m[K:
[11.043s] [01m[K/usr/include/eigen3/Eigen/src/Core/util/Constants.h:167:37:[m[K [01;36m[Knote: [m[Kdeclared here
[11.043s]   167 | EIGEN_DEPRECATED const unsigned int [01;36m[KAlignedBit[m[K = 0x80;
[11.043s]       |                                     [01;36m[K^~~~~~~~~~[m[K
[11.043s] In file included from [01m[K/home/orb/ORB_SLAM3/Thirdparty/g2o/g2o/types/types_six_dof_expmap.h:38[m[K,
[11.044s]                  from [01m[K/home/orb/ORB_SLAM3/include/Converter.h:26[m[K,
[11.044s]                  from [01m[K/home/orb/ORB_SLAM3/include/Frame.h:33[m[K,
[11.044s]                  from [01m[K/home/orb/ORB_SLAM3/include/KeyFrame.h:28[m[K,
[11.044s]                  from [01m[K/home/orb/ORB_SLAM3/include/MapPoint.h:23[m[K,
[11.044s]                  from [01m[K/root/colcon_ws/src/orb_slam3_ros2_wrapper/include/orb_slam3_ros2_wrapper/type_conversion.hpp:26[m[K,
[11.044s]                  from [01m[K/root/colcon_ws/src/orb_slam3_ros2_wrapper/src/type_conversion.cpp:7[m[K:
[11.044s] [01m[K/home/orb/ORB_SLAM3/Thirdparty/g2o/g2o/types/../core/base_binary_edge.h:60:80:[m[K [01;35m[Kwarning: [m[K‘[01m[KEigen::AlignedBit[m[K’ is deprecated [[01;35m[K-Wdeprecated-declarations[m[K]
[11.044s]    60 | ::Map<Matrix<double, Dj, Di>, Matrix<double, Dj, Di>::[01;35m[KFlags & AlignedBit[m[K ? Aligned : Unaligned > HessianBlockTransposedType;
[11.044s]       |                                                       [01;35m[K~~~~~~^~~~~~~~~~~~[m[K
[11.044s] 
[11.045s] In file included from [01m[K/usr/include/eigen3/Eigen/Core:161[m[K,
[11.045s]                  from [01m[K/root/colcon_ws/src/orb_slam3_ros2_wrapper/include/orb_slam3_ros2_wrapper/type_conversion.hpp:10[m[K,
[11.045s]                  from [01m[K/root/colcon_ws/src/orb_slam3_ros2_wrapper/src/type_conversion.cpp:7[m[K:
[11.045s] [01m[K/usr/include/eigen3/Eigen/src/Core/util/Constants.h:167:37:[m[K [01;36m[Knote: [m[Kdeclared here
[11.045s]   167 | EIGEN_DEPRECATED const unsigned int [01;36m[KAlignedBit[m[K = 0x80;
[11.045s]       |                                     [01;36m[K^~~~~~~~~~[m[K
[11.045s] In file included from [01m[K/home/orb/ORB_SLAM3/Thirdparty/g2o/g2o/types/types_six_dof_expmap.h:38[m[K,
[11.045s]                  from [01m[K/home/orb/ORB_SLAM3/include/Converter.h:26[m[K,
[11.045s]                  from [01m[K/home/orb/ORB_SLAM3/include/Frame.h:33[m[K,
[11.046s]                  from [01m[K/home/orb/ORB_SLAM3/include/KeyFrame.h:28[m[K,
[11.046s]                  from [01m[K/home/orb/ORB_SLAM3/include/MapPoint.h:23[m[K,
[11.046s]                  from [01m[K/root/colcon_ws/src/orb_slam3_ros2_wrapper/include/orb_slam3_ros2_wrapper/type_conversion.hpp:26[m[K,
[11.046s]                  from [01m[K/root/colcon_ws/src/orb_slam3_ros2_wrapper/src/rgbd/rgbd-slam-node.hpp:37[m[K,
[11.046s]                  from [01m[K/root/colcon_ws/src/orb_slam3_ros2_wrapper/src/rgbd/rgbd-slam-node.cpp:6[m[K:
[11.046s] /home/orb/ORB_SLAM3/Thirdparty/g2o/g2o/types/../core/base_binary_edge.h: In instantiation of ‘[01m[Kclass g2o::BaseBinaryEdge<2, Eigen::Matrix<double, 2, 1>, g2o::VertexSBAPointXYZ, g2o::VertexSim3Expmap>[m[K’:
[11.046s] [01m[K/home/orb/ORB_SLAM3/Thirdparty/g2o/g2o/types/types_seven_dof_expmap.h:130:36:[m[K   required from here
[11.046s] [01m[K/home/orb/ORB_SLAM3/Thirdparty/g2o/g2o/types/../core/base_binary_edge.h:59:80:[m[K [01;35m[Kwarning: [m[K‘[01m[KEigen::AlignedBit[m[K’ is deprecated [[01;35m[K-Wdeprecated-declarations[m[K]
[11.046s]    59 |       typedef Eigen::Map<Matrix<double, Di, Dj>, Matrix<double, Di, Dj>::[01;35m[KFlags & AlignedBit[m[K ? Aligned : Unaligned > HessianBlockType;
[11.046s]       |                                                                          [01;35m[K~~~~~~^~~~~~~~~~~~[m[K
[11.047s] In file included from [01m[K/usr/include/eigen3/Eigen/Core:161[m[K,
[11.047s]                  from [01m[K/root/colcon_ws/src/orb_slam3_ros2_wrapper/include/orb_slam3_ros2_wrapper/type_conversion.hpp:10[m[K,
[11.047s]                  from [01m[K/root/colcon_ws/src/orb_slam3_ros2_wrapper/src/rgbd/rgbd-slam-node.hpp:37[m[K,
[11.047s]                  from [01m[K/root/colcon_ws/src/orb_slam3_ros2_wrapper/src/rgbd/rgbd-slam-node.cpp:6[m[K:
[11.047s] [01m[K/usr/include/eigen3/Eigen/src/Core/util/Constants.h:167:37:[m[K [01;36m[Knote: [m[Kdeclared here
[11.047s]   167 | EIGEN_DEPRECATED const unsigned int [01;36m[KAlignedBit[m[K = 0x80;
[11.047s]       |                                     [01;36m[K^~~~~~~~~~[m[K
[11.065s] In file included from [01m[K/home/orb/ORB_SLAM3/Thirdparty/g2o/g2o/types/types_six_dof_expmap.h:38[m[K,
[11.065s]                  from [01m[K/home/orb/ORB_SLAM3/include/Converter.h:26[m[K,
[11.065s]                  from [01m[K/home/orb/ORB_SLAM3/include/Frame.h:33[m[K,
[11.065s]                  from [01m[K/home/orb/ORB_SLAM3/include/KeyFrame.h:28[m[K,
[11.065s]                  from [01m[K/home/orb/ORB_SLAM3/include/MapPoint.h:23[m[K,
[11.065s]                  from [01m[K/root/colcon_ws/src/orb_slam3_ros2_wrapper/include/orb_slam3_ros2_wrapper/type_conversion.hpp:26[m[K,
[11.065s]                  from [01m[K/root/colcon_ws/src/orb_slam3_ros2_wrapper/src/rgbd/rgbd-slam-node.hpp:37[m[K,
[11.065s]                  from [01m[K/root/colcon_ws/src/orb_slam3_ros2_wrapper/src/rgbd/rgbd-slam-node.cpp:6[m[K:
[11.066s] [01m[K/home/orb/ORB_SLAM3/Thirdparty/g2o/g2o/types/../core/base_binary_edge.h:60:80:[m[K [01;35m[Kwarning: [m[K‘[01m[KEigen::AlignedBit[m[K’ is deprecated [[01;35m[K-Wdeprecated-declarations[m[K]
[11.066s]    60 |       typedef Eigen::Map<Matrix<double, Dj, Di>, Matrix<double, Dj, Di>::[01;35m[KFlags & AlignedBit[m[K ? Aligned : Unaligned > HessianBlockTransposedType;
[11.066s]       |                                                                          [01;35m[K~~~~~~^~~~~~~~~~~~[m[K
[11.066s] In file included from [01m[K/usr/include/eigen3/Eigen/Core:161[m[K,
[11.066s]                  from [01m[K/root/colcon_ws/src/orb_slam3_ros2_wrapper/include/orb_slam3_ros2_wrapper/type_conversion.hpp:10[m[K,
[11.066s]                  from [01m[K/root/colcon_ws/src/orb_slam3_ros2_wrapper/src/rgbd/rgbd-slam-node.hpp:37[m[K,
[11.066s]                  from [01m[K/root/colcon_ws/src/orb_slam3_ros2_wrapper/src/rgbd/rgbd-slam-node.cpp:6[m[K:
[11.066s] [01m[K/usr/include/eigen3/Eigen/src/Core/util/Constants.h:167:37:[m[K [01;36m[Knote: [m[Kdeclared here
[11.066s]   167 | EIGEN_DEPRECATED const unsigned int [01;36m[KAlignedBit[m[K = 0x80;
[11.066s]       |                                     [01;36m[K^~~~~~~~~~[m[K
[11.174s] In file included from [01m[K/home/orb/ORB_SLAM3/Thirdparty/g2o/g2o/types/types_six_dof_expmap.h:38[m[K,
[11.174s]                  from [01m[K/home/orb/ORB_SLAM3/include/Converter.h:26[m[K,
[11.174s]                  from [01m[K/home/orb/ORB_SLAM3/include/Frame.h:33[m[K,
[11.175s]                  from [01m[K/home/orb/ORB_SLAM3/include/KeyFrame.h:28[m[K,
[11.175s]                  from [01m[K/home/orb/ORB_SLAM3/include/MapPoint.h:23[m[K,
[11.175s]                  from [01m[K/root/colcon_ws/src/orb_slam3_ros2_wrapper/include/orb_slam3_ros2_wrapper/type_conversion.hpp:26[m[K,
[11.175s]                  from [01m[K/root/colcon_ws/src/orb_slam3_ros2_wrapper/src/type_conversion.cpp:7[m[K:
[11.175s] /home/orb/ORB_SLAM3/Thirdparty/g2o/g2o/types/../core/base_binary_edge.h: In instantiation of ‘[01m[Kclass g2o::BaseBinaryEdge<2, Eigen::Matrix<double, 2, 1>, g2o::VertexSBAPointXYZ, g2o::VertexSE3Expmap>[m[K’:
[11.175s] [01m[K/home/orb/ORB_SLAM3/Thirdparty/g2o/g2o/types/types_six_dof_expmap.h:114:35:[m[K   required from here
[11.175s] [01m[K/home/orb/ORB_SLAM3/Thirdparty/g2o/g2o/types/../core/base_binary_edge.h:59:80:[m[K [01;35m[Kwarning: [m[K‘[01m[KEigen::AlignedBit[m[K’ is deprecated [[01;35m[K-Wdeprecated-declarations[m[K]
[11.175s]    59 | ::Map<Matrix<double, Di, Dj>, Matrix<double, Di, Dj>::[01;35m[KFlags & AlignedBit[m[K ? Aligned : Unaligned > HessianBlockType;
[11.175s]       |                                                       [01;35m[K~~~~~~^~~~~~~~~~~~[m[K
[11.175s] 
[11.176s] In file included from [01m[K/usr/include/eigen3/Eigen/Core:161[m[K,
[11.176s]                  from [01m[K/root/colcon_ws/src/orb_slam3_ros2_wrapper/include/orb_slam3_ros2_wrapper/type_conversion.hpp:10[m[K,
[11.176s]                  from [01m[K/root/colcon_ws/src/orb_slam3_ros2_wrapper/src/type_conversion.cpp:7[m[K:
[11.176s] [01m[K/usr/include/eigen3/Eigen/src/Core/util/Constants.h:167:37:[m[K [01;36m[Knote: [m[Kdeclared here
[11.176s]   167 | EIGEN_DEPRECATED const unsigned int [01;36m[KAlignedBit[m[K = 0x80;
[11.176s]       |                                     [01;36m[K^~~~~~~~~~[m[K
[11.202s] In file included from [01m[K/home/orb/ORB_SLAM3/Thirdparty/g2o/g2o/types/types_six_dof_expmap.h:38[m[K,
[11.202s]                  from [01m[K/home/orb/ORB_SLAM3/include/Converter.h:26[m[K,
[11.202s]                  from [01m[K/home/orb/ORB_SLAM3/include/Frame.h:33[m[K,
[11.202s]                  from [01m[K/home/orb/ORB_SLAM3/include/KeyFrame.h:28[m[K,
[11.203s]                  from [01m[K/home/orb/ORB_SLAM3/include/MapPoint.h:23[m[K,
[11.203s]                  from [01m[K/root/colcon_ws/src/orb_slam3_ros2_wrapper/include/orb_slam3_ros2_wrapper/type_conversion.hpp:26[m[K,
[11.203s]                  from [01m[K/root/colcon_ws/src/orb_slam3_ros2_wrapper/src/type_conversion.cpp:7[m[K:
[11.203s] [01m[K/home/orb/ORB_SLAM3/Thirdparty/g2o/g2o/types/../core/base_binary_edge.h:60:80:[m[K [01;35m[Kwarning: [m[K‘[01m[KEigen::AlignedBit[m[K’ is deprecated [[01;35m[K-Wdeprecated-declarations[m[K]
[11.203s]    60 | ::Map<Matrix<double, Dj, Di>, Matrix<double, Dj, Di>::[01;35m[KFlags & AlignedBit[m[K ? Aligned : Unaligned > HessianBlockTransposedType;
[11.203s]       |                                                       [01;35m[K~~~~~~^~~~~~~~~~~~[m[K
[11.203s] 
[11.203s] In file included from [01m[K/usr/include/eigen3/Eigen/Core:161[m[K,
[11.203s]                  from [01m[K/root/colcon_ws/src/orb_slam3_ros2_wrapper/include/orb_slam3_ros2_wrapper/type_conversion.hpp:10[m[K,
[11.203s]                  from [01m[K/root/colcon_ws/src/orb_slam3_ros2_wrapper/src/type_conversion.cpp:7[m[K:
[11.204s] [01m[K/usr/include/eigen3/Eigen/src/Core/util/Constants.h:167:37:[m[K [01;36m[Knote: [m[Kdeclared here
[11.204s]   167 | EIGEN_DEPRECATED const unsigned int [01;36m[KAlignedBit[m[K = 0x80;
[11.204s]       |                                     [01;36m[K^~~~~~~~~~[m[K
[11.224s] [ 73%] [32m[1mLinking CXX static library libgtest.a[0m
[11.271s] [ 73%] Built target gtest
[11.293s] [ 80%] [32mBuilding CXX object CMakeFiles/typeconversionTests.dir/src/type_conversion.cpp.o[0m
[11.295s] [ 86%] [32mBuilding CXX object CMakeFiles/typeconversionTests.dir/tests/typeConversionsTests.cpp.o[0m
[11.316s] In file included from [01m[K/home/orb/ORB_SLAM3/Thirdparty/g2o/g2o/types/types_six_dof_expmap.h:38[m[K,
[11.316s]                  from [01m[K/home/orb/ORB_SLAM3/include/Converter.h:26[m[K,
[11.316s]                  from [01m[K/home/orb/ORB_SLAM3/include/Frame.h:33[m[K,
[11.316s]                  from [01m[K/home/orb/ORB_SLAM3/include/KeyFrame.h:28[m[K,
[11.316s]                  from [01m[K/home/orb/ORB_SLAM3/include/MapPoint.h:23[m[K,
[11.316s]                  from [01m[K/root/colcon_ws/src/orb_slam3_ros2_wrapper/include/orb_slam3_ros2_wrapper/type_conversion.hpp:26[m[K,
[11.326s]                  from [01m[K/root/colcon_ws/src/orb_slam3_ros2_wrapper/src/type_conversion.cpp:7[m[K:
[11.327s] /home/orb/ORB_SLAM3/Thirdparty/g2o/g2o/types/../core/base_binary_edge.h: In instantiation of ‘[01m[Kclass g2o::BaseBinaryEdge<3, Eigen::Matrix<double, 3, 1>, g2o::VertexSBAPointXYZ, g2o::VertexSE3Expmap>[m[K’:
[11.328s] [01m[K/home/orb/ORB_SLAM3/Thirdparty/g2o/g2o/types/types_six_dof_expmap.h:146:41:[m[K   required from here
[11.329s] [01m[K/home/orb/ORB_SLAM3/Thirdparty/g2o/g2o/types/../core/base_binary_edge.h:59:80:[m[K [01;35m[Kwarning: [m[K‘[01m[KEigen::AlignedBit[m[K’ is deprecated [[01;35m[K-Wdeprecated-declarations[m[K]
[11.330s]    59 | ::Map<Matrix<double, Di, Dj>, Matrix<double, Di, Dj>::[01;35m[KFlags & AlignedBit[m[K ? Aligned : Unaligned > HessianBlockType;
[11.331s]       |                                                       [01;35m[K~~~~~~^~~~~~~~~~~~[m[K
[11.332s] 
[11.333s] In file included from [01m[K/usr/include/eigen3/Eigen/Core:161[m[K,
[11.333s]                  from [01m[K/root/colcon_ws/src/orb_slam3_ros2_wrapper/include/orb_slam3_ros2_wrapper/type_conversion.hpp:10[m[K,
[11.334s]                  from [01m[K/root/colcon_ws/src/orb_slam3_ros2_wrapper/src/type_conversion.cpp:7[m[K:
[11.335s] [01m[K/usr/include/eigen3/Eigen/src/Core/util/Constants.h:167:37:[m[K [01;36m[Knote: [m[Kdeclared here
[11.336s]   167 | EIGEN_DEPRECATED const unsigned int [01;36m[KAlignedBit[m[K = 0x80;
[11.337s]       |                                     [01;36m[K^~~~~~~~~~[m[K
[11.338s] In file included from [01m[K/home/orb/ORB_SLAM3/Thirdparty/g2o/g2o/types/types_six_dof_expmap.h:38[m[K,
[11.339s]                  from [01m[K/home/orb/ORB_SLAM3/include/Converter.h:26[m[K,
[11.340s]                  from [01m[K/home/orb/ORB_SLAM3/include/Frame.h:33[m[K,
[11.341s]                  from [01m[K/home/orb/ORB_SLAM3/include/KeyFrame.h:28[m[K,
[11.342s]                  from [01m[K/home/orb/ORB_SLAM3/include/MapPoint.h:23[m[K,
[11.343s]                  from [01m[K/root/colcon_ws/src/orb_slam3_ros2_wrapper/include/orb_slam3_ros2_wrapper/type_conversion.hpp:26[m[K,
[11.344s]                  from [01m[K/root/colcon_ws/src/orb_slam3_ros2_wrapper/src/type_conversion.cpp:7[m[K:
[11.345s] [01m[K/home/orb/ORB_SLAM3/Thirdparty/g2o/g2o/types/../core/base_binary_edge.h:60:80:[m[K [01;35m[Kwarning: [m[K‘[01m[KEigen::AlignedBit[m[K’ is deprecated [[01;35m[K-Wdeprecated-declarations[m[K]
[11.345s]    60 | ::Map<Matrix<double, Dj, Di>, Matrix<double, Dj, Di>::[01;35m[KFlags & AlignedBit[m[K ? Aligned : Unaligned > HessianBlockTransposedType;
[11.346s]       |                                                       [01;35m[K~~~~~~^~~~~~~~~~~~[m[K
[11.347s] 
[11.348s] In file included from [01m[K/usr/include/eigen3/Eigen/Core:161[m[K,
[11.349s]                  from [01m[K/root/colcon_ws/src/orb_slam3_ros2_wrapper/include/orb_slam3_ros2_wrapper/type_conversion.hpp:10[m[K,
[11.350s]                  from [01m[K/root/colcon_ws/src/orb_slam3_ros2_wrapper/src/type_conversion.cpp:7[m[K:
[11.351s] [01m[K/usr/include/eigen3/Eigen/src/Core/util/Constants.h:167:37:[m[K [01;36m[Knote: [m[Kdeclared here
[11.352s]   167 | EIGEN_DEPRECATED const unsigned int [01;36m[KAlignedBit[m[K = 0x80;
[11.353s]       |                                     [01;36m[K^~~~~~~~~~[m[K
[11.665s] In file included from [01m[K/home/orb/ORB_SLAM3/Thirdparty/g2o/g2o/types/types_six_dof_expmap.h:37[m[K,
[11.665s]                  from [01m[K/home/orb/ORB_SLAM3/include/Converter.h:26[m[K,
[11.665s]                  from [01m[K/home/orb/ORB_SLAM3/include/Frame.h:33[m[K,
[11.665s]                  from [01m[K/home/orb/ORB_SLAM3/include/KeyFrame.h:28[m[K,
[11.665s]                  from [01m[K/home/orb/ORB_SLAM3/include/MapPoint.h:23[m[K,
[11.665s]                  from [01m[K/root/colcon_ws/src/orb_slam3_ros2_wrapper/include/orb_slam3_ros2_wrapper/type_conversion.hpp:26[m[K,
[11.665s]                  from [01m[K/root/colcon_ws/src/orb_slam3_ros2_wrapper/src/type_conversion.cpp:7[m[K:
[11.665s] /home/orb/ORB_SLAM3/Thirdparty/g2o/g2o/types/../core/base_vertex.h: In instantiation of ‘[01m[Kclass g2o::BaseVertex<7, g2o::Sim3>[m[K’:
[11.666s] [01m[K/home/orb/ORB_SLAM3/Thirdparty/g2o/g2o/types/types_seven_dof_expmap.h:48:35:[m[K   required from here
[11.666s] [01m[K/home/orb/ORB_SLAM3/Thirdparty/g2o/g2o/types/../core/base_vertex.h:62:72:[m[K [01;35m[Kwarning: [m[K‘[01m[KEigen::AlignedBit[m[K’ is deprecated [[01;35m[K-Wdeprecated-declarations[m[K]
[11.666s]    62 |  Eigen::Map<Matrix<double, D, D>, Matrix<double,D,D>::[01;35m[KFlags & AlignedBit[m[K ? Aligned : Unaligned >  HessianBlockType;
[11.666s]       |                                                       [01;35m[K~~~~~~^~~~~~~~~~~~[m[K
[11.666s] 
[11.670s] In file included from [01m[K/usr/include/eigen3/Eigen/Core:161[m[K,
[11.670s]                  from [01m[K/root/colcon_ws/src/orb_slam3_ros2_wrapper/include/orb_slam3_ros2_wrapper/type_conversion.hpp:10[m[K,
[11.670s]                  from [01m[K/root/colcon_ws/src/orb_slam3_ros2_wrapper/src/type_conversion.cpp:7[m[K:
[11.670s] [01m[K/usr/include/eigen3/Eigen/src/Core/util/Constants.h:167:37:[m[K [01;36m[Knote: [m[Kdeclared here
[11.670s]   167 | EIGEN_DEPRECATED const unsigned int [01;36m[KAlignedBit[m[K = 0x80;
[11.670s]       |                                     [01;36m[K^~~~~~~~~~[m[K
[11.716s] In file included from [01m[K/home/orb/ORB_SLAM3/Thirdparty/g2o/g2o/types/types_six_dof_expmap.h:38[m[K,
[11.717s]                  from [01m[K/home/orb/ORB_SLAM3/include/Converter.h:26[m[K,
[11.718s]                  from [01m[K/home/orb/ORB_SLAM3/include/Frame.h:33[m[K,
[11.718s]                  from [01m[K/home/orb/ORB_SLAM3/include/KeyFrame.h:28[m[K,
[11.718s]                  from [01m[K/home/orb/ORB_SLAM3/include/MapPoint.h:23[m[K,
[11.718s]                  from [01m[K/root/colcon_ws/src/orb_slam3_ros2_wrapper/include/orb_slam3_ros2_wrapper/type_conversion.hpp:26[m[K,
[11.718s]                  from [01m[K/root/colcon_ws/src/orb_slam3_ros2_wrapper/src/type_conversion.cpp:7[m[K:
[11.718s] /home/orb/ORB_SLAM3/Thirdparty/g2o/g2o/types/../core/base_binary_edge.h: In instantiation of ‘[01m[Kclass g2o::BaseBinaryEdge<7, g2o::Sim3, g2o::VertexSim3Expmap, g2o::VertexSim3Expmap>[m[K’:
[11.718s] [01m[K/home/orb/ORB_SLAM3/Thirdparty/g2o/g2o/types/types_seven_dof_expmap.h:99:27:[m[K   required from here
[11.718s] [01m[K/home/orb/ORB_SLAM3/Thirdparty/g2o/g2o/types/../core/base_binary_edge.h:59:80:[m[K [01;35m[Kwarning: [m[K‘[01m[KEigen::AlignedBit[m[K’ is deprecated [[01;35m[K-Wdeprecated-declarations[m[K]
[11.718s]    59 | ::Map<Matrix<double, Di, Dj>, Matrix<double, Di, Dj>::[01;35m[KFlags & AlignedBit[m[K ? Aligned : Unaligned > HessianBlockType;
[11.719s]       |                                                       [01;35m[K~~~~~~^~~~~~~~~~~~[m[K
[11.719s] 
[11.719s] In file included from [01m[K/usr/include/eigen3/Eigen/Core:161[m[K,
[11.719s]                  from [01m[K/root/colcon_ws/src/orb_slam3_ros2_wrapper/include/orb_slam3_ros2_wrapper/type_conversion.hpp:10[m[K,
[11.719s]                  from [01m[K/root/colcon_ws/src/orb_slam3_ros2_wrapper/src/type_conversion.cpp:7[m[K:
[11.719s] [01m[K/usr/include/eigen3/Eigen/src/Core/util/Constants.h:167:37:[m[K [01;36m[Knote: [m[Kdeclared here
[11.719s]   167 | EIGEN_DEPRECATED const unsigned int [01;36m[KAlignedBit[m[K = 0x80;
[11.719s]       |                                     [01;36m[K^~~~~~~~~~[m[K
[11.719s] In file included from [01m[K/home/orb/ORB_SLAM3/Thirdparty/g2o/g2o/types/types_six_dof_expmap.h:38[m[K,
[11.719s]                  from [01m[K/home/orb/ORB_SLAM3/include/Converter.h:26[m[K,
[11.719s]                  from [01m[K/home/orb/ORB_SLAM3/include/Frame.h:33[m[K,
[11.720s]                  from [01m[K/home/orb/ORB_SLAM3/include/KeyFrame.h:28[m[K,
[11.720s]                  from [01m[K/home/orb/ORB_SLAM3/include/MapPoint.h:23[m[K,
[11.720s]                  from [01m[K/root/colcon_ws/src/orb_slam3_ros2_wrapper/include/orb_slam3_ros2_wrapper/type_conversion.hpp:26[m[K,
[11.720s]                  from [01m[K/root/colcon_ws/src/orb_slam3_ros2_wrapper/src/type_conversion.cpp:7[m[K:
[11.720s] [01m[K/home/orb/ORB_SLAM3/Thirdparty/g2o/g2o/types/../core/base_binary_edge.h:60:80:[m[K [01;35m[Kwarning: [m[K‘[01m[KEigen::AlignedBit[m[K’ is deprecated [[01;35m[K-Wdeprecated-declarations[m[K]
[11.720s]    60 | ::Map<Matrix<double, Dj, Di>, Matrix<double, Dj, Di>::[01;35m[KFlags & AlignedBit[m[K ? Aligned : Unaligned > HessianBlockTransposedType;
[11.720s]       |                                                       [01;35m[K~~~~~~^~~~~~~~~~~~[m[K
[11.720s] 
[11.720s] In file included from [01m[K/usr/include/eigen3/Eigen/Core:161[m[K,
[11.720s]                  from [01m[K/root/colcon_ws/src/orb_slam3_ros2_wrapper/include/orb_slam3_ros2_wrapper/type_conversion.hpp:10[m[K,
[11.720s]                  from [01m[K/root/colcon_ws/src/orb_slam3_ros2_wrapper/src/type_conversion.cpp:7[m[K:
[11.734s] [01m[K/usr/include/eigen3/Eigen/src/Core/util/Constants.h:167:37:[m[K [01;36m[Knote: [m[Kdeclared here
[11.734s]   167 | EIGEN_DEPRECATED const unsigned int [01;36m[KAlignedBit[m[K = 0x80;
[11.734s]       |                                     [01;36m[K^~~~~~~~~~[m[K
[11.791s] In file included from [01m[K/home/orb/ORB_SLAM3/Thirdparty/g2o/g2o/types/types_six_dof_expmap.h:38[m[K,
[11.792s]                  from [01m[K/home/orb/ORB_SLAM3/include/Converter.h:26[m[K,
[11.793s]                  from [01m[K/home/orb/ORB_SLAM3/include/Frame.h:33[m[K,
[11.794s]                  from [01m[K/home/orb/ORB_SLAM3/include/KeyFrame.h:28[m[K,
[11.794s]                  from [01m[K/home/orb/ORB_SLAM3/include/MapPoint.h:23[m[K,
[11.795s]                  from [01m[K/root/colcon_ws/src/orb_slam3_ros2_wrapper/include/orb_slam3_ros2_wrapper/type_conversion.hpp:26[m[K,
[11.796s]                  from [01m[K/root/colcon_ws/src/orb_slam3_ros2_wrapper/src/type_conversion.cpp:7[m[K:
[11.797s] /home/orb/ORB_SLAM3/Thirdparty/g2o/g2o/types/../core/base_binary_edge.h: In instantiation of ‘[01m[Kclass g2o::BaseBinaryEdge<2, Eigen::Matrix<double, 2, 1>, g2o::VertexSBAPointXYZ, g2o::VertexSim3Expmap>[m[K’:
[11.798s] [01m[K/home/orb/ORB_SLAM3/Thirdparty/g2o/g2o/types/types_seven_dof_expmap.h:130:36:[m[K   required from here
[11.799s] [01m[K/home/orb/ORB_SLAM3/Thirdparty/g2o/g2o/types/../core/base_binary_edge.h:59:80:[m[K [01;35m[Kwarning: [m[K‘[01m[KEigen::AlignedBit[m[K’ is deprecated [[01;35m[K-Wdeprecated-declarations[m[K]
[11.800s]    59 | ::Map<Matrix<double, Di, Dj>, Matrix<double, Di, Dj>::[01;35m[KFlags & AlignedBit[m[K ? Aligned : Unaligned > HessianBlockType;
[11.801s]       |                                                       [01;35m[K~~~~~~^~~~~~~~~~~~[m[K
[11.802s] 
[11.803s] In file included from [01m[K/usr/include/eigen3/Eigen/Core:161[m[K,
[11.803s]                  from [01m[K/root/colcon_ws/src/orb_slam3_ros2_wrapper/include/orb_slam3_ros2_wrapper/type_conversion.hpp:10[m[K,
[11.804s]                  from [01m[K/root/colcon_ws/src/orb_slam3_ros2_wrapper/src/type_conversion.cpp:7[m[K:
[11.805s] [01m[K/usr/include/eigen3/Eigen/src/Core/util/Constants.h:167:37:[m[K [01;36m[Knote: [m[Kdeclared here
[11.806s]   167 | EIGEN_DEPRECATED const unsigned int [01;36m[KAlignedBit[m[K = 0x80;
[11.807s]       |                                     [01;36m[K^~~~~~~~~~[m[K
[11.816s] In file included from [01m[K/home/orb/ORB_SLAM3/Thirdparty/g2o/g2o/types/types_six_dof_expmap.h:38[m[K,
[11.817s]                  from [01m[K/home/orb/ORB_SLAM3/include/Converter.h:26[m[K,
[11.818s]                  from [01m[K/home/orb/ORB_SLAM3/include/Frame.h:33[m[K,
[11.819s]                  from [01m[K/home/orb/ORB_SLAM3/include/KeyFrame.h:28[m[K,
[11.820s]                  from [01m[K/home/orb/ORB_SLAM3/include/MapPoint.h:23[m[K,
[11.821s]                  from [01m[K/root/colcon_ws/src/orb_slam3_ros2_wrapper/include/orb_slam3_ros2_wrapper/type_conversion.hpp:26[m[K,
[11.822s]                  from [01m[K/root/colcon_ws/src/orb_slam3_ros2_wrapper/src/type_conversion.cpp:7[m[K:
[11.823s] [01m[K/home/orb/ORB_SLAM3/Thirdparty/g2o/g2o/types/../core/base_binary_edge.h:60:80:[m[K [01;35m[Kwarning: [m[K‘[01m[KEigen::AlignedBit[m[K’ is deprecated [[01;35m[K-Wdeprecated-declarations[m[K]
[11.823s]    60 | ::Map<Matrix<double, Dj, Di>, Matrix<double, Dj, Di>::[01;35m[KFlags & AlignedBit[m[K ? Aligned : Unaligned > HessianBlockTransposedType;
[11.824s]       |                                                       [01;35m[K~~~~~~^~~~~~~~~~~~[m[K
[11.825s] 
[11.826s] In file included from [01m[K/usr/include/eigen3/Eigen/Core:161[m[K,
[11.827s]                  from [01m[K/root/colcon_ws/src/orb_slam3_ros2_wrapper/include/orb_slam3_ros2_wrapper/type_conversion.hpp:10[m[K,
[11.828s]                  from [01m[K/root/colcon_ws/src/orb_slam3_ros2_wrapper/src/type_conversion.cpp:7[m[K:
[11.829s] [01m[K/usr/include/eigen3/Eigen/src/Core/util/Constants.h:167:37:[m[K [01;36m[Knote: [m[Kdeclared here
[11.829s]   167 | EIGEN_DEPRECATED const unsigned int [01;36m[KAlignedBit[m[K = 0x80;
[11.830s]       |                                     [01;36m[K^~~~~~~~~~[m[K
[11.951s] In file included from [01m[K/home/orb/ORB_SLAM3/include/Atlas.h:26[m[K,
[11.951s]                  from [01m[K/home/orb/ORB_SLAM3/include/FrameDrawer.h:25[m[K,
[11.951s]                  from [01m[K/home/orb/ORB_SLAM3/include/Viewer.h:23[m[K,
[11.952s]                  from [01m[K/home/orb/ORB_SLAM3/include/Tracking.h:26[m[K,
[11.952s]                  from [01m[K/home/orb/ORB_SLAM3/include/System.h:31[m[K,
[11.952s]                  from [01m[K/root/colcon_ws/src/orb_slam3_ros2_wrapper/include/orb_slam3_ros2_wrapper/orb_slam3_interface.hpp:28[m[K,
[11.952s]                  from [01m[K/root/colcon_ws/src/orb_slam3_ros2_wrapper/src/rgbd/rgbd-slam-node.hpp:38[m[K,
[11.952s]                  from [01m[K/root/colcon_ws/src/orb_slam3_ros2_wrapper/src/rgbd/rgbd.cpp:7[m[K:
[11.952s] [01m[K/home/orb/ORB_SLAM3/include/CameraModels/Pinhole.h:[m[K In member function ‘[01m[Kvirtual bool ORB_SLAM3::Pinhole::matchAndtriangulate(const cv::KeyPoint&, const cv::KeyPoint&, ORB_SLAM3::GeometricCamera*, Sophus::SE3f&, Sophus::SE3f&, float, float, Eigen::Vector3f&)[m[K’:
[11.952s] [01m[K/home/orb/ORB_SLAM3/include/CameraModels/Pinhole.h:83:54:[m[K [01;35m[Kwarning: [m[Kunused parameter ‘[01m[Kkp1[m[K’ [[01;35m[K-Wunused-parameter[m[K]
[11.952s]    83 |         bool matchAndtriangulate([01;35m[Kconst cv::KeyPoint& kp1[m[K, const cv::KeyPoint& kp2, GeometricCamera* pOther,
[11.952s]       |                                  [01;35m[K~~~~~~~~~~~~~~~~~~~~^~~[m[K
[11.953s] [01m[K/home/orb/ORB_SLAM3/include/CameraModels/Pinhole.h:83:79:[m[K [01;35m[Kwarning: [m[Kunused parameter ‘[01m[Kkp2[m[K’ [[01;35m[K-Wunused-parameter[m[K]
[11.953s]    83 |         bool matchAndtriangulate(const cv::KeyPoint& kp1, [01;35m[Kconst cv::KeyPoint& kp2[m[K, GeometricCamera* pOther,
[11.953s]       |                                                           [01;35m[K~~~~~~~~~~~~~~~~~~~~^~~[m[K
[11.953s] [01m[K/home/orb/ORB_SLAM3/include/CameraModels/Pinhole.h:83:101:[m[K [01;35m[Kwarning: [m[Kunused parameter ‘[01m[KpOther[m[K’ [[01;35m[K-Wunused-parameter[m[K]
[11.953s]    83 |         bool matchAndtriangulate(const cv::KeyPoint& kp1, const cv::KeyPoint& kp2, [01;35m[KGeometricCamera* pOther[m[K,
[11.953s]       |                                                                                    [01;35m[K~~~~~~~~~~~~~~~~~^~~~~~[m[K
[11.953s] [01m[K/home/orb/ORB_SLAM3/include/CameraModels/Pinhole.h:84:48:[m[K [01;35m[Kwarning: [m[Kunused parameter ‘[01m[KTcw1[m[K’ [[01;35m[K-Wunused-parameter[m[K]
[11.954s]    84 |                                  [01;35m[KSophus::SE3f& Tcw1[m[K, Sophus::SE3f& Tcw2,
[11.954s]       |                                  [01;35m[K~~~~~~~~~~~~~~^~~~[m[K
[11.954s] [01m[K/home/orb/ORB_SLAM3/include/CameraModels/Pinhole.h:84:68:[m[K [01;35m[Kwarning: [m[Kunused parameter ‘[01m[KTcw2[m[K’ [[01;35m[K-Wunused-parameter[m[K]
[11.954s]    84 |                                  Sophus::SE3f& Tcw1, [01;35m[KSophus::SE3f& Tcw2[m[K,
[11.954s]       |                                                      [01;35m[K~~~~~~~~~~~~~~^~~~[m[K
[11.954s] [01m[K/home/orb/ORB_SLAM3/include/CameraModels/Pinhole.h:85:46:[m[K [01;35m[Kwarning: [m[Kunused parameter ‘[01m[KsigmaLevel1[m[K’ [[01;35m[K-Wunused-parameter[m[K]
[11.954s]    85 |                                  [01;35m[Kconst float sigmaLevel1[m[K, const float sigmaLevel2,
[11.954s]       |                                  [01;35m[K~~~~~~~~~~~~^~~~~~~~~~~[m[K
[11.954s] [01m[K/home/orb/ORB_SLAM3/include/CameraModels/Pinhole.h:85:71:[m[K [01;35m[Kwarning: [m[Kunused parameter ‘[01m[KsigmaLevel2[m[K’ [[01;35m[K-Wunused-parameter[m[K]
[11.954s]    85 |                                  const float sigmaLevel1, [01;35m[Kconst float sigmaLevel2[m[K,
[11.955s]       |                                                           [01;35m[K~~~~~~~~~~~~^~~~~~~~~~~[m[K
[11.955s] [01m[K/home/orb/ORB_SLAM3/include/CameraModels/Pinhole.h:86:51:[m[K [01;35m[Kwarning: [m[Kunused parameter ‘[01m[Kx3Dtriangulated[m[K’ [[01;35m[K-Wunused-parameter[m[K]
[11.955s]    86 |                                  [01;35m[KEigen::Vector3f& x3Dtriangulated[m[K) { return false;}
[11.955s]       |                                  [01;35m[K~~~~~~~~~~~~~~~~~^~~~~~~~~~~~~~~[m[K
[11.955s] In file included from [01m[K/home/orb/ORB_SLAM3/include/Atlas.h:27[m[K,
[11.955s]                  from [01m[K/home/orb/ORB_SLAM3/include/FrameDrawer.h:25[m[K,
[11.955s]                  from [01m[K/home/orb/ORB_SLAM3/include/Viewer.h:23[m[K,
[11.955s]                  from [01m[K/home/orb/ORB_SLAM3/include/Tracking.h:26[m[K,
[11.955s]                  from [01m[K/home/orb/ORB_SLAM3/include/System.h:31[m[K,
[11.955s]                  from [01m[K/root/colcon_ws/src/orb_slam3_ros2_wrapper/include/orb_slam3_ros2_wrapper/orb_slam3_interface.hpp:28[m[K,
[11.955s]                  from [01m[K/root/colcon_ws/src/orb_slam3_ros2_wrapper/src/rgbd/rgbd-slam-node.hpp:38[m[K,
[11.956s]                  from [01m[K/root/colcon_ws/src/orb_slam3_ros2_wrapper/src/rgbd/rgbd.cpp:7[m[K:
[11.956s] [01m[K/home/orb/ORB_SLAM3/include/CameraModels/KannalaBrandt8.h:[m[K In constructor ‘[01m[KORB_SLAM3::KannalaBrandt8::KannalaBrandt8(std::vector<float>)[m[K’:
[11.959s] [01m[K/home/orb/ORB_SLAM3/include/CameraModels/KannalaBrandt8.h:102:21:[m[K [01;35m[Kwarning: [m[K‘[01m[KORB_SLAM3::KannalaBrandt8::precision[m[K’ will be initialized after [[01;35m[K-Wreorder[m[K]
[11.960s]   102 |         const float [01;35m[Kprecision[m[K;
[11.960s]       |                     [01;35m[K^~~~~~~~~[m[K
[11.960s] [01m[K/home/orb/ORB_SLAM3/include/CameraModels/KannalaBrandt8.h:88:26:[m[K [01;35m[Kwarning: [m[K  ‘[01m[Kstd::vector<int> ORB_SLAM3::KannalaBrandt8::mvLappingArea[m[K’ [[01;35m[K-Wreorder[m[K]
[11.960s]    88 |         std::vector<int> [01;35m[KmvLappingArea[m[K;
[11.960s]       |                          [01;35m[K^~~~~~~~~~~~~[m[K
[11.960s] In file included from [01m[K/home/orb/ORB_SLAM3/include/Atlas.h:27[m[K,
[11.960s]                  from [01m[K/home/orb/ORB_SLAM3/include/FrameDrawer.h:25[m[K,
[11.960s]                  from [01m[K/home/orb/ORB_SLAM3/include/Viewer.h:23[m[K,
[11.960s]                  from [01m[K/home/orb/ORB_SLAM3/include/Tracking.h:26[m[K,
[11.960s]                  from [01m[K/home/orb/ORB_SLAM3/include/System.h:31[m[K,
[11.960s]                  from [01m[K/root/colcon_ws/src/orb_slam3_ros2_wrapper/include/orb_slam3_ros2_wrapper/orb_slam3_interface.hpp:28[m[K,
[11.961s]                  from [01m[K/root/colcon_ws/src/orb_slam3_ros2_wrapper/src/rgbd/rgbd-slam-node.hpp:38[m[K,
[11.961s]                  from [01m[K/root/colcon_ws/src/orb_slam3_ros2_wrapper/src/rgbd/rgbd.cpp:7[m[K:
[11.961s] [01m[K/home/orb/ORB_SLAM3/include/CameraModels/KannalaBrandt8.h:47:9:[m[K [01;35m[Kwarning: [m[K  when initialized here [[01;35m[K-Wreorder[m[K]
[11.961s]    47 |         [01;35m[KKannalaBrandt8[m[K(const std::vector<float> _vParameters) : GeometricCamera(_vParameters), precision(1e-6), mvLappingArea(2,0) ,tvr(nullptr) {
[11.961s]       |         [01;35m[K^~~~~~~~~~~~~~[m[K
[11.961s] In file included from [01m[K/home/orb/ORB_SLAM3/include/Atlas.h:27[m[K,
[11.961s]                  from [01m[K/home/orb/ORB_SLAM3/include/FrameDrawer.h:25[m[K,
[11.961s]                  from [01m[K/home/orb/ORB_SLAM3/include/Viewer.h:23[m[K,
[11.961s]                  from [01m[K/home/orb/ORB_SLAM3/include/Tracking.h:26[m[K,
[11.961s]                  from [01m[K/home/orb/ORB_SLAM3/include/System.h:31[m[K,
[11.961s]                  from [01m[K/root/colcon_ws/src/orb_slam3_ros2_wrapper/include/orb_slam3_ros2_wrapper/orb_slam3_interface.hpp:28[m[K,
[11.961s]                  from [01m[K/root/colcon_ws/src/orb_slam3_ros2_wrapper/src/rgbd/rgbd-slam-node.hpp:38[m[K,
[11.962s]                  from [01m[K/root/colcon_ws/src/orb_slam3_ros2_wrapper/src/rgbd/rgbd.cpp:7[m[K:
[11.962s] [01m[K/home/orb/ORB_SLAM3/include/CameraModels/KannalaBrandt8.h:[m[K In constructor ‘[01m[KORB_SLAM3::KannalaBrandt8::KannalaBrandt8(std::vector<float>, float)[m[K’:
[11.962s] [01m[K/home/orb/ORB_SLAM3/include/CameraModels/KannalaBrandt8.h:102:21:[m[K [01;35m[Kwarning: [m[K‘[01m[KORB_SLAM3::KannalaBrandt8::precision[m[K’ will be initialized after [[01;35m[K-Wreorder[m[K]
[11.962s]   102 |         const float [01;35m[Kprecision[m[K;
[11.962s]       |                     [01;35m[K^~~~~~~~~[m[K
[11.962s] [01m[K/home/orb/ORB_SLAM3/include/CameraModels/KannalaBrandt8.h:88:26:[m[K [01;35m[Kwarning: [m[K  ‘[01m[Kstd::vector<int> ORB_SLAM3::KannalaBrandt8::mvLappingArea[m[K’ [[01;35m[K-Wreorder[m[K]
[11.962s]    88 |         std::vector<int> [01;35m[KmvLappingArea[m[K;
[11.962s]       |                          [01;35m[K^~~~~~~~~~~~~[m[K
[11.962s] [01m[K/home/orb/ORB_SLAM3/include/CameraModels/KannalaBrandt8.h:53:9:[m[K [01;35m[Kwarning: [m[K  when initialized here [[01;35m[K-Wreorder[m[K]
[11.962s]    53 |         [01;35m[KKannalaBrandt8[m[K(const std::vector<float> _vParameters, const float _precision) : GeometricCamera(_vParameters),
[11.962s]       |         [01;35m[K^~~~~~~~~~~~~~[m[K
[11.963s] [01m[K/home/orb/ORB_SLAM3/include/CameraModels/KannalaBrandt8.h:[m[K In constructor ‘[01m[KORB_SLAM3::KannalaBrandt8::KannalaBrandt8(ORB_SLAM3::KannalaBrandt8*)[m[K’:
[11.963s] [01m[K/home/orb/ORB_SLAM3/include/CameraModels/KannalaBrandt8.h:102:21:[m[K [01;35m[Kwarning: [m[K‘[01m[KORB_SLAM3::KannalaBrandt8::precision[m[K’ will be initialized after [[01;35m[K-Wreorder[m[K]
[11.963s]   102 |         const float [01;35m[Kprecision[m[K;
[11.963s]       |                     [01;35m[K^~~~~~~~~[m[K
[11.963s] [01m[K/home/orb/ORB_SLAM3/include/CameraModels/KannalaBrandt8.h:88:26:[m[K [01;35m[Kwarning: [m[K  ‘[01m[Kstd::vector<int> ORB_SLAM3::KannalaBrandt8::mvLappingArea[m[K’ [[01;35m[K-Wreorder[m[K]
[11.963s]    88 |         std::vector<int> [01;35m[KmvLappingArea[m[K;
[11.963s]       |                          [01;35m[K^~~~~~~~~~~~~[m[K
[11.963s] [01m[K/home/orb/ORB_SLAM3/include/CameraModels/KannalaBrandt8.h:59:9:[m[K [01;35m[Kwarning: [m[K  when initialized here [[01;35m[K-Wreorder[m[K]
[11.963s]    59 |         [01;35m[KKannalaBrandt8[m[K(KannalaBrandt8* pKannala) : GeometricCamera(pKannala->mvParameters), precision(pKannala->precision), mvLappingArea(2,0) ,tvr(nullptr) {
[11.963s]       |         [01;35m[K^~~~~~~~~~~~~~[m[K
[12.053s] In file included from [01m[K/home/orb/ORB_SLAM3/include/Atlas.h:26[m[K,
[12.053s]                  from [01m[K/home/orb/ORB_SLAM3/include/FrameDrawer.h:25[m[K,
[12.053s]                  from [01m[K/home/orb/ORB_SLAM3/include/Viewer.h:23[m[K,
[12.053s]                  from [01m[K/home/orb/ORB_SLAM3/include/Tracking.h:26[m[K,
[12.053s]                  from [01m[K/home/orb/ORB_SLAM3/include/System.h:31[m[K,
[12.053s]                  from [01m[K/root/colcon_ws/src/orb_slam3_ros2_wrapper/include/orb_slam3_ros2_wrapper/orb_slam3_interface.hpp:28[m[K,
[12.054s]                  from [01m[K/root/colcon_ws/src/orb_slam3_ros2_wrapper/src/rgbd/rgbd-slam-node.hpp:38[m[K,
[12.054s]                  from [01m[K/root/colcon_ws/src/orb_slam3_ros2_wrapper/src/rgbd/rgbd-slam-node.cpp:6[m[K:
[12.054s] [01m[K/home/orb/ORB_SLAM3/include/CameraModels/Pinhole.h:[m[K In member function ‘[01m[Kvirtual bool ORB_SLAM3::Pinhole::matchAndtriangulate(const cv::KeyPoint&, const cv::KeyPoint&, ORB_SLAM3::GeometricCamera*, Sophus::SE3f&, Sophus::SE3f&, float, float, Eigen::Vector3f&)[m[K’:
[12.054s] [01m[K/home/orb/ORB_SLAM3/include/CameraModels/Pinhole.h:83:54:[m[K [01;35m[Kwarning: [m[Kunused parameter ‘[01m[Kkp1[m[K’ [[01;35m[K-Wunused-parameter[m[K]
[12.054s]    83 |         bool matchAndtriangulate([01;35m[Kconst cv::KeyPoint& kp1[m[K, const cv::KeyPoint& kp2, GeometricCamera* pOther,
[12.054s]       |                                  [01;35m[K~~~~~~~~~~~~~~~~~~~~^~~[m[K
[12.054s] [01m[K/home/orb/ORB_SLAM3/include/CameraModels/Pinhole.h:83:79:[m[K [01;35m[Kwarning: [m[Kunused parameter ‘[01m[Kkp2[m[K’ [[01;35m[K-Wunused-parameter[m[K]
[12.054s]    83 |         bool matchAndtriangulate(const cv::KeyPoint& kp1, [01;35m[Kconst cv::KeyPoint& kp2[m[K, GeometricCamera* pOther,
[12.054s]       |                                                           [01;35m[K~~~~~~~~~~~~~~~~~~~~^~~[m[K
[12.054s] [01m[K/home/orb/ORB_SLAM3/include/CameraModels/Pinhole.h:83:101:[m[K [01;35m[Kwarning: [m[Kunused parameter ‘[01m[KpOther[m[K’ [[01;35m[K-Wunused-parameter[m[K]
[12.055s]    83 |         bool matchAndtriangulate(const cv::KeyPoint& kp1, const cv::KeyPoint& kp2, [01;35m[KGeometricCamera* pOther[m[K,
[12.055s]       |                                                                                    [01;35m[K~~~~~~~~~~~~~~~~~^~~~~~[m[K
[12.057s] [01m[K/home/orb/ORB_SLAM3/include/CameraModels/Pinhole.h:84:48:[m[K [01;35m[Kwarning: [m[Kunused parameter ‘[01m[KTcw1[m[K’ [[01;35m[K-Wunused-parameter[m[K]
[12.057s]    84 |                                  [01;35m[KSophus::SE3f& Tcw1[m[K, Sophus::SE3f& Tcw2,
[12.057s]       |                                  [01;35m[K~~~~~~~~~~~~~~^~~~[m[K
[12.058s] [01m[K/home/orb/ORB_SLAM3/include/CameraModels/Pinhole.h:84:68:[m[K [01;35m[Kwarning: [m[Kunused parameter ‘[01m[KTcw2[m[K’ [[01;35m[K-Wunused-parameter[m[K]
[12.058s]    84 |                                  Sophus::SE3f& Tcw1, [01;35m[KSophus::SE3f& Tcw2[m[K,
[12.058s]       |                                                      [01;35m[K~~~~~~~~~~~~~~^~~~[m[K
[12.058s] [01m[K/home/orb/ORB_SLAM3/include/CameraModels/Pinhole.h:85:46:[m[K [01;35m[Kwarning: [m[Kunused parameter ‘[01m[KsigmaLevel1[m[K’ [[01;35m[K-Wunused-parameter[m[K]
[12.058s]    85 |                                  [01;35m[Kconst float sigmaLevel1[m[K, const float sigmaLevel2,
[12.058s]       |                                  [01;35m[K~~~~~~~~~~~~^~~~~~~~~~~[m[K
[12.058s] [01m[K/home/orb/ORB_SLAM3/include/CameraModels/Pinhole.h:85:71:[m[K [01;35m[Kwarning: [m[Kunused parameter ‘[01m[KsigmaLevel2[m[K’ [[01;35m[K-Wunused-parameter[m[K]
[12.059s]    85 |                                  const float sigmaLevel1, [01;35m[Kconst float sigmaLevel2[m[K,
[12.059s]       |                                                           [01;35m[K~~~~~~~~~~~~^~~~~~~~~~~[m[K
[12.059s] [01m[K/home/orb/ORB_SLAM3/include/CameraModels/Pinhole.h:86:51:[m[K [01;35m[Kwarning: [m[Kunused parameter ‘[01m[Kx3Dtriangulated[m[K’ [[01;35m[K-Wunused-parameter[m[K]
[12.059s]    86 |                                  [01;35m[KEigen::Vector3f& x3Dtriangulated[m[K) { return false;}
[12.059s]       |                                  [01;35m[K~~~~~~~~~~~~~~~~~^~~~~~~~~~~~~~~[m[K
[12.059s] In file included from [01m[K/home/orb/ORB_SLAM3/include/Atlas.h:27[m[K,
[12.059s]                  from [01m[K/home/orb/ORB_SLAM3/include/FrameDrawer.h:25[m[K,
[12.059s]                  from [01m[K/home/orb/ORB_SLAM3/include/Viewer.h:23[m[K,
[12.060s]                  from [01m[K/home/orb/ORB_SLAM3/include/Tracking.h:26[m[K,
[12.060s]                  from [01m[K/home/orb/ORB_SLAM3/include/System.h:31[m[K,
[12.060s]                  from [01m[K/root/colcon_ws/src/orb_slam3_ros2_wrapper/include/orb_slam3_ros2_wrapper/orb_slam3_interface.hpp:28[m[K,
[12.060s]                  from [01m[K/root/colcon_ws/src/orb_slam3_ros2_wrapper/src/rgbd/rgbd-slam-node.hpp:38[m[K,
[12.060s]                  from [01m[K/root/colcon_ws/src/orb_slam3_ros2_wrapper/src/rgbd/rgbd-slam-node.cpp:6[m[K:
[12.060s] [01m[K/home/orb/ORB_SLAM3/include/CameraModels/KannalaBrandt8.h:[m[K In constructor ‘[01m[KORB_SLAM3::KannalaBrandt8::KannalaBrandt8(std::vector<float>)[m[K’:
[12.060s] [01m[K/home/orb/ORB_SLAM3/include/CameraModels/KannalaBrandt8.h:102:21:[m[K [01;35m[Kwarning: [m[K‘[01m[KORB_SLAM3::KannalaBrandt8::precision[m[K’ will be initialized after [[01;35m[K-Wreorder[m[K]
[12.060s]   102 |         const float [01;35m[Kprecision[m[K;
[12.060s]       |                     [01;35m[K^~~~~~~~~[m[K
[12.060s] [01m[K/home/orb/ORB_SLAM3/include/CameraModels/KannalaBrandt8.h:88:26:[m[K [01;35m[Kwarning: [m[K  ‘[01m[Kstd::vector<int> ORB_SLAM3::KannalaBrandt8::mvLappingArea[m[K’ [[01;35m[K-Wreorder[m[K]
[12.061s]    88 |         std::vector<int> [01;35m[KmvLappingArea[m[K;
[12.061s]       |                          [01;35m[K^~~~~~~~~~~~~[m[K
[12.061s] In file included from [01m[K/home/orb/ORB_SLAM3/include/Atlas.h:27[m[K,
[12.061s]                  from [01m[K/home/orb/ORB_SLAM3/include/FrameDrawer.h:25[m[K,
[12.061s]                  from [01m[K/home/orb/ORB_SLAM3/include/Viewer.h:23[m[K,
[12.061s]                  from [01m[K/home/orb/ORB_SLAM3/include/Tracking.h:26[m[K,
[12.061s]                  from [01m[K/home/orb/ORB_SLAM3/include/System.h:31[m[K,
[12.061s]                  from [01m[K/root/colcon_ws/src/orb_slam3_ros2_wrapper/include/orb_slam3_ros2_wrapper/orb_slam3_interface.hpp:28[m[K,
[12.061s]                  from [01m[K/root/colcon_ws/src/orb_slam3_ros2_wrapper/src/rgbd/rgbd-slam-node.hpp:38[m[K,
[12.061s]                  from [01m[K/root/colcon_ws/src/orb_slam3_ros2_wrapper/src/rgbd/rgbd-slam-node.cpp:6[m[K:
[12.062s] [01m[K/home/orb/ORB_SLAM3/include/CameraModels/KannalaBrandt8.h:47:9:[m[K [01;35m[Kwarning: [m[K  when initialized here [[01;35m[K-Wreorder[m[K]
[12.062s]    47 |         [01;35m[KKannalaBrandt8[m[K(const std::vector<float> _vParameters) : GeometricCamera(_vParameters), precision(1e-6), mvLappingArea(2,0) ,tvr(nullptr) {
[12.062s]       |         [01;35m[K^~~~~~~~~~~~~~[m[K
[12.062s] In file included from [01m[K/home/orb/ORB_SLAM3/include/Atlas.h:27[m[K,
[12.062s]                  from [01m[K/home/orb/ORB_SLAM3/include/FrameDrawer.h:25[m[K,
[12.062s]                  from [01m[K/home/orb/ORB_SLAM3/include/Viewer.h:23[m[K,
[12.062s]                  from [01m[K/home/orb/ORB_SLAM3/include/Tracking.h:26[m[K,
[12.062s]                  from [01m[K/home/orb/ORB_SLAM3/include/System.h:31[m[K,
[12.062s]                  from [01m[K/root/colcon_ws/src/orb_slam3_ros2_wrapper/include/orb_slam3_ros2_wrapper/orb_slam3_interface.hpp:28[m[K,
[12.063s]                  from [01m[K/root/colcon_ws/src/orb_slam3_ros2_wrapper/src/rgbd/rgbd-slam-node.hpp:38[m[K,
[12.063s]                  from [01m[K/root/colcon_ws/src/orb_slam3_ros2_wrapper/src/rgbd/rgbd-slam-node.cpp:6[m[K:
[12.063s] [01m[K/home/orb/ORB_SLAM3/include/CameraModels/KannalaBrandt8.h:[m[K In constructor ‘[01m[KORB_SLAM3::KannalaBrandt8::KannalaBrandt8(std::vector<float>, float)[m[K’:
[12.063s] [01m[K/home/orb/ORB_SLAM3/include/CameraModels/KannalaBrandt8.h:102:21:[m[K [01;35m[Kwarning: [m[K‘[01m[KORB_SLAM3::KannalaBrandt8::precision[m[K’ will be initialized after [[01;35m[K-Wreorder[m[K]
[12.063s]   102 |         const float [01;35m[Kprecision[m[K;
[12.063s]       |                     [01;35m[K^~~~~~~~~[m[K
[12.063s] [01m[K/home/orb/ORB_SLAM3/include/CameraModels/KannalaBrandt8.h:88:26:[m[K [01;35m[Kwarning: [m[K  ‘[01m[Kstd::vector<int> ORB_SLAM3::KannalaBrandt8::mvLappingArea[m[K’ [[01;35m[K-Wreorder[m[K]
[12.063s]    88 |         std::vector<int> [01;35m[KmvLappingArea[m[K;
[12.063s]       |                          [01;35m[K^~~~~~~~~~~~~[m[K
[12.063s] [01m[K/home/orb/ORB_SLAM3/include/CameraModels/KannalaBrandt8.h:53:9:[m[K [01;35m[Kwarning: [m[K  when initialized here [[01;35m[K-Wreorder[m[K]
[12.064s]    53 |         [01;35m[KKannalaBrandt8[m[K(const std::vector<float> _vParameters, const float _precision) : GeometricCamera(_vParameters),
[12.064s]       |         [01;35m[K^~~~~~~~~~~~~~[m[K
[12.064s] [01m[K/home/orb/ORB_SLAM3/include/CameraModels/KannalaBrandt8.h:[m[K In constructor ‘[01m[KORB_SLAM3::KannalaBrandt8::KannalaBrandt8(ORB_SLAM3::KannalaBrandt8*)[m[K’:
[12.064s] [01m[K/home/orb/ORB_SLAM3/include/CameraModels/KannalaBrandt8.h:102:21:[m[K [01;35m[Kwarning: [m[K‘[01m[KORB_SLAM3::KannalaBrandt8::precision[m[K’ will be initialized after [[01;35m[K-Wreorder[m[K]
[12.064s]   102 |         const float [01;35m[Kprecision[m[K;
[12.064s]       |                     [01;35m[K^~~~~~~~~[m[K
[12.064s] [01m[K/home/orb/ORB_SLAM3/include/CameraModels/KannalaBrandt8.h:88:26:[m[K [01;35m[Kwarning: [m[K  ‘[01m[Kstd::vector<int> ORB_SLAM3::KannalaBrandt8::mvLappingArea[m[K’ [[01;35m[K-Wreorder[m[K]
[12.064s]    88 |         std::vector<int> [01;35m[KmvLappingArea[m[K;
[12.064s]       |                          [01;35m[K^~~~~~~~~~~~~[m[K
[12.065s] [01m[K/home/orb/ORB_SLAM3/include/CameraModels/KannalaBrandt8.h:59:9:[m[K [01;35m[Kwarning: [m[K  when initialized here [[01;35m[K-Wreorder[m[K]
[12.065s]    59 |         [01;35m[KKannalaBrandt8[m[K(KannalaBrandt8* pKannala) : GeometricCamera(pKannala->mvParameters), precision(pKannala->precision), mvLappingArea(2,0) ,tvr(nullptr) {
[12.065s]       |         [01;35m[K^~~~~~~~~~~~~~[m[K
[12.857s] In file included from [01m[K/home/orb/ORB_SLAM3/include/Frame.h:30[m[K,
[12.857s]                  from [01m[K/home/orb/ORB_SLAM3/include/KeyFrame.h:28[m[K,
[12.857s]                  from [01m[K/home/orb/ORB_SLAM3/include/MapPoint.h:23[m[K,
[12.858s]                  from [01m[K/home/orb/ORB_SLAM3/include/FrameDrawer.h:24[m[K,
[12.858s]                  from [01m[K/home/orb/ORB_SLAM3/include/Viewer.h:23[m[K,
[12.858s]                  from [01m[K/home/orb/ORB_SLAM3/include/Tracking.h:26[m[K,
[12.858s]                  from [01m[K/home/orb/ORB_SLAM3/include/System.h:31[m[K,
[12.858s]                  from [01m[K/root/colcon_ws/src/orb_slam3_ros2_wrapper/include/orb_slam3_ros2_wrapper/orb_slam3_interface.hpp:28[m[K,
[12.858s]                  from [01m[K/root/colcon_ws/src/orb_slam3_ros2_wrapper/src/orb_slam3_interface.cpp:6[m[K:
[12.858s] [01m[K/home/orb/ORB_SLAM3/include/ImuTypes.h:[m[K In member function ‘[01m[Kvoid ORB_SLAM3::IMU::Preintegrated::printMeasurements() const[m[K’:
[12.859s] [01m[K/home/orb/ORB_SLAM3/include/ImuTypes.h:204:23:[m[K [01;35m[Kwarning: [m[Kcomparison of integer expressions of different signedness: ‘[01m[Kint[m[K’ and ‘[01m[Kstd::vector<ORB_SLAM3::IMU::Preintegrated::integrable>::size_type[m[K’ {aka ‘[01m[Klong unsigned int[m[K’} [[01;35m[K-Wsign-compare[m[K]
[12.859s]   204 |         for(int i=0; [01;35m[Ki<mvMeasurements.size()[m[K; i++){
[12.859s]       |                      [01;35m[K~^~~~~~~~~~~~~~~~~~~~~~[m[K
[13.080s] In file included from [01m[K/home/orb/ORB_SLAM3/Thirdparty/g2o/g2o/types/types_six_dof_expmap.h:37[m[K,
[13.080s]                  from [01m[K/home/orb/ORB_SLAM3/include/Converter.h:26[m[K,
[13.080s]                  from [01m[K/home/orb/ORB_SLAM3/include/Frame.h:33[m[K,
[13.081s]                  from [01m[K/home/orb/ORB_SLAM3/include/KeyFrame.h:28[m[K,
[13.081s]                  from [01m[K/home/orb/ORB_SLAM3/include/MapPoint.h:23[m[K,
[13.081s]                  from [01m[K/home/orb/ORB_SLAM3/include/FrameDrawer.h:24[m[K,
[13.086s]                  from [01m[K/home/orb/ORB_SLAM3/include/Viewer.h:23[m[K,
[13.087s]                  from [01m[K/home/orb/ORB_SLAM3/include/Tracking.h:26[m[K,
[13.088s]                  from [01m[K/home/orb/ORB_SLAM3/include/System.h:31[m[K,
[13.089s]                  from [01m[K/root/colcon_ws/src/orb_slam3_ros2_wrapper/include/orb_slam3_ros2_wrapper/orb_slam3_interface.hpp:28[m[K,
[13.090s]                  from [01m[K/root/colcon_ws/src/orb_slam3_ros2_wrapper/src/orb_slam3_interface.cpp:6[m[K:
[13.091s] [01m[K/home/orb/ORB_SLAM3/Thirdparty/g2o/g2o/types/../core/base_vertex.h:[m[K At global scope:
[13.092s] [01m[K/home/orb/ORB_SLAM3/Thirdparty/g2o/g2o/types/../core/base_vertex.h:62:74:[m[K [01;35m[Kwarning: [m[K‘[01m[KEigen::AlignedBit[m[K’ is deprecated [[01;35m[K-Wdeprecated-declarations[m[K]
[13.093s]    62 |     typedef Eigen::Map<Matrix<double, D, D>, Matrix<double,D,D>::Flags & [01;35m[KAlignedBit[m[K ? Aligned : Unaligned >  HessianBlockType;
[13.094s]       |                                                                          [01;35m[K^~~~~~~~~~[m[K
[13.095s] In file included from [01m[K/usr/include/eigen3/Eigen/Core:161[m[K,
[13.095s]                  from [01m[K/root/colcon_ws/src/orb_slam3_ros2_wrapper/include/orb_slam3_ros2_wrapper/orb_slam3_interface.hpp:12[m[K,
[13.095s]                  from [01m[K/root/colcon_ws/src/orb_slam3_ros2_wrapper/src/orb_slam3_interface.cpp:6[m[K:
[13.095s] [01m[K/usr/include/eigen3/Eigen/src/Core/util/Constants.h:167:37:[m[K [01;36m[Knote: [m[Kdeclared here
[13.096s]   167 | EIGEN_DEPRECATED const unsigned int [01;36m[KAlignedBit[m[K = 0x80;
[13.096s]       |                                     [01;36m[K^~~~~~~~~~[m[K
[13.097s] In file included from [01m[K/home/orb/ORB_SLAM3/Thirdparty/g2o/g2o/types/types_six_dof_expmap.h:38[m[K,
[13.097s]                  from [01m[K/home/orb/ORB_SLAM3/include/Converter.h:26[m[K,
[13.097s]                  from [01m[K/home/orb/ORB_SLAM3/include/Frame.h:33[m[K,
[13.097s]                  from [01m[K/home/orb/ORB_SLAM3/include/KeyFrame.h:28[m[K,
[13.097s]                  from [01m[K/home/orb/ORB_SLAM3/include/MapPoint.h:23[m[K,
[13.097s]                  from [01m[K/home/orb/ORB_SLAM3/include/FrameDrawer.h:24[m[K,
[13.097s]                  from [01m[K/home/orb/ORB_SLAM3/include/Viewer.h:23[m[K,
[13.097s]                  from [01m[K/home/orb/ORB_SLAM3/include/Tracking.h:26[m[K,
[13.098s]                  from [01m[K/home/orb/ORB_SLAM3/include/System.h:31[m[K,
[13.098s]                  from [01m[K/root/colcon_ws/src/orb_slam3_ros2_wrapper/include/orb_slam3_ros2_wrapper/orb_slam3_interface.hpp:28[m[K,
[13.098s]                  from [01m[K/root/colcon_ws/src/orb_slam3_ros2_wrapper/src/orb_slam3_interface.cpp:6[m[K:
[13.098s] [01m[K/home/orb/ORB_SLAM3/Thirdparty/g2o/g2o/types/../core/base_binary_edge.h:59:82:[m[K [01;35m[Kwarning: [m[K‘[01m[KEigen::AlignedBit[m[K’ is deprecated [[01;35m[K-Wdeprecated-declarations[m[K]
[13.098s]    59 |       typedef Eigen::Map<Matrix<double, Di, Dj>, Matrix<double, Di, Dj>::Flags & [01;35m[KAlignedBit[m[K ? Aligned : Unaligned > HessianBlockType;
[13.098s]       |                                                                                  [01;35m[K^~~~~~~~~~[m[K
[13.098s] In file included from [01m[K/usr/include/eigen3/Eigen/Core:161[m[K,
[13.098s]                  from [01m[K/root/colcon_ws/src/orb_slam3_ros2_wrapper/include/orb_slam3_ros2_wrapper/orb_slam3_interface.hpp:12[m[K,
[13.098s]                  from [01m[K/root/colcon_ws/src/orb_slam3_ros2_wrapper/src/orb_slam3_interface.cpp:6[m[K:
[13.098s] [01m[K/usr/include/eigen3/Eigen/src/Core/util/Constants.h:167:37:[m[K [01;36m[Knote: [m[Kdeclared here
[13.099s]   167 | EIGEN_DEPRECATED const unsigned int [01;36m[KAlignedBit[m[K = 0x80;
[13.099s]       |                                     [01;36m[K^~~~~~~~~~[m[K
[13.099s] In file included from [01m[K/home/orb/ORB_SLAM3/Thirdparty/g2o/g2o/types/types_six_dof_expmap.h:38[m[K,
[13.099s]                  from [01m[K/home/orb/ORB_SLAM3/include/Converter.h:26[m[K,
[13.099s]                  from [01m[K/home/orb/ORB_SLAM3/include/Frame.h:33[m[K,
[13.099s]                  from [01m[K/home/orb/ORB_SLAM3/include/KeyFrame.h:28[m[K,
[13.099s]                  from [01m[K/home/orb/ORB_SLAM3/include/MapPoint.h:23[m[K,
[13.099s]                  from [01m[K/home/orb/ORB_SLAM3/include/FrameDrawer.h:24[m[K,
[13.099s]                  from [01m[K/home/orb/ORB_SLAM3/include/Viewer.h:23[m[K,
[13.099s]                  from [01m[K/home/orb/ORB_SLAM3/include/Tracking.h:26[m[K,
[13.099s]                  from [01m[K/home/orb/ORB_SLAM3/include/System.h:31[m[K,
[13.100s]                  from [01m[K/root/colcon_ws/src/orb_slam3_ros2_wrapper/include/orb_slam3_ros2_wrapper/orb_slam3_interface.hpp:28[m[K,
[13.100s]                  from [01m[K/root/colcon_ws/src/orb_slam3_ros2_wrapper/src/orb_slam3_interface.cpp:6[m[K:
[13.100s] [01m[K/home/orb/ORB_SLAM3/Thirdparty/g2o/g2o/types/../core/base_binary_edge.h:60:82:[m[K [01;35m[Kwarning: [m[K‘[01m[KEigen::AlignedBit[m[K’ is deprecated [[01;35m[K-Wdeprecated-declarations[m[K]
[13.100s]    60 |       typedef Eigen::Map<Matrix<double, Dj, Di>, Matrix<double, Dj, Di>::Flags & [01;35m[KAlignedBit[m[K ? Aligned : Unaligned > HessianBlockTransposedType;
[13.100s]       |                                                                                  [01;35m[K^~~~~~~~~~[m[K
[13.100s] In file included from [01m[K/usr/include/eigen3/Eigen/Core:161[m[K,
[13.100s]                  from [01m[K/root/colcon_ws/src/orb_slam3_ros2_wrapper/include/orb_slam3_ros2_wrapper/orb_slam3_interface.hpp:12[m[K,
[13.100s]                  from [01m[K/root/colcon_ws/src/orb_slam3_ros2_wrapper/src/orb_slam3_interface.cpp:6[m[K:
[13.100s] [01m[K/usr/include/eigen3/Eigen/src/Core/util/Constants.h:167:37:[m[K [01;36m[Knote: [m[Kdeclared here
[13.100s]   167 | EIGEN_DEPRECATED const unsigned int [01;36m[KAlignedBit[m[K = 0x80;
[13.101s]       |                                     [01;36m[K^~~~~~~~~~[m[K
[13.205s] In file included from [01m[K/home/orb/ORB_SLAM3/Thirdparty/g2o/g2o/types/types_six_dof_expmap.h:41[m[K,
[13.205s]                  from [01m[K/home/orb/ORB_SLAM3/include/Converter.h:26[m[K,
[13.205s]                  from [01m[K/home/orb/ORB_SLAM3/include/Frame.h:33[m[K,
[13.205s]                  from [01m[K/home/orb/ORB_SLAM3/include/KeyFrame.h:28[m[K,
[13.205s]                  from [01m[K/home/orb/ORB_SLAM3/include/MapPoint.h:23[m[K,
[13.205s]                  from [01m[K/home/orb/ORB_SLAM3/include/FrameDrawer.h:24[m[K,
[13.205s]                  from [01m[K/home/orb/ORB_SLAM3/include/Viewer.h:23[m[K,
[13.205s]                  from [01m[K/home/orb/ORB_SLAM3/include/Tracking.h:26[m[K,
[13.206s]                  from [01m[K/home/orb/ORB_SLAM3/include/System.h:31[m[K,
[13.206s]                  from [01m[K/root/colcon_ws/src/orb_slam3_ros2_wrapper/include/orb_slam3_ros2_wrapper/orb_slam3_interface.hpp:28[m[K,
[13.206s]                  from [01m[K/root/colcon_ws/src/orb_slam3_ros2_wrapper/src/orb_slam3_interface.cpp:6[m[K:
[13.206s] [01m[K/home/orb/ORB_SLAM3/Thirdparty/g2o/g2o/types/se3quat.h:43:38:[m[K [01;35m[Kwarning: [m[Kextra ‘[01m[K;[m[K’ [[01;35m[K-Wpedantic[m[K]
[13.206s]    43 |       EIGEN_MAKE_ALIGNED_OPERATOR_NEW[01;35m[K;[m[K
[13.206s]       |                                      [01;35m[K^[m[K
[13.206s]       |                                      [31m[K-[m[K
[13.711s] In file included from [01m[K/home/orb/ORB_SLAM3/Thirdparty/g2o/g2o/types/types_six_dof_expmap.h:37[m[K,
[13.711s]                  from [01m[K/home/orb/ORB_SLAM3/include/Converter.h:26[m[K,
[13.711s]                  from [01m[K/home/orb/ORB_SLAM3/include/Frame.h:33[m[K,
[13.711s]                  from [01m[K/home/orb/ORB_SLAM3/include/KeyFrame.h:28[m[K,
[13.711s]                  from [01m[K/home/orb/ORB_SLAM3/include/MapPoint.h:23[m[K,
[13.711s]                  from [01m[K/home/orb/ORB_SLAM3/include/FrameDrawer.h:24[m[K,
[13.712s]                  from [01m[K/home/orb/ORB_SLAM3/include/Viewer.h:23[m[K,
[13.712s]                  from [01m[K/home/orb/ORB_SLAM3/include/Tracking.h:26[m[K,
[13.712s]                  from [01m[K/home/orb/ORB_SLAM3/include/System.h:31[m[K,
[13.712s]                  from [01m[K/root/colcon_ws/src/orb_slam3_ros2_wrapper/include/orb_slam3_ros2_wrapper/orb_slam3_interface.hpp:28[m[K,
[13.712s]                  from [01m[K/root/colcon_ws/src/orb_slam3_ros2_wrapper/src/orb_slam3_interface.cpp:6[m[K:
[13.712s] /home/orb/ORB_SLAM3/Thirdparty/g2o/g2o/types/../core/base_vertex.h: In instantiation of ‘[01m[Kclass g2o::BaseVertex<3, Eigen::Matrix<double, 3, 1> >[m[K’:
[13.712s] [01m[K/home/orb/ORB_SLAM3/Thirdparty/g2o/g2o/types/types_sba.h:40:35:[m[K   required from here
[13.712s] [01m[K/home/orb/ORB_SLAM3/Thirdparty/g2o/g2o/types/../core/base_vertex.h:62:72:[m[K [01;35m[Kwarning: [m[K‘[01m[KEigen::AlignedBit[m[K’ is deprecated [[01;35m[K-Wdeprecated-declarations[m[K]
[13.712s]    62 |     typedef Eigen::Map<Matrix<double, D, D>, Matrix<double,D,D>::[01;35m[KFlags & AlignedBit[m[K ? Aligned : Unaligned >  HessianBlockType;
[13.712s]       |                                                                  [01;35m[K~~~~~~^~~~~~~~~~~~[m[K
[13.713s] In file included from [01m[K/usr/include/eigen3/Eigen/Core:161[m[K,
[13.713s]                  from [01m[K/root/colcon_ws/src/orb_slam3_ros2_wrapper/include/orb_slam3_ros2_wrapper/orb_slam3_interface.hpp:12[m[K,
[13.713s]                  from [01m[K/root/colcon_ws/src/orb_slam3_ros2_wrapper/src/orb_slam3_interface.cpp:6[m[K:
[13.713s] [01m[K/usr/include/eigen3/Eigen/src/Core/util/Constants.h:167:37:[m[K [01;36m[Knote: [m[Kdeclared here
[13.713s]   167 | EIGEN_DEPRECATED const unsigned int [01;36m[KAlignedBit[m[K = 0x80;
[13.713s]       |                                     [01;36m[K^~~~~~~~~~[m[K
[13.764s] In file included from [01m[K/home/orb/ORB_SLAM3/Thirdparty/g2o/g2o/types/types_six_dof_expmap.h:37[m[K,
[13.764s]                  from [01m[K/home/orb/ORB_SLAM3/include/Converter.h:26[m[K,
[13.764s]                  from [01m[K/home/orb/ORB_SLAM3/include/Frame.h:33[m[K,
[13.764s]                  from [01m[K/home/orb/ORB_SLAM3/include/KeyFrame.h:28[m[K,
[13.764s]                  from [01m[K/home/orb/ORB_SLAM3/include/MapPoint.h:23[m[K,
[13.764s]                  from [01m[K/home/orb/ORB_SLAM3/include/FrameDrawer.h:24[m[K,
[13.765s]                  from [01m[K/home/orb/ORB_SLAM3/include/Viewer.h:23[m[K,
[13.765s]                  from [01m[K/home/orb/ORB_SLAM3/include/Tracking.h:26[m[K,
[13.765s]                  from [01m[K/home/orb/ORB_SLAM3/include/System.h:31[m[K,
[13.765s]                  from [01m[K/root/colcon_ws/src/orb_slam3_ros2_wrapper/include/orb_slam3_ros2_wrapper/orb_slam3_interface.hpp:28[m[K,
[13.765s]                  from [01m[K/root/colcon_ws/src/orb_slam3_ros2_wrapper/src/orb_slam3_interface.cpp:6[m[K:
[13.765s] /home/orb/ORB_SLAM3/Thirdparty/g2o/g2o/types/../core/base_vertex.h: In instantiation of ‘[01m[Kclass g2o::BaseVertex<6, g2o::SE3Quat>[m[K’:
[13.765s] [01m[K/home/orb/ORB_SLAM3/Thirdparty/g2o/g2o/types/types_six_dof_expmap.h:59:33:[m[K   required from here
[13.765s] [01m[K/home/orb/ORB_SLAM3/Thirdparty/g2o/g2o/types/../core/base_vertex.h:62:72:[m[K [01;35m[Kwarning: [m[K‘[01m[KEigen::AlignedBit[m[K’ is deprecated [[01;35m[K-Wdeprecated-declarations[m[K]
[13.765s]    62 |     typedef Eigen::Map<Matrix<double, D, D>, Matrix<double,D,D>::[01;35m[KFlags & AlignedBit[m[K ? Aligned : Unaligned >  HessianBlockType;
[13.765s]       |                                                                  [01;35m[K~~~~~~^~~~~~~~~~~~[m[K
[13.765s] In file included from [01m[K/usr/include/eigen3/Eigen/Core:161[m[K,
[13.766s]                  from [01m[K/root/colcon_ws/src/orb_slam3_ros2_wrapper/include/orb_slam3_ros2_wrapper/orb_slam3_interface.hpp:12[m[K,
[13.766s]                  from [01m[K/root/colcon_ws/src/orb_slam3_ros2_wrapper/src/orb_slam3_interface.cpp:6[m[K:
[13.766s] [01m[K/usr/include/eigen3/Eigen/src/Core/util/Constants.h:167:37:[m[K [01;36m[Knote: [m[Kdeclared here
[13.766s]   167 | EIGEN_DEPRECATED const unsigned int [01;36m[KAlignedBit[m[K = 0x80;
[13.766s]       |                                     [01;36m[K^~~~~~~~~~[m[K
[13.820s] In file included from [01m[K/home/orb/ORB_SLAM3/Thirdparty/g2o/g2o/types/types_six_dof_expmap.h:38[m[K,
[13.820s]                  from [01m[K/home/orb/ORB_SLAM3/include/Converter.h:26[m[K,
[13.821s]                  from [01m[K/home/orb/ORB_SLAM3/include/Frame.h:33[m[K,
[13.821s]                  from [01m[K/home/orb/ORB_SLAM3/include/KeyFrame.h:28[m[K,
[13.821s]                  from [01m[K/home/orb/ORB_SLAM3/include/MapPoint.h:23[m[K,
[13.821s]                  from [01m[K/home/orb/ORB_SLAM3/include/FrameDrawer.h:24[m[K,
[13.821s]                  from [01m[K/home/orb/ORB_SLAM3/include/Viewer.h:23[m[K,
[13.821s]                  from [01m[K/home/orb/ORB_SLAM3/include/Tracking.h:26[m[K,
[13.821s]                  from [01m[K/home/orb/ORB_SLAM3/include/System.h:31[m[K,
[13.821s]                  from [01m[K/root/colcon_ws/src/orb_slam3_ros2_wrapper/include/orb_slam3_ros2_wrapper/orb_slam3_interface.hpp:28[m[K,
[13.821s]                  from [01m[K/root/colcon_ws/src/orb_slam3_ros2_wrapper/src/orb_slam3_interface.cpp:6[m[K:
[13.821s] /home/orb/ORB_SLAM3/Thirdparty/g2o/g2o/types/../core/base_binary_edge.h: In instantiation of ‘[01m[Kclass g2o::BaseBinaryEdge<6, g2o::SE3Quat, g2o::VertexSE3Expmap, g2o::VertexSE3Expmap>[m[K’:
[13.821s] [01m[K/home/orb/ORB_SLAM3/Thirdparty/g2o/g2o/types/types_six_dof_expmap.h:83:24:[m[K   required from here
[13.822s] [01m[K/home/orb/ORB_SLAM3/Thirdparty/g2o/g2o/types/../core/base_binary_edge.h:59:80:[m[K [01;35m[Kwarning: [m[K‘[01m[KEigen::AlignedBit[m[K’ is deprecated [[01;35m[K-Wdeprecated-declarations[m[K]
[13.822s]    59 |       typedef Eigen::Map<Matrix<double, Di, Dj>, Matrix<double, Di, Dj>::[01;35m[KFlags & AlignedBit[m[K ? Aligned : Unaligned > HessianBlockType;
[13.822s]       |                                                                          [01;35m[K~~~~~~^~~~~~~~~~~~[m[K
[13.822s] In file included from [01m[K/usr/include/eigen3/Eigen/Core:161[m[K,
[13.822s]                  from [01m[K/root/colcon_ws/src/orb_slam3_ros2_wrapper/include/orb_slam3_ros2_wrapper/orb_slam3_interface.hpp:12[m[K,
[13.822s]                  from [01m[K/root/colcon_ws/src/orb_slam3_ros2_wrapper/src/orb_slam3_interface.cpp:6[m[K:
[13.822s] [01m[K/usr/include/eigen3/Eigen/src/Core/util/Constants.h:167:37:[m[K [01;36m[Knote: [m[Kdeclared here
[13.823s]   167 | EIGEN_DEPRECATED const unsigned int [01;36m[KAlignedBit[m[K = 0x80;
[13.823s]       |                                     [01;36m[K^~~~~~~~~~[m[K
[13.823s] In file included from [01m[K/home/orb/ORB_SLAM3/Thirdparty/g2o/g2o/types/types_six_dof_expmap.h:38[m[K,
[13.823s]                  from [01m[K/home/orb/ORB_SLAM3/include/Converter.h:26[m[K,
[13.823s]                  from [01m[K/home/orb/ORB_SLAM3/include/Frame.h:33[m[K,
[13.823s]                  from [01m[K/home/orb/ORB_SLAM3/include/KeyFrame.h:28[m[K,
[13.823s]                  from [01m[K/home/orb/ORB_SLAM3/include/MapPoint.h:23[m[K,
[13.823s]                  from [01m[K/home/orb/ORB_SLAM3/include/FrameDrawer.h:24[m[K,
[13.823s]                  from [01m[K/home/orb/ORB_SLAM3/include/Viewer.h:23[m[K,
[13.823s]                  from [01m[K/home/orb/ORB_SLAM3/include/Tracking.h:26[m[K,
[13.823s]                  from [01m[K/home/orb/ORB_SLAM3/include/System.h:31[m[K,
[13.823s]                  from [01m[K/root/colcon_ws/src/orb_slam3_ros2_wrapper/include/orb_slam3_ros2_wrapper/orb_slam3_interface.hpp:28[m[K,
[13.824s]                  from [01m[K/root/colcon_ws/src/orb_slam3_ros2_wrapper/src/orb_slam3_interface.cpp:6[m[K:
[13.824s] [01m[K/home/orb/ORB_SLAM3/Thirdparty/g2o/g2o/types/../core/base_binary_edge.h:60:80:[m[K [01;35m[Kwarning: [m[K‘[01m[KEigen::AlignedBit[m[K’ is deprecated [[01;35m[K-Wdeprecated-declarations[m[K]
[13.824s]    60 |       typedef Eigen::Map<Matrix<double, Dj, Di>, Matrix<double, Dj, Di>::[01;35m[KFlags & AlignedBit[m[K ? Aligned : Unaligned > HessianBlockTransposedType;
[13.824s]       |                                                                          [01;35m[K~~~~~~^~~~~~~~~~~~[m[K
[13.824s] In file included from [01m[K/usr/include/eigen3/Eigen/Core:161[m[K,
[13.824s]                  from [01m[K/root/colcon_ws/src/orb_slam3_ros2_wrapper/include/orb_slam3_ros2_wrapper/orb_slam3_interface.hpp:12[m[K,
[13.824s]                  from [01m[K/root/colcon_ws/src/orb_slam3_ros2_wrapper/src/orb_slam3_interface.cpp:6[m[K:
[13.824s] [01m[K/usr/include/eigen3/Eigen/src/Core/util/Constants.h:167:37:[m[K [01;36m[Knote: [m[Kdeclared here
[13.825s]   167 | EIGEN_DEPRECATED const unsigned int [01;36m[KAlignedBit[m[K = 0x80;
[13.825s]       |                                     [01;36m[K^~~~~~~~~~[m[K
[13.965s] In file included from [01m[K/home/orb/ORB_SLAM3/Thirdparty/g2o/g2o/types/types_six_dof_expmap.h:38[m[K,
[13.966s]                  from [01m[K/home/orb/ORB_SLAM3/include/Converter.h:26[m[K,
[13.966s]                  from [01m[K/home/orb/ORB_SLAM3/include/Frame.h:33[m[K,
[13.966s]                  from [01m[K/home/orb/ORB_SLAM3/include/KeyFrame.h:28[m[K,
[13.966s]                  from [01m[K/home/orb/ORB_SLAM3/include/MapPoint.h:23[m[K,
[13.966s]                  from [01m[K/home/orb/ORB_SLAM3/include/FrameDrawer.h:24[m[K,
[13.966s]                  from [01m[K/home/orb/ORB_SLAM3/include/Viewer.h:23[m[K,
[13.966s]                  from [01m[K/home/orb/ORB_SLAM3/include/Tracking.h:26[m[K,
[13.966s]                  from [01m[K/home/orb/ORB_SLAM3/include/System.h:31[m[K,
[13.966s]                  from [01m[K/root/colcon_ws/src/orb_slam3_ros2_wrapper/include/orb_slam3_ros2_wrapper/orb_slam3_interface.hpp:28[m[K,
[13.967s]                  from [01m[K/root/colcon_ws/src/orb_slam3_ros2_wrapper/src/orb_slam3_interface.cpp:6[m[K:
[13.967s] /home/orb/ORB_SLAM3/Thirdparty/g2o/g2o/types/../core/base_binary_edge.h: In instantiation of ‘[01m[Kclass g2o::BaseBinaryEdge<2, Eigen::Matrix<double, 2, 1>, g2o::VertexSBAPointXYZ, g2o::VertexSE3Expmap>[m[K’:
[13.967s] [01m[K/home/orb/ORB_SLAM3/Thirdparty/g2o/g2o/types/types_six_dof_expmap.h:114:35:[m[K   required from here
[13.967s] [01m[K/home/orb/ORB_SLAM3/Thirdparty/g2o/g2o/types/../core/base_binary_edge.h:59:80:[m[K [01;35m[Kwarning: [m[K‘[01m[KEigen::AlignedBit[m[K’ is deprecated [[01;35m[K-Wdeprecated-declarations[m[K]
[13.967s]    59 |       typedef Eigen::Map<Matrix<double, Di, Dj>, Matrix<double, Di, Dj>::[01;35m[KFlags & AlignedBit[m[K ? Aligned : Unaligned > HessianBlockType;
[13.967s]       |                                                                          [01;35m[K~~~~~~^~~~~~~~~~~~[m[K
[13.967s] In file included from [01m[K/usr/include/eigen3/Eigen/Core:161[m[K,
[13.967s]                  from [01m[K/root/colcon_ws/src/orb_slam3_ros2_wrapper/include/orb_slam3_ros2_wrapper/orb_slam3_interface.hpp:12[m[K,
[13.967s]                  from [01m[K/root/colcon_ws/src/orb_slam3_ros2_wrapper/src/orb_slam3_interface.cpp:6[m[K:
[13.967s] [01m[K/usr/include/eigen3/Eigen/src/Core/util/Constants.h:167:37:[m[K [01;36m[Knote: [m[Kdeclared here
[13.968s]   167 | EIGEN_DEPRECATED const unsigned int [01;36m[KAlignedBit[m[K = 0x80;
[13.968s]       |                                     [01;36m[K^~~~~~~~~~[m[K
[13.995s] In file included from [01m[K/home/orb/ORB_SLAM3/Thirdparty/g2o/g2o/types/types_six_dof_expmap.h:38[m[K,
[13.995s]                  from [01m[K/home/orb/ORB_SLAM3/include/Converter.h:26[m[K,
[13.995s]                  from [01m[K/home/orb/ORB_SLAM3/include/Frame.h:33[m[K,
[13.995s]                  from [01m[K/home/orb/ORB_SLAM3/include/KeyFrame.h:28[m[K,
[13.995s]                  from [01m[K/home/orb/ORB_SLAM3/include/MapPoint.h:23[m[K,
[13.995s]                  from [01m[K/home/orb/ORB_SLAM3/include/FrameDrawer.h:24[m[K,
[13.995s]                  from [01m[K/home/orb/ORB_SLAM3/include/Viewer.h:23[m[K,
[13.995s]                  from [01m[K/home/orb/ORB_SLAM3/include/Tracking.h:26[m[K,
[13.995s]                  from [01m[K/home/orb/ORB_SLAM3/include/System.h:31[m[K,
[13.995s]                  from [01m[K/root/colcon_ws/src/orb_slam3_ros2_wrapper/include/orb_slam3_ros2_wrapper/orb_slam3_interface.hpp:28[m[K,
[13.996s]                  from [01m[K/root/colcon_ws/src/orb_slam3_ros2_wrapper/src/orb_slam3_interface.cpp:6[m[K:
[13.996s] [01m[K/home/orb/ORB_SLAM3/Thirdparty/g2o/g2o/types/../core/base_binary_edge.h:60:80:[m[K [01;35m[Kwarning: [m[K‘[01m[KEigen::AlignedBit[m[K’ is deprecated [[01;35m[K-Wdeprecated-declarations[m[K]
[13.996s]    60 |       typedef Eigen::Map<Matrix<double, Dj, Di>, Matrix<double, Dj, Di>::[01;35m[KFlags & AlignedBit[m[K ? Aligned : Unaligned > HessianBlockTransposedType;
[13.996s]       |                                                                          [01;35m[K~~~~~~^~~~~~~~~~~~[m[K
[13.996s] In file included from [01m[K/usr/include/eigen3/Eigen/Core:161[m[K,
[13.996s]                  from [01m[K/root/colcon_ws/src/orb_slam3_ros2_wrapper/include/orb_slam3_ros2_wrapper/orb_slam3_interface.hpp:12[m[K,
[13.997s]                  from [01m[K/root/colcon_ws/src/orb_slam3_ros2_wrapper/src/orb_slam3_interface.cpp:6[m[K:
[13.997s] [01m[K/usr/include/eigen3/Eigen/src/Core/util/Constants.h:167:37:[m[K [01;36m[Knote: [m[Kdeclared here
[13.997s]   167 | EIGEN_DEPRECATED const unsigned int [01;36m[KAlignedBit[m[K = 0x80;
[13.997s]       |                                     [01;36m[K^~~~~~~~~~[m[K
[14.110s] In file included from [01m[K/home/orb/ORB_SLAM3/Thirdparty/g2o/g2o/types/types_six_dof_expmap.h:38[m[K,
[14.111s]                  from [01m[K/home/orb/ORB_SLAM3/include/Converter.h:26[m[K,
[14.111s]                  from [01m[K/home/orb/ORB_SLAM3/include/Frame.h:33[m[K,
[14.111s]                  from [01m[K/home/orb/ORB_SLAM3/include/KeyFrame.h:28[m[K,
[14.111s]                  from [01m[K/home/orb/ORB_SLAM3/include/MapPoint.h:23[m[K,
[14.111s]                  from [01m[K/home/orb/ORB_SLAM3/include/FrameDrawer.h:24[m[K,
[14.111s]                  from [01m[K/home/orb/ORB_SLAM3/include/Viewer.h:23[m[K,
[14.111s]                  from [01m[K/home/orb/ORB_SLAM3/include/Tracking.h:26[m[K,
[14.112s]                  from [01m[K/home/orb/ORB_SLAM3/include/System.h:31[m[K,
[14.112s]                  from [01m[K/root/colcon_ws/src/orb_slam3_ros2_wrapper/include/orb_slam3_ros2_wrapper/orb_slam3_interface.hpp:28[m[K,
[14.112s]                  from [01m[K/root/colcon_ws/src/orb_slam3_ros2_wrapper/src/orb_slam3_interface.cpp:6[m[K:
[14.112s] /home/orb/ORB_SLAM3/Thirdparty/g2o/g2o/types/../core/base_binary_edge.h: In instantiation of ‘[01m[Kclass g2o::BaseBinaryEdge<3, Eigen::Matrix<double, 3, 1>, g2o::VertexSBAPointXYZ, g2o::VertexSE3Expmap>[m[K’:
[14.112s] [01m[K/home/orb/ORB_SLAM3/Thirdparty/g2o/g2o/types/types_six_dof_expmap.h:146:41:[m[K   required from here
[14.112s] [01m[K/home/orb/ORB_SLAM3/Thirdparty/g2o/g2o/types/../core/base_binary_edge.h:59:80:[m[K [01;35m[Kwarning: [m[K‘[01m[KEigen::AlignedBit[m[K’ is deprecated [[01;35m[K-Wdeprecated-declarations[m[K]
[14.112s]    59 |       typedef Eigen::Map<Matrix<double, Di, Dj>, Matrix<double, Di, Dj>::[01;35m[KFlags & AlignedBit[m[K ? Aligned : Unaligned > HessianBlockType;
[14.112s]       |                                                                          [01;35m[K~~~~~~^~~~~~~~~~~~[m[K
[14.112s] In file included from [01m[K/usr/include/eigen3/Eigen/Core:161[m[K,
[14.112s]                  from [01m[K/root/colcon_ws/src/orb_slam3_ros2_wrapper/include/orb_slam3_ros2_wrapper/orb_slam3_interface.hpp:12[m[K,
[14.113s]                  from [01m[K/root/colcon_ws/src/orb_slam3_ros2_wrapper/src/orb_slam3_interface.cpp:6[m[K:
[14.113s] [01m[K/usr/include/eigen3/Eigen/src/Core/util/Constants.h:167:37:[m[K [01;36m[Knote: [m[Kdeclared here
[14.113s]   167 | EIGEN_DEPRECATED const unsigned int [01;36m[KAlignedBit[m[K = 0x80;
[14.113s]       |                                     [01;36m[K^~~~~~~~~~[m[K
[14.113s] In file included from [01m[K/home/orb/ORB_SLAM3/Thirdparty/g2o/g2o/types/types_six_dof_expmap.h:38[m[K,
[14.113s]                  from [01m[K/home/orb/ORB_SLAM3/include/Converter.h:26[m[K,
[14.113s]                  from [01m[K/home/orb/ORB_SLAM3/include/Frame.h:33[m[K,
[14.113s]                  from [01m[K/home/orb/ORB_SLAM3/include/KeyFrame.h:28[m[K,
[14.113s]                  from [01m[K/home/orb/ORB_SLAM3/include/MapPoint.h:23[m[K,
[14.113s]                  from [01m[K/home/orb/ORB_SLAM3/include/FrameDrawer.h:24[m[K,
[14.114s]                  from [01m[K/home/orb/ORB_SLAM3/include/Viewer.h:23[m[K,
[14.114s]                  from [01m[K/home/orb/ORB_SLAM3/include/Tracking.h:26[m[K,
[14.114s]                  from [01m[K/home/orb/ORB_SLAM3/include/System.h:31[m[K,
[14.114s]                  from [01m[K/root/colcon_ws/src/orb_slam3_ros2_wrapper/include/orb_slam3_ros2_wrapper/orb_slam3_interface.hpp:28[m[K,
[14.115s]                  from [01m[K/root/colcon_ws/src/orb_slam3_ros2_wrapper/src/orb_slam3_interface.cpp:6[m[K:
[14.115s] [01m[K/home/orb/ORB_SLAM3/Thirdparty/g2o/g2o/types/../core/base_binary_edge.h:60:80:[m[K [01;35m[Kwarning: [m[K‘[01m[KEigen::AlignedBit[m[K’ is deprecated [[01;35m[K-Wdeprecated-declarations[m[K]
[14.115s]    60 |       typedef Eigen::Map<Matrix<double, Dj, Di>, Matrix<double, Dj, Di>::[01;35m[KFlags & AlignedBit[m[K ? Aligned : Unaligned > HessianBlockTransposedType;
[14.115s]       |                                                                          [01;35m[K~~~~~~^~~~~~~~~~~~[m[K
[14.115s] In file included from [01m[K/usr/include/eigen3/Eigen/Core:161[m[K,
[14.115s]                  from [01m[K/root/colcon_ws/src/orb_slam3_ros2_wrapper/include/orb_slam3_ros2_wrapper/orb_slam3_interface.hpp:12[m[K,
[14.115s]                  from [01m[K/root/colcon_ws/src/orb_slam3_ros2_wrapper/src/orb_slam3_interface.cpp:6[m[K:
[14.115s] [01m[K/usr/include/eigen3/Eigen/src/Core/util/Constants.h:167:37:[m[K [01;36m[Knote: [m[Kdeclared here
[14.115s]   167 | EIGEN_DEPRECATED const unsigned int [01;36m[KAlignedBit[m[K = 0x80;
[14.116s]       |                                     [01;36m[K^~~~~~~~~~[m[K
[14.529s] In file included from [01m[K/home/orb/ORB_SLAM3/Thirdparty/g2o/g2o/types/types_six_dof_expmap.h:37[m[K,
[14.529s]                  from [01m[K/home/orb/ORB_SLAM3/include/Converter.h:26[m[K,
[14.529s]                  from [01m[K/home/orb/ORB_SLAM3/include/Frame.h:33[m[K,
[14.529s]                  from [01m[K/home/orb/ORB_SLAM3/include/KeyFrame.h:28[m[K,
[14.529s]                  from [01m[K/home/orb/ORB_SLAM3/include/MapPoint.h:23[m[K,
[14.529s]                  from [01m[K/home/orb/ORB_SLAM3/include/FrameDrawer.h:24[m[K,
[14.529s]                  from [01m[K/home/orb/ORB_SLAM3/include/Viewer.h:23[m[K,
[14.529s]                  from [01m[K/home/orb/ORB_SLAM3/include/Tracking.h:26[m[K,
[14.530s]                  from [01m[K/home/orb/ORB_SLAM3/include/System.h:31[m[K,
[14.530s]                  from [01m[K/root/colcon_ws/src/orb_slam3_ros2_wrapper/include/orb_slam3_ros2_wrapper/orb_slam3_interface.hpp:28[m[K,
[14.530s]                  from [01m[K/root/colcon_ws/src/orb_slam3_ros2_wrapper/src/orb_slam3_interface.cpp:6[m[K:
[14.530s] /home/orb/ORB_SLAM3/Thirdparty/g2o/g2o/types/../core/base_vertex.h: In instantiation of ‘[01m[Kclass g2o::BaseVertex<7, g2o::Sim3>[m[K’:
[14.530s] [01m[K/home/orb/ORB_SLAM3/Thirdparty/g2o/g2o/types/types_seven_dof_expmap.h:48:35:[m[K   required from here
[14.530s] [01m[K/home/orb/ORB_SLAM3/Thirdparty/g2o/g2o/types/../core/base_vertex.h:62:72:[m[K [01;35m[Kwarning: [m[K‘[01m[KEigen::AlignedBit[m[K’ is deprecated [[01;35m[K-Wdeprecated-declarations[m[K]
[14.530s]    62 |     typedef Eigen::Map<Matrix<double, D, D>, Matrix<double,D,D>::[01;35m[KFlags & AlignedBit[m[K ? Aligned : Unaligned >  HessianBlockType;
[14.530s]       |                                                                  [01;35m[K~~~~~~^~~~~~~~~~~~[m[K
[14.531s] In file included from [01m[K/usr/include/eigen3/Eigen/Core:161[m[K,
[14.531s]                  from [01m[K/root/colcon_ws/src/orb_slam3_ros2_wrapper/include/orb_slam3_ros2_wrapper/orb_slam3_interface.hpp:12[m[K,
[14.531s]                  from [01m[K/root/colcon_ws/src/orb_slam3_ros2_wrapper/src/orb_slam3_interface.cpp:6[m[K:
[14.531s] [01m[K/usr/include/eigen3/Eigen/src/Core/util/Constants.h:167:37:[m[K [01;36m[Knote: [m[Kdeclared here
[14.531s]   167 | EIGEN_DEPRECATED const unsigned int [01;36m[KAlignedBit[m[K = 0x80;
[14.531s]       |                                     [01;36m[K^~~~~~~~~~[m[K
[14.591s] In file included from [01m[K/home/orb/ORB_SLAM3/Thirdparty/g2o/g2o/types/types_six_dof_expmap.h:38[m[K,
[14.592s]                  from [01m[K/home/orb/ORB_SLAM3/include/Converter.h:26[m[K,
[14.592s]                  from [01m[K/home/orb/ORB_SLAM3/include/Frame.h:33[m[K,
[14.592s]                  from [01m[K/home/orb/ORB_SLAM3/include/KeyFrame.h:28[m[K,
[14.592s]                  from [01m[K/home/orb/ORB_SLAM3/include/MapPoint.h:23[m[K,
[14.592s]                  from [01m[K/home/orb/ORB_SLAM3/include/FrameDrawer.h:24[m[K,
[14.592s]                  from [01m[K/home/orb/ORB_SLAM3/include/Viewer.h:23[m[K,
[14.592s]                  from [01m[K/home/orb/ORB_SLAM3/include/Tracking.h:26[m[K,
[14.592s]                  from [01m[K/home/orb/ORB_SLAM3/include/System.h:31[m[K,
[14.593s]                  from [01m[K/root/colcon_ws/src/orb_slam3_ros2_wrapper/include/orb_slam3_ros2_wrapper/orb_slam3_interface.hpp:28[m[K,
[14.593s]                  from [01m[K/root/colcon_ws/src/orb_slam3_ros2_wrapper/src/orb_slam3_interface.cpp:6[m[K:
[14.593s] /home/orb/ORB_SLAM3/Thirdparty/g2o/g2o/types/../core/base_binary_edge.h: In instantiation of ‘[01m[Kclass g2o::BaseBinaryEdge<7, g2o::Sim3, g2o::VertexSim3Expmap, g2o::VertexSim3Expmap>[m[K’:
[14.593s] [01m[K/home/orb/ORB_SLAM3/Thirdparty/g2o/g2o/types/types_seven_dof_expmap.h:99:27:[m[K   required from here
[14.593s] [01m[K/home/orb/ORB_SLAM3/Thirdparty/g2o/g2o/types/../core/base_binary_edge.h:59:80:[m[K [01;35m[Kwarning: [m[K‘[01m[KEigen::AlignedBit[m[K’ is deprecated [[01;35m[K-Wdeprecated-declarations[m[K]
[14.593s]    59 |       typedef Eigen::Map<Matrix<double, Di, Dj>, Matrix<double, Di, Dj>::[01;35m[KFlags & AlignedBit[m[K ? Aligned : Unaligned > HessianBlockType;
[14.593s]       |                                                                          [01;35m[K~~~~~~^~~~~~~~~~~~[m[K
[14.593s] In file included from [01m[K/usr/include/eigen3/Eigen/Core:161[m[K,
[14.593s]                  from [01m[K/root/colcon_ws/src/orb_slam3_ros2_wrapper/include/orb_slam3_ros2_wrapper/orb_slam3_interface.hpp:12[m[K,
[14.594s]                  from [01m[K/root/colcon_ws/src/orb_slam3_ros2_wrapper/src/orb_slam3_interface.cpp:6[m[K:
[14.594s] [01m[K/usr/include/eigen3/Eigen/src/Core/util/Constants.h:167:37:[m[K [01;36m[Knote: [m[Kdeclared here
[14.594s]   167 | EIGEN_DEPRECATED const unsigned int [01;36m[KAlignedBit[m[K = 0x80;
[14.594s]       |                                     [01;36m[K^~~~~~~~~~[m[K
[14.594s] In file included from [01m[K/home/orb/ORB_SLAM3/Thirdparty/g2o/g2o/types/types_six_dof_expmap.h:38[m[K,
[14.594s]                  from [01m[K/home/orb/ORB_SLAM3/include/Converter.h:26[m[K,
[14.594s]                  from [01m[K/home/orb/ORB_SLAM3/include/Frame.h:33[m[K,
[14.594s]                  from [01m[K/home/orb/ORB_SLAM3/include/KeyFrame.h:28[m[K,
[14.594s]                  from [01m[K/home/orb/ORB_SLAM3/include/MapPoint.h:23[m[K,
[14.595s]                  from [01m[K/home/orb/ORB_SLAM3/include/FrameDrawer.h:24[m[K,
[14.595s]                  from [01m[K/home/orb/ORB_SLAM3/include/Viewer.h:23[m[K,
[14.595s]                  from [01m[K/home/orb/ORB_SLAM3/include/Tracking.h:26[m[K,
[14.595s]                  from [01m[K/home/orb/ORB_SLAM3/include/System.h:31[m[K,
[14.595s]                  from [01m[K/root/colcon_ws/src/orb_slam3_ros2_wrapper/include/orb_slam3_ros2_wrapper/orb_slam3_interface.hpp:28[m[K,
[14.595s]                  from [01m[K/root/colcon_ws/src/orb_slam3_ros2_wrapper/src/orb_slam3_interface.cpp:6[m[K:
[14.595s] [01m[K/home/orb/ORB_SLAM3/Thirdparty/g2o/g2o/types/../core/base_binary_edge.h:60:80:[m[K [01;35m[Kwarning: [m[K‘[01m[KEigen::AlignedBit[m[K’ is deprecated [[01;35m[K-Wdeprecated-declarations[m[K]
[14.595s]    60 |       typedef Eigen::Map<Matrix<double, Dj, Di>, Matrix<double, Dj, Di>::[01;35m[KFlags & AlignedBit[m[K ? Aligned : Unaligned > HessianBlockTransposedType;
[14.595s]       |                                                                          [01;35m[K~~~~~~^~~~~~~~~~~~[m[K
[14.596s] In file included from [01m[K/usr/include/eigen3/Eigen/Core:161[m[K,
[14.596s]                  from [01m[K/root/colcon_ws/src/orb_slam3_ros2_wrapper/include/orb_slam3_ros2_wrapper/orb_slam3_interface.hpp:12[m[K,
[14.596s]                  from [01m[K/root/colcon_ws/src/orb_slam3_ros2_wrapper/src/orb_slam3_interface.cpp:6[m[K:
[14.596s] [01m[K/usr/include/eigen3/Eigen/src/Core/util/Constants.h:167:37:[m[K [01;36m[Knote: [m[Kdeclared here
[14.596s]   167 | EIGEN_DEPRECATED const unsigned int [01;36m[KAlignedBit[m[K = 0x80;
[14.596s]       |                                     [01;36m[K^~~~~~~~~~[m[K
[14.682s] In file included from [01m[K/home/orb/ORB_SLAM3/Thirdparty/g2o/g2o/types/types_six_dof_expmap.h:38[m[K,
[14.683s]                  from [01m[K/home/orb/ORB_SLAM3/include/Converter.h:26[m[K,
[14.683s]                  from [01m[K/home/orb/ORB_SLAM3/include/Frame.h:33[m[K,
[14.683s]                  from [01m[K/home/orb/ORB_SLAM3/include/KeyFrame.h:28[m[K,
[14.683s]                  from [01m[K/home/orb/ORB_SLAM3/include/MapPoint.h:23[m[K,
[14.683s]                  from [01m[K/home/orb/ORB_SLAM3/include/FrameDrawer.h:24[m[K,
[14.683s]                  from [01m[K/home/orb/ORB_SLAM3/include/Viewer.h:23[m[K,
[14.683s]                  from [01m[K/home/orb/ORB_SLAM3/include/Tracking.h:26[m[K,
[14.683s]                  from [01m[K/home/orb/ORB_SLAM3/include/System.h:31[m[K,
[14.684s]                  from [01m[K/root/colcon_ws/src/orb_slam3_ros2_wrapper/include/orb_slam3_ros2_wrapper/orb_slam3_interface.hpp:28[m[K,
[14.684s]                  from [01m[K/root/colcon_ws/src/orb_slam3_ros2_wrapper/src/orb_slam3_interface.cpp:6[m[K:
[14.684s] /home/orb/ORB_SLAM3/Thirdparty/g2o/g2o/types/../core/base_binary_edge.h: In instantiation of ‘[01m[Kclass g2o::BaseBinaryEdge<2, Eigen::Matrix<double, 2, 1>, g2o::VertexSBAPointXYZ, g2o::VertexSim3Expmap>[m[K’:
[14.684s] [01m[K/home/orb/ORB_SLAM3/Thirdparty/g2o/g2o/types/types_seven_dof_expmap.h:130:36:[m[K   required from here
[14.684s] [01m[K/home/orb/ORB_SLAM3/Thirdparty/g2o/g2o/types/../core/base_binary_edge.h:59:80:[m[K [01;35m[Kwarning: [m[K‘[01m[KEigen::AlignedBit[m[K’ is deprecated [[01;35m[K-Wdeprecated-declarations[m[K]
[14.684s]    59 |       typedef Eigen::Map<Matrix<double, Di, Dj>, Matrix<double, Di, Dj>::[01;35m[KFlags & AlignedBit[m[K ? Aligned : Unaligned > HessianBlockType;
[14.684s]       |                                                                          [01;35m[K~~~~~~^~~~~~~~~~~~[m[K
[14.684s] In file included from [01m[K/usr/include/eigen3/Eigen/Core:161[m[K,
[14.684s]                  from [01m[K/root/colcon_ws/src/orb_slam3_ros2_wrapper/include/orb_slam3_ros2_wrapper/orb_slam3_interface.hpp:12[m[K,
[14.684s]                  from [01m[K/root/colcon_ws/src/orb_slam3_ros2_wrapper/src/orb_slam3_interface.cpp:6[m[K:
[14.684s] [01m[K/usr/include/eigen3/Eigen/src/Core/util/Constants.h:167:37:[m[K [01;36m[Knote: [m[Kdeclared here
[14.684s]   167 | EIGEN_DEPRECATED const unsigned int [01;36m[KAlignedBit[m[K = 0x80;
[14.685s]       |                                     [01;36m[K^~~~~~~~~~[m[K
[14.714s] In file included from [01m[K/home/orb/ORB_SLAM3/Thirdparty/g2o/g2o/types/types_six_dof_expmap.h:38[m[K,
[14.714s]                  from [01m[K/home/orb/ORB_SLAM3/include/Converter.h:26[m[K,
[14.715s]                  from [01m[K/home/orb/ORB_SLAM3/include/Frame.h:33[m[K,
[14.715s]                  from [01m[K/home/orb/ORB_SLAM3/include/KeyFrame.h:28[m[K,
[14.715s]                  from [01m[K/home/orb/ORB_SLAM3/include/MapPoint.h:23[m[K,
[14.715s]                  from [01m[K/home/orb/ORB_SLAM3/include/FrameDrawer.h:24[m[K,
[14.715s]                  from [01m[K/home/orb/ORB_SLAM3/include/Viewer.h:23[m[K,
[14.715s]                  from [01m[K/home/orb/ORB_SLAM3/include/Tracking.h:26[m[K,
[14.715s]                  from [01m[K/home/orb/ORB_SLAM3/include/System.h:31[m[K,
[14.715s]                  from [01m[K/root/colcon_ws/src/orb_slam3_ros2_wrapper/include/orb_slam3_ros2_wrapper/orb_slam3_interface.hpp:28[m[K,
[14.715s]                  from [01m[K/root/colcon_ws/src/orb_slam3_ros2_wrapper/src/orb_slam3_interface.cpp:6[m[K:
[14.716s] [01m[K/home/orb/ORB_SLAM3/Thirdparty/g2o/g2o/types/../core/base_binary_edge.h:60:80:[m[K [01;35m[Kwarning: [m[K‘[01m[KEigen::AlignedBit[m[K’ is deprecated [[01;35m[K-Wdeprecated-declarations[m[K]
[14.716s]    60 |       typedef Eigen::Map<Matrix<double, Dj, Di>, Matrix<double, Dj, Di>::[01;35m[KFlags & AlignedBit[m[K ? Aligned : Unaligned > HessianBlockTransposedType;
[14.716s]       |                                                                          [01;35m[K~~~~~~^~~~~~~~~~~~[m[K
[14.716s] In file included from [01m[K/usr/include/eigen3/Eigen/Core:161[m[K,
[14.716s]                  from [01m[K/root/colcon_ws/src/orb_slam3_ros2_wrapper/include/orb_slam3_ros2_wrapper/orb_slam3_interface.hpp:12[m[K,
[14.716s]                  from [01m[K/root/colcon_ws/src/orb_slam3_ros2_wrapper/src/orb_slam3_interface.cpp:6[m[K:
[14.717s] [01m[K/usr/include/eigen3/Eigen/src/Core/util/Constants.h:167:37:[m[K [01;36m[Knote: [m[Kdeclared here
[14.717s]   167 | EIGEN_DEPRECATED const unsigned int [01;36m[KAlignedBit[m[K = 0x80;
[14.717s]       |                                     [01;36m[K^~~~~~~~~~[m[K
[14.774s] [01m[K/root/colcon_ws/src/orb_slam3_ros2_wrapper/src/rgbd/rgbd-slam-node.cpp:[m[K In member function ‘[01m[Kvoid ORB_SLAM3_Wrapper::RgbdSlamNode::publishMapPointCloud(std::shared_ptr<rmw_request_id_s>, std::shared_ptr<slam_msgs::srv::GetAllLandmarksInMap_Request_<std::allocator<void> > >, std::shared_ptr<slam_msgs::srv::GetAllLandmarksInMap_Response_<std::allocator<void> > >)[m[K’:
[14.774s] [01m[K/root/colcon_ws/src/orb_slam3_ros2_wrapper/src/rgbd/rgbd-slam-node.cpp:183:13:[m[K [01;35m[Kwarning: [m[Kthis ‘[01m[Kif[m[K’ clause does not guard... [[01;35m[K-Wmisleading-indentation[m[K]
[14.774s]   183 |             [01;35m[Kif[m[K (mapPCL.data.size() == 0)
[14.774s]       |             [01;35m[K^~[m[K
[14.775s] [01m[K/root/colcon_ws/src/orb_slam3_ros2_wrapper/src/rgbd/rgbd-slam-node.cpp:185:17:[m[K [01;36m[Knote: [m[K...this statement, but the latter is misleadingly indented as if it were guarded by the ‘[01m[Kif[m[K’
[14.775s]   185 |                 [01;36m[Kreturn[m[K;
[14.775s]       |                 [01;36m[K^~~~~~[m[K
[14.778s] [01m[K/root/colcon_ws/src/orb_slam3_ros2_wrapper/src/rgbd/rgbd-slam-node.cpp:160:79:[m[K [01;35m[Kwarning: [m[Kunused parameter ‘[01m[Krequest_header[m[K’ [[01;35m[K-Wunused-parameter[m[K]
[14.778s]   160 |     void RgbdSlamNode::publishMapPointCloud([01;35m[Kstd::shared_ptr<rmw_request_id_t> request_header[m[K,
[14.778s]       |                                             [01;35m[K~~~~~~~~~~~~~~~~~~~~~~~~~~~~~~~~~~^~~~~~~~~~~~~~[m[K
[14.779s] [01m[K/root/colcon_ws/src/orb_slam3_ros2_wrapper/src/rgbd/rgbd-slam-node.cpp:161:108:[m[K [01;35m[Kwarning: [m[Kunused parameter ‘[01m[Krequest[m[K’ [[01;35m[K-Wunused-parameter[m[K]
[14.779s]   161 |                                             [01;35m[Kstd::shared_ptr<slam_msgs::srv::GetAllLandmarksInMap::Request> request[m[K,
[14.779s]       |                                             [01;35m[K~~~~~~~~~~~~~~~~~~~~~~~~~~~~~~~~~~~~~~~~~~~~~~~~~~~~~~~~~~~~~~~^~~~~~~[m[K
[14.792s] [01m[K/root/colcon_ws/src/orb_slam3_ros2_wrapper/src/rgbd/rgbd-slam-node.cpp:[m[K In member function ‘[01m[Kvoid ORB_SLAM3_Wrapper::RgbdSlamNode::getMapServer(std::shared_ptr<rmw_request_id_s>, std::shared_ptr<slam_msgs::srv::GetMap_Request_<std::allocator<void> > >, std::shared_ptr<slam_msgs::srv::GetMap_Response_<std::allocator<void> > >)[m[K’:
[14.792s] [01m[K/root/colcon_ws/src/orb_slam3_ros2_wrapper/src/rgbd/rgbd-slam-node.cpp:236:71:[m[K [01;35m[Kwarning: [m[Kunused parameter ‘[01m[Krequest_header[m[K’ [[01;35m[K-Wunused-parameter[m[K]
[14.792s]   236 |     void RgbdSlamNode::getMapServer([01;35m[Kstd::shared_ptr<rmw_request_id_t> request_header[m[K,
[14.792s]       |                                     [01;35m[K~~~~~~~~~~~~~~~~~~~~~~~~~~~~~~~~~~^~~~~~~~~~~~~~[m[K
[14.807s] [01m[K/root/colcon_ws/src/orb_slam3_ros2_wrapper/src/rgbd/rgbd-slam-node.cpp:[m[K In member function ‘[01m[Kvoid ORB_SLAM3_Wrapper::RgbdSlamNode::getMapPointsInViewServer(std::shared_ptr<rmw_request_id_s>, std::shared_ptr<slam_msgs::srv::GetLandmarksInView_Request_<std::allocator<void> > >, std::shared_ptr<slam_msgs::srv::GetLandmarksInView_Response_<std::allocator<void> > >)[m[K’:
[14.807s] [01m[K/root/colcon_ws/src/orb_slam3_ros2_wrapper/src/rgbd/rgbd-slam-node.cpp:246:83:[m[K [01;35m[Kwarning: [m[Kunused parameter ‘[01m[Krequest_header[m[K’ [[01;35m[K-Wunused-parameter[m[K]
[14.807s]   246 |     void RgbdSlamNode::getMapPointsInViewServer([01;35m[Kstd::shared_ptr<rmw_request_id_t> request_header[m[K,
[14.807s]       |                                                 [01;35m[K~~~~~~~~~~~~~~~~~~~~~~~~~~~~~~~~~~^~~~~~~~~~~~~~[m[K
[15.866s] In file included from [01m[K/home/orb/ORB_SLAM3/include/Atlas.h:26[m[K,
[15.866s]                  from [01m[K/home/orb/ORB_SLAM3/include/FrameDrawer.h:25[m[K,
[15.866s]                  from [01m[K/home/orb/ORB_SLAM3/include/Viewer.h:23[m[K,
[15.866s]                  from [01m[K/home/orb/ORB_SLAM3/include/Tracking.h:26[m[K,
[15.866s]                  from [01m[K/home/orb/ORB_SLAM3/include/System.h:31[m[K,
[15.866s]                  from [01m[K/root/colcon_ws/src/orb_slam3_ros2_wrapper/include/orb_slam3_ros2_wrapper/orb_slam3_interface.hpp:28[m[K,
[15.866s]                  from [01m[K/root/colcon_ws/src/orb_slam3_ros2_wrapper/src/orb_slam3_interface.cpp:6[m[K:
[15.866s] [01m[K/home/orb/ORB_SLAM3/include/CameraModels/Pinhole.h:[m[K In member function ‘[01m[Kvirtual bool ORB_SLAM3::Pinhole::matchAndtriangulate(const cv::KeyPoint&, const cv::KeyPoint&, ORB_SLAM3::GeometricCamera*, Sophus::SE3f&, Sophus::SE3f&, float, float, Eigen::Vector3f&)[m[K’:
[15.867s] [01m[K/home/orb/ORB_SLAM3/include/CameraModels/Pinhole.h:83:54:[m[K [01;35m[Kwarning: [m[Kunused parameter ‘[01m[Kkp1[m[K’ [[01;35m[K-Wunused-parameter[m[K]
[15.867s]    83 |         bool matchAndtriangulate([01;35m[Kconst cv::KeyPoint& kp1[m[K, const cv::KeyPoint& kp2, GeometricCamera* pOther,
[15.867s]       |                                  [01;35m[K~~~~~~~~~~~~~~~~~~~~^~~[m[K
[15.867s] [01m[K/home/orb/ORB_SLAM3/include/CameraModels/Pinhole.h:83:79:[m[K [01;35m[Kwarning: [m[Kunused parameter ‘[01m[Kkp2[m[K’ [[01;35m[K-Wunused-parameter[m[K]
[15.867s]    83 |         bool matchAndtriangulate(const cv::KeyPoint& kp1, [01;35m[Kconst cv::KeyPoint& kp2[m[K, GeometricCamera* pOther,
[15.867s]       |                                                           [01;35m[K~~~~~~~~~~~~~~~~~~~~^~~[m[K
[15.868s] [01m[K/home/orb/ORB_SLAM3/include/CameraModels/Pinhole.h:83:101:[m[K [01;35m[Kwarning: [m[Kunused parameter ‘[01m[KpOther[m[K’ [[01;35m[K-Wunused-parameter[m[K]
[15.868s]    83 |         bool matchAndtriangulate(const cv::KeyPoint& kp1, const cv::KeyPoint& kp2, [01;35m[KGeometricCamera* pOther[m[K,
[15.868s]       |                                                                                    [01;35m[K~~~~~~~~~~~~~~~~~^~~~~~[m[K
[15.868s] [01m[K/home/orb/ORB_SLAM3/include/CameraModels/Pinhole.h:84:48:[m[K [01;35m[Kwarning: [m[Kunused parameter ‘[01m[KTcw1[m[K’ [[01;35m[K-Wunused-parameter[m[K]
[15.868s]    84 |                                  [01;35m[KSophus::SE3f& Tcw1[m[K, Sophus::SE3f& Tcw2,
[15.868s]       |                                  [01;35m[K~~~~~~~~~~~~~~^~~~[m[K
[15.868s] [01m[K/home/orb/ORB_SLAM3/include/CameraModels/Pinhole.h:84:68:[m[K [01;35m[Kwarning: [m[Kunused parameter ‘[01m[KTcw2[m[K’ [[01;35m[K-Wunused-parameter[m[K]
[15.868s]    84 |                                  Sophus::SE3f& Tcw1, [01;35m[KSophus::SE3f& Tcw2[m[K,
[15.869s]       |                                                      [01;35m[K~~~~~~~~~~~~~~^~~~[m[K
[15.869s] [01m[K/home/orb/ORB_SLAM3/include/CameraModels/Pinhole.h:85:46:[m[K [01;35m[Kwarning: [m[Kunused parameter ‘[01m[KsigmaLevel1[m[K’ [[01;35m[K-Wunused-parameter[m[K]
[15.869s]    85 |                                  [01;35m[Kconst float sigmaLevel1[m[K, const float sigmaLevel2,
[15.869s]       |                                  [01;35m[K~~~~~~~~~~~~^~~~~~~~~~~[m[K
[15.869s] [01m[K/home/orb/ORB_SLAM3/include/CameraModels/Pinhole.h:85:71:[m[K [01;35m[Kwarning: [m[Kunused parameter ‘[01m[KsigmaLevel2[m[K’ [[01;35m[K-Wunused-parameter[m[K]
[15.869s]    85 |                                  const float sigmaLevel1, [01;35m[Kconst float sigmaLevel2[m[K,
[15.869s]       |                                                           [01;35m[K~~~~~~~~~~~~^~~~~~~~~~~[m[K
[15.870s] [01m[K/home/orb/ORB_SLAM3/include/CameraModels/Pinhole.h:86:51:[m[K [01;35m[Kwarning: [m[Kunused parameter ‘[01m[Kx3Dtriangulated[m[K’ [[01;35m[K-Wunused-parameter[m[K]
[15.870s]    86 |                                  [01;35m[KEigen::Vector3f& x3Dtriangulated[m[K) { return false;}
[15.870s]       |                                  [01;35m[K~~~~~~~~~~~~~~~~~^~~~~~~~~~~~~~~[m[K
[15.870s] In file included from [01m[K/home/orb/ORB_SLAM3/include/Atlas.h:27[m[K,
[15.870s]                  from [01m[K/home/orb/ORB_SLAM3/include/FrameDrawer.h:25[m[K,
[15.870s]                  from [01m[K/home/orb/ORB_SLAM3/include/Viewer.h:23[m[K,
[15.871s]                  from [01m[K/home/orb/ORB_SLAM3/include/Tracking.h:26[m[K,
[15.871s]                  from [01m[K/home/orb/ORB_SLAM3/include/System.h:31[m[K,
[15.871s]                  from [01m[K/root/colcon_ws/src/orb_slam3_ros2_wrapper/include/orb_slam3_ros2_wrapper/orb_slam3_interface.hpp:28[m[K,
[15.871s]                  from [01m[K/root/colcon_ws/src/orb_slam3_ros2_wrapper/src/orb_slam3_interface.cpp:6[m[K:
[15.871s] [01m[K/home/orb/ORB_SLAM3/include/CameraModels/KannalaBrandt8.h:[m[K In constructor ‘[01m[KORB_SLAM3::KannalaBrandt8::KannalaBrandt8(std::vector<float>)[m[K’:
[15.871s] [01m[K/home/orb/ORB_SLAM3/include/CameraModels/KannalaBrandt8.h:102:21:[m[K [01;35m[Kwarning: [m[K‘[01m[KORB_SLAM3::KannalaBrandt8::precision[m[K’ will be initialized after [[01;35m[K-Wreorder[m[K]
[15.871s]   102 |         const float [01;35m[Kprecision[m[K;
[15.871s]       |                     [01;35m[K^~~~~~~~~[m[K
[15.872s] [01m[K/home/orb/ORB_SLAM3/include/CameraModels/KannalaBrandt8.h:88:26:[m[K [01;35m[Kwarning: [m[K  ‘[01m[Kstd::vector<int> ORB_SLAM3::KannalaBrandt8::mvLappingArea[m[K’ [[01;35m[K-Wreorder[m[K]
[15.872s]    88 |         std::vector<int> [01;35m[KmvLappingArea[m[K;
[15.872s]       |                          [01;35m[K^~~~~~~~~~~~~[m[K
[15.872s] In file included from [01m[K/home/orb/ORB_SLAM3/include/Atlas.h:27[m[K,
[15.872s]                  from [01m[K/home/orb/ORB_SLAM3/include/FrameDrawer.h:25[m[K,
[15.872s]                  from [01m[K/home/orb/ORB_SLAM3/include/Viewer.h:23[m[K,
[15.872s]                  from [01m[K/home/orb/ORB_SLAM3/include/Tracking.h:26[m[K,
[15.872s]                  from [01m[K/home/orb/ORB_SLAM3/include/System.h:31[m[K,
[15.873s]                  from [01m[K/root/colcon_ws/src/orb_slam3_ros2_wrapper/include/orb_slam3_ros2_wrapper/orb_slam3_interface.hpp:28[m[K,
[15.873s]                  from [01m[K/root/colcon_ws/src/orb_slam3_ros2_wrapper/src/orb_slam3_interface.cpp:6[m[K:
[15.873s] [01m[K/home/orb/ORB_SLAM3/include/CameraModels/KannalaBrandt8.h:47:9:[m[K [01;35m[Kwarning: [m[K  when initialized here [[01;35m[K-Wreorder[m[K]
[15.873s]    47 |         [01;35m[KKannalaBrandt8[m[K(const std::vector<float> _vParameters) : GeometricCamera(_vParameters), precision(1e-6), mvLappingArea(2,0) ,tvr(nullptr) {
[15.873s]       |         [01;35m[K^~~~~~~~~~~~~~[m[K
[15.873s] In file included from [01m[K/home/orb/ORB_SLAM3/include/Atlas.h:27[m[K,
[15.873s]                  from [01m[K/home/orb/ORB_SLAM3/include/FrameDrawer.h:25[m[K,
[15.873s]                  from [01m[K/home/orb/ORB_SLAM3/include/Viewer.h:23[m[K,
[15.873s]                  from [01m[K/home/orb/ORB_SLAM3/include/Tracking.h:26[m[K,
[15.874s]                  from [01m[K/home/orb/ORB_SLAM3/include/System.h:31[m[K,
[15.874s]                  from [01m[K/root/colcon_ws/src/orb_slam3_ros2_wrapper/include/orb_slam3_ros2_wrapper/orb_slam3_interface.hpp:28[m[K,
[15.874s]                  from [01m[K/root/colcon_ws/src/orb_slam3_ros2_wrapper/src/orb_slam3_interface.cpp:6[m[K:
[15.874s] [01m[K/home/orb/ORB_SLAM3/include/CameraModels/KannalaBrandt8.h:[m[K In constructor ‘[01m[KORB_SLAM3::KannalaBrandt8::KannalaBrandt8(std::vector<float>, float)[m[K’:
[15.874s] [01m[K/home/orb/ORB_SLAM3/include/CameraModels/KannalaBrandt8.h:102:21:[m[K [01;35m[Kwarning: [m[K‘[01m[KORB_SLAM3::KannalaBrandt8::precision[m[K’ will be initialized after [[01;35m[K-Wreorder[m[K]
[15.874s]   102 |         const float [01;35m[Kprecision[m[K;
[15.874s]       |                     [01;35m[K^~~~~~~~~[m[K
[15.874s] [01m[K/home/orb/ORB_SLAM3/include/CameraModels/KannalaBrandt8.h:88:26:[m[K [01;35m[Kwarning: [m[K  ‘[01m[Kstd::vector<int> ORB_SLAM3::KannalaBrandt8::mvLappingArea[m[K’ [[01;35m[K-Wreorder[m[K]
[15.875s]    88 |         std::vector<int> [01;35m[KmvLappingArea[m[K;
[15.875s]       |                          [01;35m[K^~~~~~~~~~~~~[m[K
[15.875s] [01m[K/home/orb/ORB_SLAM3/include/CameraModels/KannalaBrandt8.h:53:9:[m[K [01;35m[Kwarning: [m[K  when initialized here [[01;35m[K-Wreorder[m[K]
[15.875s]    53 |         [01;35m[KKannalaBrandt8[m[K(const std::vector<float> _vParameters, const float _precision) : GeometricCamera(_vParameters),
[15.875s]       |         [01;35m[K^~~~~~~~~~~~~~[m[K
[15.875s] [01m[K/home/orb/ORB_SLAM3/include/CameraModels/KannalaBrandt8.h:[m[K In constructor ‘[01m[KORB_SLAM3::KannalaBrandt8::KannalaBrandt8(ORB_SLAM3::KannalaBrandt8*)[m[K’:
[15.875s] [01m[K/home/orb/ORB_SLAM3/include/CameraModels/KannalaBrandt8.h:102:21:[m[K [01;35m[Kwarning: [m[K‘[01m[KORB_SLAM3::KannalaBrandt8::precision[m[K’ will be initialized after [[01;35m[K-Wreorder[m[K]
[15.875s]   102 |         const float [01;35m[Kprecision[m[K;
[15.875s]       |                     [01;35m[K^~~~~~~~~[m[K
[15.876s] [01m[K/home/orb/ORB_SLAM3/include/CameraModels/KannalaBrandt8.h:88:26:[m[K [01;35m[Kwarning: [m[K  ‘[01m[Kstd::vector<int> ORB_SLAM3::KannalaBrandt8::mvLappingArea[m[K’ [[01;35m[K-Wreorder[m[K]
[15.876s]    88 |         std::vector<int> [01;35m[KmvLappingArea[m[K;
[15.876s]       |                          [01;35m[K^~~~~~~~~~~~~[m[K
[15.876s] [01m[K/home/orb/ORB_SLAM3/include/CameraModels/KannalaBrandt8.h:59:9:[m[K [01;35m[Kwarning: [m[K  when initialized here [[01;35m[K-Wreorder[m[K]
[15.876s]    59 |         [01;35m[KKannalaBrandt8[m[K(KannalaBrandt8* pKannala) : GeometricCamera(pKannala->mvParameters), precision(pKannala->precision), mvLappingArea(2,0) ,tvr(nullptr) {
[15.876s]       |         [01;35m[K^~~~~~~~~~~~~~[m[K
[17.928s] [01m[K/root/colcon_ws/src/orb_slam3_ros2_wrapper/src/orb_slam3_interface.cpp:[m[K In member function ‘[01m[Kvoid ORB_SLAM3_Wrapper::ORBSLAM3Interface::mapPointsVisibleFromPose(Sophus::SE3f&, std::vector<ORB_SLAM3::MapPoint*>&, int, float, float)[m[K’:
[17.929s] [01m[K/root/colcon_ws/src/orb_slam3_ros2_wrapper/src/orb_slam3_interface.cpp:234:14:[m[K [01;35m[Kwarning: [m[Kvariable ‘[01m[KmRwc[m[K’ set but not used [[01;35m[K-Wunused-but-set-variable[m[K]
[17.929s]   234 |         auto [01;35m[KmRwc[m[K = Twc.rotationMatrix();
[17.929s]       |              [01;35m[K^~~~[m[K
[17.932s] [01m[K/root/colcon_ws/src/orb_slam3_ros2_wrapper/src/orb_slam3_interface.cpp:216:166:[m[K [01;35m[Kwarning: [m[Kunused parameter ‘[01m[KmaxAngle[m[K’ [[01;35m[K-Wunused-parameter[m[K]
[17.932s]   216 |     void ORBSLAM3Interface::mapPointsVisibleFromPose(Sophus::SE3f& cameraPose, std::vector<ORB_SLAM3::MapPoint*>& points, int maxLandmarks, float maxDistance, [01;35m[Kfloat maxAngle[m[K)
[17.932s]       |                                                                                                                                                                [01;35m[K~~~~~~^~~~~~~~[m[K
[17.976s] [01m[K/root/colcon_ws/src/orb_slam3_ros2_wrapper/src/orb_slam3_interface.cpp:[m[K In member function ‘[01m[Kbool ORB_SLAM3_Wrapper::ORBSLAM3Interface::trackRGBD(sensor_msgs::msg::Image_<std::allocator<void> >::SharedPtr, sensor_msgs::msg::Image_<std::allocator<void> >::SharedPtr, Sophus::SE3f&)[m[K’:
[17.976s] [01m[K/root/colcon_ws/src/orb_slam3_ros2_wrapper/src/orb_slam3_interface.cpp:617:18:[m[K [01;35m[Kwarning: [m[Kvariable ‘[01m[KtempTwc[m[K’ set but not used [[01;35m[K-Wunused-but-set-variable[m[K]
[17.976s]   617 |             auto [01;35m[KtempTwc[m[K = Tcw.inverse();
[17.977s]       |                  [01;35m[K^~~~~~~[m[K
[18.553s] In file included from [01m[K/home/orb/ORB_SLAM3/include/Frame.h:30[m[K,
[18.553s]                  from [01m[K/home/orb/ORB_SLAM3/include/KeyFrame.h:28[m[K,
[18.553s]                  from [01m[K/home/orb/ORB_SLAM3/include/MapPoint.h:23[m[K,
[18.554s]                  from [01m[K/root/colcon_ws/src/orb_slam3_ros2_wrapper/include/orb_slam3_ros2_wrapper/type_conversion.hpp:26[m[K,
[18.554s]                  from [01m[K/root/colcon_ws/src/orb_slam3_ros2_wrapper/tests/typeConversionsTests.cpp:5[m[K:
[18.554s] [01m[K/home/orb/ORB_SLAM3/include/ImuTypes.h:[m[K In member function ‘[01m[Kvoid ORB_SLAM3::IMU::Preintegrated::printMeasurements() const[m[K’:
[18.554s] [01m[K/home/orb/ORB_SLAM3/include/ImuTypes.h:204:23:[m[K [01;35m[Kwarning: [m[Kcomparison of integer expressions of different signedness: ‘[01m[Kint[m[K’ and ‘[01m[Kstd::vector<ORB_SLAM3::IMU::Preintegrated::integrable>::size_type[m[K’ {aka ‘[01m[Klong unsigned int[m[K’} [[01;35m[K-Wsign-compare[m[K]
[18.554s]   204 |         for(int i=0; [01;35m[Ki<mvMeasurements.size()[m[K; i++){
[18.554s]       |                      [01;35m[K~^~~~~~~~~~~~~~~~~~~~~~[m[K
[18.691s] In file included from [01m[K/home/orb/ORB_SLAM3/Thirdparty/g2o/g2o/types/types_six_dof_expmap.h:37[m[K,
[18.691s]                  from [01m[K/home/orb/ORB_SLAM3/include/Converter.h:26[m[K,
[18.691s]                  from [01m[K/home/orb/ORB_SLAM3/include/Frame.h:33[m[K,
[18.691s]                  from [01m[K/home/orb/ORB_SLAM3/include/KeyFrame.h:28[m[K,
[18.692s]                  from [01m[K/home/orb/ORB_SLAM3/include/MapPoint.h:23[m[K,
[18.692s]                  from [01m[K/root/colcon_ws/src/orb_slam3_ros2_wrapper/include/orb_slam3_ros2_wrapper/type_conversion.hpp:26[m[K,
[18.692s]                  from [01m[K/root/colcon_ws/src/orb_slam3_ros2_wrapper/tests/typeConversionsTests.cpp:5[m[K:
[18.692s] [01m[K/home/orb/ORB_SLAM3/Thirdparty/g2o/g2o/types/../core/base_vertex.h:[m[K At global scope:
[18.692s] [01m[K/home/orb/ORB_SLAM3/Thirdparty/g2o/g2o/types/../core/base_vertex.h:62:74:[m[K [01;35m[Kwarning: [m[K‘[01m[KEigen::AlignedBit[m[K’ is deprecated [[01;35m[K-Wdeprecated-declarations[m[K]
[18.692s]    62 |     typedef Eigen::Map<Matrix<double, D, D>, Matrix<double,D,D>::Flags & [01;35m[KAlignedBit[m[K ? Aligned : Unaligned >  HessianBlockType;
[18.692s]       |                                                                          [01;35m[K^~~~~~~~~~[m[K
[18.695s] In file included from [01m[K/usr/include/eigen3/Eigen/Core:161[m[K,
[18.695s]                  from [01m[K/usr/include/eigen3/Eigen/Dense:1[m[K,
[18.695s]                  from [01m[K/root/colcon_ws/src/orb_slam3_ros2_wrapper/tests/typeConversionsTests.cpp:3[m[K:
[18.695s] [01m[K/usr/include/eigen3/Eigen/src/Core/util/Constants.h:167:37:[m[K [01;36m[Knote: [m[Kdeclared here
[18.695s]   167 | EIGEN_DEPRECATED const unsigned int [01;36m[KAlignedBit[m[K = 0x80;
[18.695s]       |                                     [01;36m[K^~~~~~~~~~[m[K
[18.709s] In file included from [01m[K/home/orb/ORB_SLAM3/Thirdparty/g2o/g2o/types/types_six_dof_expmap.h:38[m[K,
[18.709s]                  from [01m[K/home/orb/ORB_SLAM3/include/Converter.h:26[m[K,
[18.709s]                  from [01m[K/home/orb/ORB_SLAM3/include/Frame.h:33[m[K,
[18.709s]                  from [01m[K/home/orb/ORB_SLAM3/include/KeyFrame.h:28[m[K,
[18.709s]                  from [01m[K/home/orb/ORB_SLAM3/include/MapPoint.h:23[m[K,
[18.710s]                  from [01m[K/root/colcon_ws/src/orb_slam3_ros2_wrapper/include/orb_slam3_ros2_wrapper/type_conversion.hpp:26[m[K,
[18.710s]                  from [01m[K/root/colcon_ws/src/orb_slam3_ros2_wrapper/tests/typeConversionsTests.cpp:5[m[K:
[18.710s] [01m[K/home/orb/ORB_SLAM3/Thirdparty/g2o/g2o/types/../core/base_binary_edge.h:59:82:[m[K [01;35m[Kwarning: [m[K‘[01m[KEigen::AlignedBit[m[K’ is deprecated [[01;35m[K-Wdeprecated-declarations[m[K]
[18.710s]    59 |       typedef Eigen::Map<Matrix<double, Di, Dj>, Matrix<double, Di, Dj>::Flags & [01;35m[KAlignedBit[m[K ? Aligned : Unaligned > HessianBlockType;
[18.710s]       |                                                                                  [01;35m[K^~~~~~~~~~[m[K
[18.710s] In file included from [01m[K/usr/include/eigen3/Eigen/Core:161[m[K,
[18.710s]                  from [01m[K/usr/include/eigen3/Eigen/Dense:1[m[K,
[18.710s]                  from [01m[K/root/colcon_ws/src/orb_slam3_ros2_wrapper/tests/typeConversionsTests.cpp:3[m[K:
[18.710s] [01m[K/usr/include/eigen3/Eigen/src/Core/util/Constants.h:167:37:[m[K [01;36m[Knote: [m[Kdeclared here
[18.711s]   167 | EIGEN_DEPRECATED const unsigned int [01;36m[KAlignedBit[m[K = 0x80;
[18.711s]       |                                     [01;36m[K^~~~~~~~~~[m[K
[18.711s] In file included from [01m[K/home/orb/ORB_SLAM3/Thirdparty/g2o/g2o/types/types_six_dof_expmap.h:38[m[K,
[18.711s]                  from [01m[K/home/orb/ORB_SLAM3/include/Converter.h:26[m[K,
[18.711s]                  from [01m[K/home/orb/ORB_SLAM3/include/Frame.h:33[m[K,
[18.711s]                  from [01m[K/home/orb/ORB_SLAM3/include/KeyFrame.h:28[m[K,
[18.711s]                  from [01m[K/home/orb/ORB_SLAM3/include/MapPoint.h:23[m[K,
[18.711s]                  from [01m[K/root/colcon_ws/src/orb_slam3_ros2_wrapper/include/orb_slam3_ros2_wrapper/type_conversion.hpp:26[m[K,
[18.712s]                  from [01m[K/root/colcon_ws/src/orb_slam3_ros2_wrapper/tests/typeConversionsTests.cpp:5[m[K:
[18.712s] [01m[K/home/orb/ORB_SLAM3/Thirdparty/g2o/g2o/types/../core/base_binary_edge.h:60:82:[m[K [01;35m[Kwarning: [m[K‘[01m[KEigen::AlignedBit[m[K’ is deprecated [[01;35m[K-Wdeprecated-declarations[m[K]
[18.712s]    60 |       typedef Eigen::Map<Matrix<double, Dj, Di>, Matrix<double, Dj, Di>::Flags & [01;35m[KAlignedBit[m[K ? Aligned : Unaligned > HessianBlockTransposedType;
[18.712s]       |                                                                                  [01;35m[K^~~~~~~~~~[m[K
[18.712s] In file included from [01m[K/usr/include/eigen3/Eigen/Core:161[m[K,
[18.712s]                  from [01m[K/usr/include/eigen3/Eigen/Dense:1[m[K,
[18.712s]                  from [01m[K/root/colcon_ws/src/orb_slam3_ros2_wrapper/tests/typeConversionsTests.cpp:3[m[K:
[18.712s] [01m[K/usr/include/eigen3/Eigen/src/Core/util/Constants.h:167:37:[m[K [01;36m[Knote: [m[Kdeclared here
[18.712s]   167 | EIGEN_DEPRECATED const unsigned int [01;36m[KAlignedBit[m[K = 0x80;
[18.713s]       |                                     [01;36m[K^~~~~~~~~~[m[K
[18.778s] In file included from [01m[K/home/orb/ORB_SLAM3/Thirdparty/g2o/g2o/types/types_six_dof_expmap.h:41[m[K,
[18.778s]                  from [01m[K/home/orb/ORB_SLAM3/include/Converter.h:26[m[K,
[18.779s]                  from [01m[K/home/orb/ORB_SLAM3/include/Frame.h:33[m[K,
[18.779s]                  from [01m[K/home/orb/ORB_SLAM3/include/KeyFrame.h:28[m[K,
[18.779s]                  from [01m[K/home/orb/ORB_SLAM3/include/MapPoint.h:23[m[K,
[18.779s]                  from [01m[K/root/colcon_ws/src/orb_slam3_ros2_wrapper/include/orb_slam3_ros2_wrapper/type_conversion.hpp:26[m[K,
[18.779s]                  from [01m[K/root/colcon_ws/src/orb_slam3_ros2_wrapper/tests/typeConversionsTests.cpp:5[m[K:
[18.779s] [01m[K/home/orb/ORB_SLAM3/Thirdparty/g2o/g2o/types/se3quat.h:43:38:[m[K [01;35m[Kwarning: [m[Kextra ‘[01m[K;[m[K’ [[01;35m[K-Wpedantic[m[K]
[18.779s]    43 |       EIGEN_MAKE_ALIGNED_OPERATOR_NEW[01;35m[K;[m[K
[18.779s]       |                                      [01;35m[K^[m[K
[18.779s]       |                                      [31m[K-[m[K
[19.106s] In file included from [01m[K/home/orb/ORB_SLAM3/Thirdparty/g2o/g2o/types/types_six_dof_expmap.h:37[m[K,
[19.106s]                  from [01m[K/home/orb/ORB_SLAM3/include/Converter.h:26[m[K,
[19.106s]                  from [01m[K/home/orb/ORB_SLAM3/include/Frame.h:33[m[K,
[19.107s]                  from [01m[K/home/orb/ORB_SLAM3/include/KeyFrame.h:28[m[K,
[19.107s]                  from [01m[K/home/orb/ORB_SLAM3/include/MapPoint.h:23[m[K,
[19.107s]                  from [01m[K/root/colcon_ws/src/orb_slam3_ros2_wrapper/include/orb_slam3_ros2_wrapper/type_conversion.hpp:26[m[K,
[19.107s]                  from [01m[K/root/colcon_ws/src/orb_slam3_ros2_wrapper/tests/typeConversionsTests.cpp:5[m[K:
[19.107s] /home/orb/ORB_SLAM3/Thirdparty/g2o/g2o/types/../core/base_vertex.h: In instantiation of ‘[01m[Kclass g2o::BaseVertex<3, Eigen::Matrix<double, 3, 1> >[m[K’:
[19.107s] [01m[K/home/orb/ORB_SLAM3/Thirdparty/g2o/g2o/types/types_sba.h:40:35:[m[K   required from here
[19.107s] [01m[K/home/orb/ORB_SLAM3/Thirdparty/g2o/g2o/types/../core/base_vertex.h:62:72:[m[K [01;35m[Kwarning: [m[K‘[01m[KEigen::AlignedBit[m[K’ is deprecated [[01;35m[K-Wdeprecated-declarations[m[K]
[19.107s]    62 |     typedef Eigen::Map<Matrix<double, D, D>, Matrix<double,D,D>::[01;35m[KFlags & AlignedBit[m[K ? Aligned : Unaligned >  HessianBlockType;
[19.107s]       |                                                                  [01;35m[K~~~~~~^~~~~~~~~~~~[m[K
[19.107s] In file included from [01m[K/usr/include/eigen3/Eigen/Core:161[m[K,
[19.108s]                  from [01m[K/usr/include/eigen3/Eigen/Dense:1[m[K,
[19.108s]                  from [01m[K/root/colcon_ws/src/orb_slam3_ros2_wrapper/tests/typeConversionsTests.cpp:3[m[K:
[19.108s] [01m[K/usr/include/eigen3/Eigen/src/Core/util/Constants.h:167:37:[m[K [01;36m[Knote: [m[Kdeclared here
[19.108s]   167 | EIGEN_DEPRECATED const unsigned int [01;36m[KAlignedBit[m[K = 0x80;
[19.108s]       |                                     [01;36m[K^~~~~~~~~~[m[K
[19.140s] In file included from [01m[K/home/orb/ORB_SLAM3/Thirdparty/g2o/g2o/types/types_six_dof_expmap.h:37[m[K,
[19.140s]                  from [01m[K/home/orb/ORB_SLAM3/include/Converter.h:26[m[K,
[19.141s]                  from [01m[K/home/orb/ORB_SLAM3/include/Frame.h:33[m[K,
[19.141s]                  from [01m[K/home/orb/ORB_SLAM3/include/KeyFrame.h:28[m[K,
[19.141s]                  from [01m[K/home/orb/ORB_SLAM3/include/MapPoint.h:23[m[K,
[19.141s]                  from [01m[K/root/colcon_ws/src/orb_slam3_ros2_wrapper/include/orb_slam3_ros2_wrapper/type_conversion.hpp:26[m[K,
[19.141s]                  from [01m[K/root/colcon_ws/src/orb_slam3_ros2_wrapper/tests/typeConversionsTests.cpp:5[m[K:
[19.141s] /home/orb/ORB_SLAM3/Thirdparty/g2o/g2o/types/../core/base_vertex.h: In instantiation of ‘[01m[Kclass g2o::BaseVertex<6, g2o::SE3Quat>[m[K’:
[19.141s] [01m[K/home/orb/ORB_SLAM3/Thirdparty/g2o/g2o/types/types_six_dof_expmap.h:59:33:[m[K   required from here
[19.141s] [01m[K/home/orb/ORB_SLAM3/Thirdparty/g2o/g2o/types/../core/base_vertex.h:62:72:[m[K [01;35m[Kwarning: [m[K‘[01m[KEigen::AlignedBit[m[K’ is deprecated [[01;35m[K-Wdeprecated-declarations[m[K]
[19.141s]    62 |     typedef Eigen::Map<Matrix<double, D, D>, Matrix<double,D,D>::[01;35m[KFlags & AlignedBit[m[K ? Aligned : Unaligned >  HessianBlockType;
[19.142s]       |                                                                  [01;35m[K~~~~~~^~~~~~~~~~~~[m[K
[19.142s] In file included from [01m[K/usr/include/eigen3/Eigen/Core:161[m[K,
[19.142s]                  from [01m[K/usr/include/eigen3/Eigen/Dense:1[m[K,
[19.142s]                  from [01m[K/root/colcon_ws/src/orb_slam3_ros2_wrapper/tests/typeConversionsTests.cpp:3[m[K:
[19.142s] [01m[K/usr/include/eigen3/Eigen/src/Core/util/Constants.h:167:37:[m[K [01;36m[Knote: [m[Kdeclared here
[19.142s]   167 | EIGEN_DEPRECATED const unsigned int [01;36m[KAlignedBit[m[K = 0x80;
[19.142s]       |                                     [01;36m[K^~~~~~~~~~[m[K
[19.176s] In file included from [01m[K/home/orb/ORB_SLAM3/Thirdparty/g2o/g2o/types/types_six_dof_expmap.h:38[m[K,
[19.176s]                  from [01m[K/home/orb/ORB_SLAM3/include/Converter.h:26[m[K,
[19.176s]                  from [01m[K/home/orb/ORB_SLAM3/include/Frame.h:33[m[K,
[19.176s]                  from [01m[K/home/orb/ORB_SLAM3/include/KeyFrame.h:28[m[K,
[19.176s]                  from [01m[K/home/orb/ORB_SLAM3/include/MapPoint.h:23[m[K,
[19.176s]                  from [01m[K/root/colcon_ws/src/orb_slam3_ros2_wrapper/include/orb_slam3_ros2_wrapper/type_conversion.hpp:26[m[K,
[19.176s]                  from [01m[K/root/colcon_ws/src/orb_slam3_ros2_wrapper/tests/typeConversionsTests.cpp:5[m[K:
[19.177s] /home/orb/ORB_SLAM3/Thirdparty/g2o/g2o/types/../core/base_binary_edge.h: In instantiation of ‘[01m[Kclass g2o::BaseBinaryEdge<6, g2o::SE3Quat, g2o::VertexSE3Expmap, g2o::VertexSE3Expmap>[m[K’:
[19.177s] [01m[K/home/orb/ORB_SLAM3/Thirdparty/g2o/g2o/types/types_six_dof_expmap.h:83:24:[m[K   required from here
[19.177s] [01m[K/home/orb/ORB_SLAM3/Thirdparty/g2o/g2o/types/../core/base_binary_edge.h:59:80:[m[K [01;35m[Kwarning: [m[K‘[01m[KEigen::AlignedBit[m[K’ is deprecated [[01;35m[K-Wdeprecated-declarations[m[K]
[19.177s]    59 |       typedef Eigen::Map<Matrix<double, Di, Dj>, Matrix<double, Di, Dj>::[01;35m[KFlags & AlignedBit[m[K ? Aligned : Unaligned > HessianBlockType;
[19.177s]       |                                                                          [01;35m[K~~~~~~^~~~~~~~~~~~[m[K
[19.177s] In file included from [01m[K/usr/include/eigen3/Eigen/Core:161[m[K,
[19.177s]                  from [01m[K/usr/include/eigen3/Eigen/Dense:1[m[K,
[19.177s]                  from [01m[K/root/colcon_ws/src/orb_slam3_ros2_wrapper/tests/typeConversionsTests.cpp:3[m[K:
[19.178s] [01m[K/usr/include/eigen3/Eigen/src/Core/util/Constants.h:167:37:[m[K [01;36m[Knote: [m[Kdeclared here
[19.178s]   167 | EIGEN_DEPRECATED const unsigned int [01;36m[KAlignedBit[m[K = 0x80;
[19.178s]       |                                     [01;36m[K^~~~~~~~~~[m[K
[19.178s] In file included from [01m[K/home/orb/ORB_SLAM3/Thirdparty/g2o/g2o/types/types_six_dof_expmap.h:38[m[K,
[19.178s]                  from [01m[K/home/orb/ORB_SLAM3/include/Converter.h:26[m[K,
[19.178s]                  from [01m[K/home/orb/ORB_SLAM3/include/Frame.h:33[m[K,
[19.178s]                  from [01m[K/home/orb/ORB_SLAM3/include/KeyFrame.h:28[m[K,
[19.178s]                  from [01m[K/home/orb/ORB_SLAM3/include/MapPoint.h:23[m[K,
[19.178s]                  from [01m[K/root/colcon_ws/src/orb_slam3_ros2_wrapper/include/orb_slam3_ros2_wrapper/type_conversion.hpp:26[m[K,
[19.179s]                  from [01m[K/root/colcon_ws/src/orb_slam3_ros2_wrapper/tests/typeConversionsTests.cpp:5[m[K:
[19.179s] [01m[K/home/orb/ORB_SLAM3/Thirdparty/g2o/g2o/types/../core/base_binary_edge.h:60:80:[m[K [01;35m[Kwarning: [m[K‘[01m[KEigen::AlignedBit[m[K’ is deprecated [[01;35m[K-Wdeprecated-declarations[m[K]
[19.179s]    60 |       typedef Eigen::Map<Matrix<double, Dj, Di>, Matrix<double, Dj, Di>::[01;35m[KFlags & AlignedBit[m[K ? Aligned : Unaligned > HessianBlockTransposedType;
[19.179s]       |                                                                          [01;35m[K~~~~~~^~~~~~~~~~~~[m[K
[19.179s] In file included from [01m[K/usr/include/eigen3/Eigen/Core:161[m[K,
[19.179s]                  from [01m[K/usr/include/eigen3/Eigen/Dense:1[m[K,
[19.179s]                  from [01m[K/root/colcon_ws/src/orb_slam3_ros2_wrapper/tests/typeConversionsTests.cpp:3[m[K:
[19.179s] [01m[K/usr/include/eigen3/Eigen/src/Core/util/Constants.h:167:37:[m[K [01;36m[Knote: [m[Kdeclared here
[19.179s]   167 | EIGEN_DEPRECATED const unsigned int [01;36m[KAlignedBit[m[K = 0x80;
[19.179s]       |                                     [01;36m[K^~~~~~~~~~[m[K
[19.265s] In file included from [01m[K/home/orb/ORB_SLAM3/Thirdparty/g2o/g2o/types/types_six_dof_expmap.h:38[m[K,
[19.265s]                  from [01m[K/home/orb/ORB_SLAM3/include/Converter.h:26[m[K,
[19.266s]                  from [01m[K/home/orb/ORB_SLAM3/include/Frame.h:33[m[K,
[19.266s]                  from [01m[K/home/orb/ORB_SLAM3/include/KeyFrame.h:28[m[K,
[19.266s]                  from [01m[K/home/orb/ORB_SLAM3/include/MapPoint.h:23[m[K,
[19.266s]                  from [01m[K/root/colcon_ws/src/orb_slam3_ros2_wrapper/include/orb_slam3_ros2_wrapper/type_conversion.hpp:26[m[K,
[19.266s]                  from [01m[K/root/colcon_ws/src/orb_slam3_ros2_wrapper/tests/typeConversionsTests.cpp:5[m[K:
[19.266s] /home/orb/ORB_SLAM3/Thirdparty/g2o/g2o/types/../core/base_binary_edge.h: In instantiation of ‘[01m[Kclass g2o::BaseBinaryEdge<2, Eigen::Matrix<double, 2, 1>, g2o::VertexSBAPointXYZ, g2o::VertexSE3Expmap>[m[K’:
[19.266s] [01m[K/home/orb/ORB_SLAM3/Thirdparty/g2o/g2o/types/types_six_dof_expmap.h:114:35:[m[K   required from here
[19.266s] [01m[K/home/orb/ORB_SLAM3/Thirdparty/g2o/g2o/types/../core/base_binary_edge.h:59:80:[m[K [01;35m[Kwarning: [m[K‘[01m[KEigen::AlignedBit[m[K’ is deprecated [[01;35m[K-Wdeprecated-declarations[m[K]
[19.266s]    59 |       typedef Eigen::Map<Matrix<double, Di, Dj>, Matrix<double, Di, Dj>::[01;35m[KFlags & AlignedBit[m[K ? Aligned : Unaligned > HessianBlockType;
[19.266s]       |                                                                          [01;35m[K~~~~~~^~~~~~~~~~~~[m[K
[19.267s] In file included from [01m[K/usr/include/eigen3/Eigen/Core:161[m[K,
[19.267s]                  from [01m[K/usr/include/eigen3/Eigen/Dense:1[m[K,
[19.267s]                  from [01m[K/root/colcon_ws/src/orb_slam3_ros2_wrapper/tests/typeConversionsTests.cpp:3[m[K:
[19.267s] [01m[K/usr/include/eigen3/Eigen/src/Core/util/Constants.h:167:37:[m[K [01;36m[Knote: [m[Kdeclared here
[19.267s]   167 | EIGEN_DEPRECATED const unsigned int [01;36m[KAlignedBit[m[K = 0x80;
[19.267s]       |                                     [01;36m[K^~~~~~~~~~[m[K
[19.288s] In file included from [01m[K/home/orb/ORB_SLAM3/Thirdparty/g2o/g2o/types/types_six_dof_expmap.h:38[m[K,
[19.288s]                  from [01m[K/home/orb/ORB_SLAM3/include/Converter.h:26[m[K,
[19.288s]                  from [01m[K/home/orb/ORB_SLAM3/include/Frame.h:33[m[K,
[19.288s]                  from [01m[K/home/orb/ORB_SLAM3/include/KeyFrame.h:28[m[K,
[19.288s]                  from [01m[K/home/orb/ORB_SLAM3/include/MapPoint.h:23[m[K,
[19.288s]                  from [01m[K/root/colcon_ws/src/orb_slam3_ros2_wrapper/include/orb_slam3_ros2_wrapper/type_conversion.hpp:26[m[K,
[19.288s]                  from [01m[K/root/colcon_ws/src/orb_slam3_ros2_wrapper/tests/typeConversionsTests.cpp:5[m[K:
[19.288s] [01m[K/home/orb/ORB_SLAM3/Thirdparty/g2o/g2o/types/../core/base_binary_edge.h:60:80:[m[K [01;35m[Kwarning: [m[K‘[01m[KEigen::AlignedBit[m[K’ is deprecated [[01;35m[K-Wdeprecated-declarations[m[K]
[19.289s]    60 |       typedef Eigen::Map<Matrix<double, Dj, Di>, Matrix<double, Dj, Di>::[01;35m[KFlags & AlignedBit[m[K ? Aligned : Unaligned > HessianBlockTransposedType;
[19.289s]       |                                                                          [01;35m[K~~~~~~^~~~~~~~~~~~[m[K
[19.289s] In file included from [01m[K/usr/include/eigen3/Eigen/Core:161[m[K,
[19.289s]                  from [01m[K/usr/include/eigen3/Eigen/Dense:1[m[K,
[19.289s]                  from [01m[K/root/colcon_ws/src/orb_slam3_ros2_wrapper/tests/typeConversionsTests.cpp:3[m[K:
[19.289s] [01m[K/usr/include/eigen3/Eigen/src/Core/util/Constants.h:167:37:[m[K [01;36m[Knote: [m[Kdeclared here
[19.289s]   167 | EIGEN_DEPRECATED const unsigned int [01;36m[KAlignedBit[m[K = 0x80;
[19.289s]       |                                     [01;36m[K^~~~~~~~~~[m[K
[19.363s] In file included from [01m[K/home/orb/ORB_SLAM3/Thirdparty/g2o/g2o/types/types_six_dof_expmap.h:38[m[K,
[19.364s]                  from [01m[K/home/orb/ORB_SLAM3/include/Converter.h:26[m[K,
[19.365s]                  from [01m[K/home/orb/ORB_SLAM3/include/Frame.h:33[m[K,
[19.366s]                  from [01m[K/home/orb/ORB_SLAM3/include/KeyFrame.h:28[m[K,
[19.367s]                  from [01m[K/home/orb/ORB_SLAM3/include/MapPoint.h:23[m[K,
[19.368s]                  from [01m[K/root/colcon_ws/src/orb_slam3_ros2_wrapper/include/orb_slam3_ros2_wrapper/type_conversion.hpp:26[m[K,
[19.369s]                  from [01m[K/root/colcon_ws/src/orb_slam3_ros2_wrapper/tests/typeConversionsTests.cpp:5[m[K:
[19.370s] /home/orb/ORB_SLAM3/Thirdparty/g2o/g2o/types/../core/base_binary_edge.h: In instantiation of ‘[01m[Kclass g2o::BaseBinaryEdge<3, Eigen::Matrix<double, 3, 1>, g2o::VertexSBAPointXYZ, g2o::VertexSE3Expmap>[m[K’:
[19.371s] [01m[K/home/orb/ORB_SLAM3/Thirdparty/g2o/g2o/types/types_six_dof_expmap.h:146:41:[m[K   required from here
[19.372s] [01m[K/home/orb/ORB_SLAM3/Thirdparty/g2o/g2o/types/../core/base_binary_edge.h:59:80:[m[K [01;35m[Kwarning: [m[K‘[01m[KEigen::AlignedBit[m[K’ is deprecated [[01;35m[K-Wdeprecated-declarations[m[K]
[19.373s]    59 |       typedef Eigen::Map<Matrix<double, Di, Dj>, Matrix<double, Di, Dj>::[01;35m[KFlags & AlignedBit[m[K ? Aligned : Unaligned > HessianBlockType;
[19.373s]       |                                                                          [01;35m[K~~~~~~^~~~~~~~~~~~[m[K
[19.373s] In file included from [01m[K/usr/include/eigen3/Eigen/Core:161[m[K,
[19.373s]                  from [01m[K/usr/include/eigen3/Eigen/Dense:1[m[K,
[19.373s]                  from [01m[K/root/colcon_ws/src/orb_slam3_ros2_wrapper/tests/typeConversionsTests.cpp:3[m[K:
[19.374s] [01m[K/usr/include/eigen3/Eigen/src/Core/util/Constants.h:167:37:[m[K [01;36m[Knote: [m[Kdeclared here
[19.378s]   167 | EIGEN_DEPRECATED const unsigned int [01;36m[KAlignedBit[m[K = 0x80;
[19.379s]       |                                     [01;36m[K^~~~~~~~~~[m[K
[19.380s] In file included from [01m[K/home/orb/ORB_SLAM3/Thirdparty/g2o/g2o/types/types_six_dof_expmap.h:38[m[K,
[19.381s]                  from [01m[K/home/orb/ORB_SLAM3/include/Converter.h:26[m[K,
[19.382s]                  from [01m[K/home/orb/ORB_SLAM3/include/Frame.h:33[m[K,
[19.383s]                  from [01m[K/home/orb/ORB_SLAM3/include/KeyFrame.h:28[m[K,
[19.384s]                  from [01m[K/home/orb/ORB_SLAM3/include/MapPoint.h:23[m[K,
[19.385s]                  from [01m[K/root/colcon_ws/src/orb_slam3_ros2_wrapper/include/orb_slam3_ros2_wrapper/type_conversion.hpp:26[m[K,
[19.386s]                  from [01m[K/root/colcon_ws/src/orb_slam3_ros2_wrapper/tests/typeConversionsTests.cpp:5[m[K:
[19.387s] [01m[K/home/orb/ORB_SLAM3/Thirdparty/g2o/g2o/types/../core/base_binary_edge.h:60:80:[m[K [01;35m[Kwarning: [m[K‘[01m[KEigen::AlignedBit[m[K’ is deprecated [[01;35m[K-Wdeprecated-declarations[m[K]
[19.388s]    60 |       typedef Eigen::Map<Matrix<double, Dj, Di>, Matrix<double, Dj, Di>::[01;35m[KFlags & AlignedBit[m[K ? Aligned : Unaligned > HessianBlockTransposedType;
[19.389s]       |                                                                          [01;35m[K~~~~~~^~~~~~~~~~~~[m[K
[19.390s] In file included from [01m[K/usr/include/eigen3/Eigen/Core:161[m[K,
[19.391s]                  from [01m[K/usr/include/eigen3/Eigen/Dense:1[m[K,
[19.392s]                  from [01m[K/root/colcon_ws/src/orb_slam3_ros2_wrapper/tests/typeConversionsTests.cpp:3[m[K:
[19.393s] [01m[K/usr/include/eigen3/Eigen/src/Core/util/Constants.h:167:37:[m[K [01;36m[Knote: [m[Kdeclared here
[19.394s]   167 | EIGEN_DEPRECATED const unsigned int [01;36m[KAlignedBit[m[K = 0x80;
[19.395s]       |                                     [01;36m[K^~~~~~~~~~[m[K
[19.645s] In file included from [01m[K/home/orb/ORB_SLAM3/Thirdparty/g2o/g2o/types/types_six_dof_expmap.h:37[m[K,
[19.645s]                  from [01m[K/home/orb/ORB_SLAM3/include/Converter.h:26[m[K,
[19.645s]                  from [01m[K/home/orb/ORB_SLAM3/include/Frame.h:33[m[K,
[19.645s]                  from [01m[K/home/orb/ORB_SLAM3/include/KeyFrame.h:28[m[K,
[19.645s]                  from [01m[K/home/orb/ORB_SLAM3/include/MapPoint.h:23[m[K,
[19.645s]                  from [01m[K/root/colcon_ws/src/orb_slam3_ros2_wrapper/include/orb_slam3_ros2_wrapper/type_conversion.hpp:26[m[K,
[19.645s]                  from [01m[K/root/colcon_ws/src/orb_slam3_ros2_wrapper/tests/typeConversionsTests.cpp:5[m[K:
[19.645s] /home/orb/ORB_SLAM3/Thirdparty/g2o/g2o/types/../core/base_vertex.h: In instantiation of ‘[01m[Kclass g2o::BaseVertex<7, g2o::Sim3>[m[K’:
[19.646s] [01m[K/home/orb/ORB_SLAM3/Thirdparty/g2o/g2o/types/types_seven_dof_expmap.h:48:35:[m[K   required from here
[19.646s] [01m[K/home/orb/ORB_SLAM3/Thirdparty/g2o/g2o/types/../core/base_vertex.h:62:72:[m[K [01;35m[Kwarning: [m[K‘[01m[KEigen::AlignedBit[m[K’ is deprecated [[01;35m[K-Wdeprecated-declarations[m[K]
[19.646s]    62 |     typedef Eigen::Map<Matrix<double, D, D>, Matrix<double,D,D>::[01;35m[KFlags & AlignedBit[m[K ? Aligned : Unaligned >  HessianBlockType;
[19.646s]       |                                                                  [01;35m[K~~~~~~^~~~~~~~~~~~[m[K
[19.646s] In file included from [01m[K/usr/include/eigen3/Eigen/Core:161[m[K,
[19.646s]                  from [01m[K/usr/include/eigen3/Eigen/Dense:1[m[K,
[19.646s]                  from [01m[K/root/colcon_ws/src/orb_slam3_ros2_wrapper/tests/typeConversionsTests.cpp:3[m[K:
[19.646s] [01m[K/usr/include/eigen3/Eigen/src/Core/util/Constants.h:167:37:[m[K [01;36m[Knote: [m[Kdeclared here
[19.646s]   167 | EIGEN_DEPRECATED const unsigned int [01;36m[KAlignedBit[m[K = 0x80;
[19.646s]       |                                     [01;36m[K^~~~~~~~~~[m[K
[19.690s] In file included from [01m[K/home/orb/ORB_SLAM3/Thirdparty/g2o/g2o/types/types_six_dof_expmap.h:38[m[K,
[19.690s]                  from [01m[K/home/orb/ORB_SLAM3/include/Converter.h:26[m[K,
[19.690s]                  from [01m[K/home/orb/ORB_SLAM3/include/Frame.h:33[m[K,
[19.690s]                  from [01m[K/home/orb/ORB_SLAM3/include/KeyFrame.h:28[m[K,
[19.690s]                  from [01m[K/home/orb/ORB_SLAM3/include/MapPoint.h:23[m[K,
[19.691s]                  from [01m[K/root/colcon_ws/src/orb_slam3_ros2_wrapper/include/orb_slam3_ros2_wrapper/type_conversion.hpp:26[m[K,
[19.691s]                  from [01m[K/root/colcon_ws/src/orb_slam3_ros2_wrapper/tests/typeConversionsTests.cpp:5[m[K:
[19.691s] /home/orb/ORB_SLAM3/Thirdparty/g2o/g2o/types/../core/base_binary_edge.h: In instantiation of ‘[01m[Kclass g2o::BaseBinaryEdge<7, g2o::Sim3, g2o::VertexSim3Expmap, g2o::VertexSim3Expmap>[m[K’:
[19.691s] [01m[K/home/orb/ORB_SLAM3/Thirdparty/g2o/g2o/types/types_seven_dof_expmap.h:99:27:[m[K   required from here
[19.691s] [01m[K/home/orb/ORB_SLAM3/Thirdparty/g2o/g2o/types/../core/base_binary_edge.h:59:80:[m[K [01;35m[Kwarning: [m[K‘[01m[KEigen::AlignedBit[m[K’ is deprecated [[01;35m[K-Wdeprecated-declarations[m[K]
[19.691s]    59 |       typedef Eigen::Map<Matrix<double, Di, Dj>, Matrix<double, Di, Dj>::[01;35m[KFlags & AlignedBit[m[K ? Aligned : Unaligned > HessianBlockType;
[19.691s]       |                                                                          [01;35m[K~~~~~~^~~~~~~~~~~~[m[K
[19.691s] In file included from [01m[K/usr/include/eigen3/Eigen/Core:161[m[K,
[19.692s]                  from [01m[K/usr/include/eigen3/Eigen/Dense:1[m[K,
[19.692s]                  from [01m[K/root/colcon_ws/src/orb_slam3_ros2_wrapper/tests/typeConversionsTests.cpp:3[m[K:
[19.692s] [01m[K/usr/include/eigen3/Eigen/src/Core/util/Constants.h:167:37:[m[K [01;36m[Knote: [m[Kdeclared here
[19.692s]   167 | EIGEN_DEPRECATED const unsigned int [01;36m[KAlignedBit[m[K = 0x80;
[19.692s]       |                                     [01;36m[K^~~~~~~~~~[m[K
[19.704s] In file included from [01m[K/home/orb/ORB_SLAM3/Thirdparty/g2o/g2o/types/types_six_dof_expmap.h:38[m[K,
[19.705s]                  from [01m[K/home/orb/ORB_SLAM3/include/Converter.h:26[m[K,
[19.706s]                  from [01m[K/home/orb/ORB_SLAM3/include/Frame.h:33[m[K,
[19.707s]                  from [01m[K/home/orb/ORB_SLAM3/include/KeyFrame.h:28[m[K,
[19.708s]                  from [01m[K/home/orb/ORB_SLAM3/include/MapPoint.h:23[m[K,
[19.709s]                  from [01m[K/root/colcon_ws/src/orb_slam3_ros2_wrapper/include/orb_slam3_ros2_wrapper/type_conversion.hpp:26[m[K,
[19.710s]                  from [01m[K/root/colcon_ws/src/orb_slam3_ros2_wrapper/tests/typeConversionsTests.cpp:5[m[K:
[19.711s] [01m[K/home/orb/ORB_SLAM3/Thirdparty/g2o/g2o/types/../core/base_binary_edge.h:60:80:[m[K [01;35m[Kwarning: [m[K‘[01m[KEigen::AlignedBit[m[K’ is deprecated [[01;35m[K-Wdeprecated-declarations[m[K]
[19.712s]    60 |       typedef Eigen::Map<Matrix<double, Dj, Di>, Matrix<double, Dj, Di>::[01;35m[KFlags & AlignedBit[m[K ? Aligned : Unaligned > HessianBlockTransposedType;
[19.713s]       |                                                                          [01;35m[K~~~~~~^~~~~~~~~~~~[m[K
[19.714s] In file included from [01m[K/usr/include/eigen3/Eigen/Core:161[m[K,
[19.715s]                  from [01m[K/usr/include/eigen3/Eigen/Dense:1[m[K,
[19.716s]                  from [01m[K/root/colcon_ws/src/orb_slam3_ros2_wrapper/tests/typeConversionsTests.cpp:3[m[K:
[19.717s] [01m[K/usr/include/eigen3/Eigen/src/Core/util/Constants.h:167:37:[m[K [01;36m[Knote: [m[Kdeclared here
[19.718s]   167 | EIGEN_DEPRECATED const unsigned int [01;36m[KAlignedBit[m[K = 0x80;
[19.718s]       |                                     [01;36m[K^~~~~~~~~~[m[K
[19.754s] In file included from [01m[K/home/orb/ORB_SLAM3/Thirdparty/g2o/g2o/types/types_six_dof_expmap.h:38[m[K,
[19.755s]                  from [01m[K/home/orb/ORB_SLAM3/include/Converter.h:26[m[K,
[19.756s]                  from [01m[K/home/orb/ORB_SLAM3/include/Frame.h:33[m[K,
[19.757s]                  from [01m[K/home/orb/ORB_SLAM3/include/KeyFrame.h:28[m[K,
[19.758s]                  from [01m[K/home/orb/ORB_SLAM3/include/MapPoint.h:23[m[K,
[19.759s]                  from [01m[K/root/colcon_ws/src/orb_slam3_ros2_wrapper/include/orb_slam3_ros2_wrapper/type_conversion.hpp:26[m[K,
[19.760s]                  from [01m[K/root/colcon_ws/src/orb_slam3_ros2_wrapper/tests/typeConversionsTests.cpp:5[m[K:
[19.760s] /home/orb/ORB_SLAM3/Thirdparty/g2o/g2o/types/../core/base_binary_edge.h: In instantiation of ‘[01m[Kclass g2o::BaseBinaryEdge<2, Eigen::Matrix<double, 2, 1>, g2o::VertexSBAPointXYZ, g2o::VertexSim3Expmap>[m[K’:
[19.760s] [01m[K/home/orb/ORB_SLAM3/Thirdparty/g2o/g2o/types/types_seven_dof_expmap.h:130:36:[m[K   required from here
[19.761s] [01m[K/home/orb/ORB_SLAM3/Thirdparty/g2o/g2o/types/../core/base_binary_edge.h:59:80:[m[K [01;35m[Kwarning: [m[K‘[01m[KEigen::AlignedBit[m[K’ is deprecated [[01;35m[K-Wdeprecated-declarations[m[K]
[19.761s]    59 |       typedef Eigen::Map<Matrix<double, Di, Dj>, Matrix<double, Di, Dj>::[01;35m[KFlags & AlignedBit[m[K ? Aligned : Unaligned > HessianBlockType;
[19.761s]       |                                                                          [01;35m[K~~~~~~^~~~~~~~~~~~[m[K
[19.761s] In file included from [01m[K/usr/include/eigen3/Eigen/Core:161[m[K,
[19.761s]                  from [01m[K/usr/include/eigen3/Eigen/Dense:1[m[K,
[19.761s]                  from [01m[K/root/colcon_ws/src/orb_slam3_ros2_wrapper/tests/typeConversionsTests.cpp:3[m[K:
[19.761s] [01m[K/usr/include/eigen3/Eigen/src/Core/util/Constants.h:167:37:[m[K [01;36m[Knote: [m[Kdeclared here
[19.761s]   167 | EIGEN_DEPRECATED const unsigned int [01;36m[KAlignedBit[m[K = 0x80;
[19.761s]       |                                     [01;36m[K^~~~~~~~~~[m[K
[19.777s] In file included from [01m[K/home/orb/ORB_SLAM3/Thirdparty/g2o/g2o/types/types_six_dof_expmap.h:38[m[K,
[19.777s]                  from [01m[K/home/orb/ORB_SLAM3/include/Converter.h:26[m[K,
[19.777s]                  from [01m[K/home/orb/ORB_SLAM3/include/Frame.h:33[m[K,
[19.777s]                  from [01m[K/home/orb/ORB_SLAM3/include/KeyFrame.h:28[m[K,
[19.777s]                  from [01m[K/home/orb/ORB_SLAM3/include/MapPoint.h:23[m[K,
[19.778s]                  from [01m[K/root/colcon_ws/src/orb_slam3_ros2_wrapper/include/orb_slam3_ros2_wrapper/type_conversion.hpp:26[m[K,
[19.778s]                  from [01m[K/root/colcon_ws/src/orb_slam3_ros2_wrapper/tests/typeConversionsTests.cpp:5[m[K:
[19.778s] [01m[K/home/orb/ORB_SLAM3/Thirdparty/g2o/g2o/types/../core/base_binary_edge.h:60:80:[m[K [01;35m[Kwarning: [m[K‘[01m[KEigen::AlignedBit[m[K’ is deprecated [[01;35m[K-Wdeprecated-declarations[m[K]
[19.778s]    60 |       typedef Eigen::Map<Matrix<double, Dj, Di>, Matrix<double, Dj, Di>::[01;35m[KFlags & AlignedBit[m[K ? Aligned : Unaligned > HessianBlockTransposedType;
[19.778s]       |                                                                          [01;35m[K~~~~~~^~~~~~~~~~~~[m[K
[19.778s] In file included from [01m[K/usr/include/eigen3/Eigen/Core:161[m[K,
[19.778s]                  from [01m[K/usr/include/eigen3/Eigen/Dense:1[m[K,
[19.778s]                  from [01m[K/root/colcon_ws/src/orb_slam3_ros2_wrapper/tests/typeConversionsTests.cpp:3[m[K:
[19.778s] [01m[K/usr/include/eigen3/Eigen/src/Core/util/Constants.h:167:37:[m[K [01;36m[Knote: [m[Kdeclared here
[19.778s]   167 | EIGEN_DEPRECATED const unsigned int [01;36m[KAlignedBit[m[K = 0x80;
[19.779s]       |                                     [01;36m[K^~~~~~~~~~[m[K
[19.939s] In file included from [01m[K/home/orb/ORB_SLAM3/include/Frame.h:30[m[K,
[19.940s]                  from [01m[K/home/orb/ORB_SLAM3/include/KeyFrame.h:28[m[K,
[19.940s]                  from [01m[K/home/orb/ORB_SLAM3/include/MapPoint.h:23[m[K,
[19.940s]                  from [01m[K/root/colcon_ws/src/orb_slam3_ros2_wrapper/include/orb_slam3_ros2_wrapper/type_conversion.hpp:26[m[K,
[19.940s]                  from [01m[K/root/colcon_ws/src/orb_slam3_ros2_wrapper/src/type_conversion.cpp:7[m[K:
[19.940s] [01m[K/home/orb/ORB_SLAM3/include/ImuTypes.h:[m[K In member function ‘[01m[Kvoid ORB_SLAM3::IMU::Preintegrated::printMeasurements() const[m[K’:
[19.940s] [01m[K/home/orb/ORB_SLAM3/include/ImuTypes.h:204:23:[m[K [01;35m[Kwarning: [m[Kcomparison of integer expressions of different signedness: ‘[01m[Kint[m[K’ and ‘[01m[Kstd::vector<ORB_SLAM3::IMU::Preintegrated::integrable>::size_type[m[K’ {aka ‘[01m[Klong unsigned int[m[K’} [[01;35m[K-Wsign-compare[m[K]
[19.940s]   204 |         for(int i=0; [01;35m[Ki<mvMeasurements.size()[m[K; i++){
[19.941s]       |                      [01;35m[K~^~~~~~~~~~~~~~~~~~~~~~[m[K
[20.162s] In file included from [01m[K/home/orb/ORB_SLAM3/Thirdparty/g2o/g2o/types/types_six_dof_expmap.h:37[m[K,
[20.162s]                  from [01m[K/home/orb/ORB_SLAM3/include/Converter.h:26[m[K,
[20.162s]                  from [01m[K/home/orb/ORB_SLAM3/include/Frame.h:33[m[K,
[20.162s]                  from [01m[K/home/orb/ORB_SLAM3/include/KeyFrame.h:28[m[K,
[20.162s]                  from [01m[K/home/orb/ORB_SLAM3/include/MapPoint.h:23[m[K,
[20.163s]                  from [01m[K/root/colcon_ws/src/orb_slam3_ros2_wrapper/include/orb_slam3_ros2_wrapper/type_conversion.hpp:26[m[K,
[20.163s]                  from [01m[K/root/colcon_ws/src/orb_slam3_ros2_wrapper/src/type_conversion.cpp:7[m[K:
[20.163s] [01m[K/home/orb/ORB_SLAM3/Thirdparty/g2o/g2o/types/../core/base_vertex.h:[m[K At global scope:
[20.163s] [01m[K/home/orb/ORB_SLAM3/Thirdparty/g2o/g2o/types/../core/base_vertex.h:62:74:[m[K [01;35m[Kwarning: [m[K‘[01m[KEigen::AlignedBit[m[K’ is deprecated [[01;35m[K-Wdeprecated-declarations[m[K]
[20.163s]    62 |     typedef Eigen::Map<Matrix<double, D, D>, Matrix<double,D,D>::Flags & [01;35m[KAlignedBit[m[K ? Aligned : Unaligned >  HessianBlockType;
[20.163s]       |                                                                          [01;35m[K^~~~~~~~~~[m[K
[20.163s] In file included from [01m[K/usr/include/eigen3/Eigen/Core:161[m[K,
[20.163s]                  from [01m[K/root/colcon_ws/src/orb_slam3_ros2_wrapper/include/orb_slam3_ros2_wrapper/type_conversion.hpp:10[m[K,
[20.164s]                  from [01m[K/root/colcon_ws/src/orb_slam3_ros2_wrapper/src/type_conversion.cpp:7[m[K:
[20.164s] [01m[K/usr/include/eigen3/Eigen/src/Core/util/Constants.h:167:37:[m[K [01;36m[Knote: [m[Kdeclared here
[20.164s]   167 | EIGEN_DEPRECATED const unsigned int [01;36m[KAlignedBit[m[K = 0x80;
[20.164s]       |                                     [01;36m[K^~~~~~~~~~[m[K
[20.177s] In file included from [01m[K/home/orb/ORB_SLAM3/Thirdparty/g2o/g2o/types/types_six_dof_expmap.h:38[m[K,
[20.177s]                  from [01m[K/home/orb/ORB_SLAM3/include/Converter.h:26[m[K,
[20.177s]                  from [01m[K/home/orb/ORB_SLAM3/include/Frame.h:33[m[K,
[20.177s]                  from [01m[K/home/orb/ORB_SLAM3/include/KeyFrame.h:28[m[K,
[20.177s]                  from [01m[K/home/orb/ORB_SLAM3/include/MapPoint.h:23[m[K,
[20.177s]                  from [01m[K/root/colcon_ws/src/orb_slam3_ros2_wrapper/include/orb_slam3_ros2_wrapper/type_conversion.hpp:26[m[K,
[20.177s]                  from [01m[K/root/colcon_ws/src/orb_slam3_ros2_wrapper/src/type_conversion.cpp:7[m[K:
[20.178s] [01m[K/home/orb/ORB_SLAM3/Thirdparty/g2o/g2o/types/../core/base_binary_edge.h:59:82:[m[K [01;35m[Kwarning: [m[K‘[01m[KEigen::AlignedBit[m[K’ is deprecated [[01;35m[K-Wdeprecated-declarations[m[K]
[20.178s]    59 |       typedef Eigen::Map<Matrix<double, Di, Dj>, Matrix<double, Di, Dj>::Flags & [01;35m[KAlignedBit[m[K ? Aligned : Unaligned > HessianBlockType;
[20.178s]       |                                                                                  [01;35m[K^~~~~~~~~~[m[K
[20.178s] In file included from [01m[K/usr/include/eigen3/Eigen/Core:161[m[K,
[20.178s]                  from [01m[K/root/colcon_ws/src/orb_slam3_ros2_wrapper/include/orb_slam3_ros2_wrapper/type_conversion.hpp:10[m[K,
[20.178s]                  from [01m[K/root/colcon_ws/src/orb_slam3_ros2_wrapper/src/type_conversion.cpp:7[m[K:
[20.178s] [01m[K/usr/include/eigen3/Eigen/src/Core/util/Constants.h:167:37:[m[K [01;36m[Knote: [m[Kdeclared here
[20.178s]   167 | EIGEN_DEPRECATED const unsigned int [01;36m[KAlignedBit[m[K = 0x80;
[20.179s]       |                                     [01;36m[K^~~~~~~~~~[m[K
[20.179s] In file included from [01m[K/home/orb/ORB_SLAM3/Thirdparty/g2o/g2o/types/types_six_dof_expmap.h:38[m[K,
[20.179s]                  from [01m[K/home/orb/ORB_SLAM3/include/Converter.h:26[m[K,
[20.179s]                  from [01m[K/home/orb/ORB_SLAM3/include/Frame.h:33[m[K,
[20.179s]                  from [01m[K/home/orb/ORB_SLAM3/include/KeyFrame.h:28[m[K,
[20.180s]                  from [01m[K/home/orb/ORB_SLAM3/include/MapPoint.h:23[m[K,
[20.180s]                  from [01m[K/root/colcon_ws/src/orb_slam3_ros2_wrapper/include/orb_slam3_ros2_wrapper/type_conversion.hpp:26[m[K,
[20.180s]                  from [01m[K/root/colcon_ws/src/orb_slam3_ros2_wrapper/src/type_conversion.cpp:7[m[K:
[20.180s] [01m[K/home/orb/ORB_SLAM3/Thirdparty/g2o/g2o/types/../core/base_binary_edge.h:60:82:[m[K [01;35m[Kwarning: [m[K‘[01m[KEigen::AlignedBit[m[K’ is deprecated [[01;35m[K-Wdeprecated-declarations[m[K]
[20.180s]    60 |       typedef Eigen::Map<Matrix<double, Dj, Di>, Matrix<double, Dj, Di>::Flags & [01;35m[KAlignedBit[m[K ? Aligned : Unaligned > HessianBlockTransposedType;
[20.180s]       |                                                                                  [01;35m[K^~~~~~~~~~[m[K
[20.180s] In file included from [01m[K/usr/include/eigen3/Eigen/Core:161[m[K,
[20.180s]                  from [01m[K/root/colcon_ws/src/orb_slam3_ros2_wrapper/include/orb_slam3_ros2_wrapper/type_conversion.hpp:10[m[K,
[20.181s]                  from [01m[K/root/colcon_ws/src/orb_slam3_ros2_wrapper/src/type_conversion.cpp:7[m[K:
[20.181s] [01m[K/usr/include/eigen3/Eigen/src/Core/util/Constants.h:167:37:[m[K [01;36m[Knote: [m[Kdeclared here
[20.181s]   167 | EIGEN_DEPRECATED const unsigned int [01;36m[KAlignedBit[m[K = 0x80;
[20.181s]       |                                     [01;36m[K^~~~~~~~~~[m[K
[20.271s] In file included from [01m[K/home/orb/ORB_SLAM3/Thirdparty/g2o/g2o/types/types_six_dof_expmap.h:41[m[K,
[20.271s]                  from [01m[K/home/orb/ORB_SLAM3/include/Converter.h:26[m[K,
[20.271s]                  from [01m[K/home/orb/ORB_SLAM3/include/Frame.h:33[m[K,
[20.272s]                  from [01m[K/home/orb/ORB_SLAM3/include/KeyFrame.h:28[m[K,
[20.272s]                  from [01m[K/home/orb/ORB_SLAM3/include/MapPoint.h:23[m[K,
[20.272s]                  from [01m[K/root/colcon_ws/src/orb_slam3_ros2_wrapper/include/orb_slam3_ros2_wrapper/type_conversion.hpp:26[m[K,
[20.272s]                  from [01m[K/root/colcon_ws/src/orb_slam3_ros2_wrapper/src/type_conversion.cpp:7[m[K:
[20.272s] [01m[K/home/orb/ORB_SLAM3/Thirdparty/g2o/g2o/types/se3quat.h:43:38:[m[K [01;35m[Kwarning: [m[Kextra ‘[01m[K;[m[K’ [[01;35m[K-Wpedantic[m[K]
[20.272s]    43 |       EIGEN_MAKE_ALIGNED_OPERATOR_NEW[01;35m[K;[m[K
[20.273s]       |                                      [01;35m[K^[m[K
[20.273s]       |                                      [31m[K-[m[K
[20.768s] In file included from [01m[K/home/orb/ORB_SLAM3/Thirdparty/g2o/g2o/types/types_six_dof_expmap.h:37[m[K,
[20.768s]                  from [01m[K/home/orb/ORB_SLAM3/include/Converter.h:26[m[K,
[20.769s]                  from [01m[K/home/orb/ORB_SLAM3/include/Frame.h:33[m[K,
[20.769s]                  from [01m[K/home/orb/ORB_SLAM3/include/KeyFrame.h:28[m[K,
[20.769s]                  from [01m[K/home/orb/ORB_SLAM3/include/MapPoint.h:23[m[K,
[20.769s]                  from [01m[K/root/colcon_ws/src/orb_slam3_ros2_wrapper/include/orb_slam3_ros2_wrapper/type_conversion.hpp:26[m[K,
[20.769s]                  from [01m[K/root/colcon_ws/src/orb_slam3_ros2_wrapper/src/type_conversion.cpp:7[m[K:
[20.769s] /home/orb/ORB_SLAM3/Thirdparty/g2o/g2o/types/../core/base_vertex.h: In instantiation of ‘[01m[Kclass g2o::BaseVertex<3, Eigen::Matrix<double, 3, 1> >[m[K’:
[20.769s] [01m[K/home/orb/ORB_SLAM3/Thirdparty/g2o/g2o/types/types_sba.h:40:35:[m[K   required from here
[20.769s] [01m[K/home/orb/ORB_SLAM3/Thirdparty/g2o/g2o/types/../core/base_vertex.h:62:72:[m[K [01;35m[Kwarning: [m[K‘[01m[KEigen::AlignedBit[m[K’ is deprecated [[01;35m[K-Wdeprecated-declarations[m[K]
[20.769s]    62 |     typedef Eigen::Map<Matrix<double, D, D>, Matrix<double,D,D>::[01;35m[KFlags & AlignedBit[m[K ? Aligned : Unaligned >  HessianBlockType;
[20.769s]       |                                                                  [01;35m[K~~~~~~^~~~~~~~~~~~[m[K
[20.769s] In file included from [01m[K/usr/include/eigen3/Eigen/Core:161[m[K,
[20.770s]                  from [01m[K/root/colcon_ws/src/orb_slam3_ros2_wrapper/include/orb_slam3_ros2_wrapper/type_conversion.hpp:10[m[K,
[20.770s]                  from [01m[K/root/colcon_ws/src/orb_slam3_ros2_wrapper/src/type_conversion.cpp:7[m[K:
[20.770s] [01m[K/usr/include/eigen3/Eigen/src/Core/util/Constants.h:167:37:[m[K [01;36m[Knote: [m[Kdeclared here
[20.770s]   167 | EIGEN_DEPRECATED const unsigned int [01;36m[KAlignedBit[m[K = 0x80;
[20.770s]       |                                     [01;36m[K^~~~~~~~~~[m[K
[20.819s] In file included from [01m[K/home/orb/ORB_SLAM3/Thirdparty/g2o/g2o/types/types_six_dof_expmap.h:37[m[K,
[20.819s]                  from [01m[K/home/orb/ORB_SLAM3/include/Converter.h:26[m[K,
[20.819s]                  from [01m[K/home/orb/ORB_SLAM3/include/Frame.h:33[m[K,
[20.820s]                  from [01m[K/home/orb/ORB_SLAM3/include/KeyFrame.h:28[m[K,
[20.820s]                  from [01m[K/home/orb/ORB_SLAM3/include/MapPoint.h:23[m[K,
[20.820s]                  from [01m[K/root/colcon_ws/src/orb_slam3_ros2_wrapper/include/orb_slam3_ros2_wrapper/type_conversion.hpp:26[m[K,
[20.820s]                  from [01m[K/root/colcon_ws/src/orb_slam3_ros2_wrapper/src/type_conversion.cpp:7[m[K:
[20.820s] /home/orb/ORB_SLAM3/Thirdparty/g2o/g2o/types/../core/base_vertex.h: In instantiation of ‘[01m[Kclass g2o::BaseVertex<6, g2o::SE3Quat>[m[K’:
[20.820s] [01m[K/home/orb/ORB_SLAM3/Thirdparty/g2o/g2o/types/types_six_dof_expmap.h:59:33:[m[K   required from here
[20.820s] [01m[K/home/orb/ORB_SLAM3/Thirdparty/g2o/g2o/types/../core/base_vertex.h:62:72:[m[K [01;35m[Kwarning: [m[K‘[01m[KEigen::AlignedBit[m[K’ is deprecated [[01;35m[K-Wdeprecated-declarations[m[K]
[20.820s]    62 |     typedef Eigen::Map<Matrix<double, D, D>, Matrix<double,D,D>::[01;35m[KFlags & AlignedBit[m[K ? Aligned : Unaligned >  HessianBlockType;
[20.820s]       |                                                                  [01;35m[K~~~~~~^~~~~~~~~~~~[m[K
[20.821s] In file included from [01m[K/usr/include/eigen3/Eigen/Core:161[m[K,
[20.821s]                  from [01m[K/root/colcon_ws/src/orb_slam3_ros2_wrapper/include/orb_slam3_ros2_wrapper/type_conversion.hpp:10[m[K,
[20.821s]                  from [01m[K/root/colcon_ws/src/orb_slam3_ros2_wrapper/src/type_conversion.cpp:7[m[K:
[20.821s] [01m[K/usr/include/eigen3/Eigen/src/Core/util/Constants.h:167:37:[m[K [01;36m[Knote: [m[Kdeclared here
[20.821s]   167 | EIGEN_DEPRECATED const unsigned int [01;36m[KAlignedBit[m[K = 0x80;
[20.821s]       |                                     [01;36m[K^~~~~~~~~~[m[K
[20.870s] In file included from [01m[K/home/orb/ORB_SLAM3/Thirdparty/g2o/g2o/types/types_six_dof_expmap.h:38[m[K,
[20.870s]                  from [01m[K/home/orb/ORB_SLAM3/include/Converter.h:26[m[K,
[20.870s]                  from [01m[K/home/orb/ORB_SLAM3/include/Frame.h:33[m[K,
[20.870s]                  from [01m[K/home/orb/ORB_SLAM3/include/KeyFrame.h:28[m[K,
[20.870s]                  from [01m[K/home/orb/ORB_SLAM3/include/MapPoint.h:23[m[K,
[20.871s]                  from [01m[K/root/colcon_ws/src/orb_slam3_ros2_wrapper/include/orb_slam3_ros2_wrapper/type_conversion.hpp:26[m[K,
[20.871s]                  from [01m[K/root/colcon_ws/src/orb_slam3_ros2_wrapper/src/type_conversion.cpp:7[m[K:
[20.871s] /home/orb/ORB_SLAM3/Thirdparty/g2o/g2o/types/../core/base_binary_edge.h: In instantiation of ‘[01m[Kclass g2o::BaseBinaryEdge<6, g2o::SE3Quat, g2o::VertexSE3Expmap, g2o::VertexSE3Expmap>[m[K’:
[20.871s] [01m[K/home/orb/ORB_SLAM3/Thirdparty/g2o/g2o/types/types_six_dof_expmap.h:83:24:[m[K   required from here
[20.871s] [01m[K/home/orb/ORB_SLAM3/Thirdparty/g2o/g2o/types/../core/base_binary_edge.h:59:80:[m[K [01;35m[Kwarning: [m[K‘[01m[KEigen::AlignedBit[m[K’ is deprecated [[01;35m[K-Wdeprecated-declarations[m[K]
[20.871s]    59 |       typedef Eigen::Map<Matrix<double, Di, Dj>, Matrix<double, Di, Dj>::[01;35m[KFlags & AlignedBit[m[K ? Aligned : Unaligned > HessianBlockType;
[20.871s]       |                                                                          [01;35m[K~~~~~~^~~~~~~~~~~~[m[K
[20.871s] In file included from [01m[K/usr/include/eigen3/Eigen/Core:161[m[K,
[20.871s]                  from [01m[K/root/colcon_ws/src/orb_slam3_ros2_wrapper/include/orb_slam3_ros2_wrapper/type_conversion.hpp:10[m[K,
[20.872s]                  from [01m[K/root/colcon_ws/src/orb_slam3_ros2_wrapper/src/type_conversion.cpp:7[m[K:
[20.872s] [01m[K/usr/include/eigen3/Eigen/src/Core/util/Constants.h:167:37:[m[K [01;36m[Knote: [m[Kdeclared here
[20.872s]   167 | EIGEN_DEPRECATED const unsigned int [01;36m[KAlignedBit[m[K = 0x80;
[20.872s]       |                                     [01;36m[K^~~~~~~~~~[m[K
[20.872s] In file included from [01m[K/home/orb/ORB_SLAM3/Thirdparty/g2o/g2o/types/types_six_dof_expmap.h:38[m[K,
[20.872s]                  from [01m[K/home/orb/ORB_SLAM3/include/Converter.h:26[m[K,
[20.872s]                  from [01m[K/home/orb/ORB_SLAM3/include/Frame.h:33[m[K,
[20.873s]                  from [01m[K/home/orb/ORB_SLAM3/include/KeyFrame.h:28[m[K,
[20.873s]                  from [01m[K/home/orb/ORB_SLAM3/include/MapPoint.h:23[m[K,
[20.873s]                  from [01m[K/root/colcon_ws/src/orb_slam3_ros2_wrapper/include/orb_slam3_ros2_wrapper/type_conversion.hpp:26[m[K,
[20.873s]                  from [01m[K/root/colcon_ws/src/orb_slam3_ros2_wrapper/src/type_conversion.cpp:7[m[K:
[20.873s] [01m[K/home/orb/ORB_SLAM3/Thirdparty/g2o/g2o/types/../core/base_binary_edge.h:60:80:[m[K [01;35m[Kwarning: [m[K‘[01m[KEigen::AlignedBit[m[K’ is deprecated [[01;35m[K-Wdeprecated-declarations[m[K]
[20.873s]    60 |       typedef Eigen::Map<Matrix<double, Dj, Di>, Matrix<double, Dj, Di>::[01;35m[KFlags & AlignedBit[m[K ? Aligned : Unaligned > HessianBlockTransposedType;
[20.873s]       |                                                                          [01;35m[K~~~~~~^~~~~~~~~~~~[m[K
[20.873s] In file included from [01m[K/usr/include/eigen3/Eigen/Core:161[m[K,
[20.873s]                  from [01m[K/root/colcon_ws/src/orb_slam3_ros2_wrapper/include/orb_slam3_ros2_wrapper/type_conversion.hpp:10[m[K,
[20.874s]                  from [01m[K/root/colcon_ws/src/orb_slam3_ros2_wrapper/src/type_conversion.cpp:7[m[K:
[20.874s] [01m[K/usr/include/eigen3/Eigen/src/Core/util/Constants.h:167:37:[m[K [01;36m[Knote: [m[Kdeclared here
[20.874s]   167 | EIGEN_DEPRECATED const unsigned int [01;36m[KAlignedBit[m[K = 0x80;
[20.874s]       |                                     [01;36m[K^~~~~~~~~~[m[K
[21.003s] In file included from [01m[K/home/orb/ORB_SLAM3/Thirdparty/g2o/g2o/types/types_six_dof_expmap.h:38[m[K,
[21.003s]                  from [01m[K/home/orb/ORB_SLAM3/include/Converter.h:26[m[K,
[21.003s]                  from [01m[K/home/orb/ORB_SLAM3/include/Frame.h:33[m[K,
[21.003s]                  from [01m[K/home/orb/ORB_SLAM3/include/KeyFrame.h:28[m[K,
[21.003s]                  from [01m[K/home/orb/ORB_SLAM3/include/MapPoint.h:23[m[K,
[21.003s]                  from [01m[K/root/colcon_ws/src/orb_slam3_ros2_wrapper/include/orb_slam3_ros2_wrapper/type_conversion.hpp:26[m[K,
[21.004s]                  from [01m[K/root/colcon_ws/src/orb_slam3_ros2_wrapper/src/type_conversion.cpp:7[m[K:
[21.004s] /home/orb/ORB_SLAM3/Thirdparty/g2o/g2o/types/../core/base_binary_edge.h: In instantiation of ‘[01m[Kclass g2o::BaseBinaryEdge<2, Eigen::Matrix<double, 2, 1>, g2o::VertexSBAPointXYZ, g2o::VertexSE3Expmap>[m[K’:
[21.004s] [01m[K/home/orb/ORB_SLAM3/Thirdparty/g2o/g2o/types/types_six_dof_expmap.h:114:35:[m[K   required from here
[21.004s] [01m[K/home/orb/ORB_SLAM3/Thirdparty/g2o/g2o/types/../core/base_binary_edge.h:59:80:[m[K [01;35m[Kwarning: [m[K‘[01m[KEigen::AlignedBit[m[K’ is deprecated [[01;35m[K-Wdeprecated-declarations[m[K]
[21.004s]    59 |       typedef Eigen::Map<Matrix<double, Di, Dj>, Matrix<double, Di, Dj>::[01;35m[KFlags & AlignedBit[m[K ? Aligned : Unaligned > HessianBlockType;
[21.004s]       |                                                                          [01;35m[K~~~~~~^~~~~~~~~~~~[m[K
[21.004s] In file included from [01m[K/usr/include/eigen3/Eigen/Core:161[m[K,
[21.004s]                  from [01m[K/root/colcon_ws/src/orb_slam3_ros2_wrapper/include/orb_slam3_ros2_wrapper/type_conversion.hpp:10[m[K,
[21.004s]                  from [01m[K/root/colcon_ws/src/orb_slam3_ros2_wrapper/src/type_conversion.cpp:7[m[K:
[21.005s] [01m[K/usr/include/eigen3/Eigen/src/Core/util/Constants.h:167:37:[m[K [01;36m[Knote: [m[Kdeclared here
[21.005s]   167 | EIGEN_DEPRECATED const unsigned int [01;36m[KAlignedBit[m[K = 0x80;
[21.005s]       |                                     [01;36m[K^~~~~~~~~~[m[K
[21.031s] In file included from [01m[K/home/orb/ORB_SLAM3/Thirdparty/g2o/g2o/types/types_six_dof_expmap.h:38[m[K,
[21.031s]                  from [01m[K/home/orb/ORB_SLAM3/include/Converter.h:26[m[K,
[21.031s]                  from [01m[K/home/orb/ORB_SLAM3/include/Frame.h:33[m[K,
[21.031s]                  from [01m[K/home/orb/ORB_SLAM3/include/KeyFrame.h:28[m[K,
[21.031s]                  from [01m[K/home/orb/ORB_SLAM3/include/MapPoint.h:23[m[K,
[21.031s]                  from [01m[K/root/colcon_ws/src/orb_slam3_ros2_wrapper/include/orb_slam3_ros2_wrapper/type_conversion.hpp:26[m[K,
[21.031s]                  from [01m[K/root/colcon_ws/src/orb_slam3_ros2_wrapper/src/type_conversion.cpp:7[m[K:
[21.031s] [01m[K/home/orb/ORB_SLAM3/Thirdparty/g2o/g2o/types/../core/base_binary_edge.h:60:80:[m[K [01;35m[Kwarning: [m[K‘[01m[KEigen::AlignedBit[m[K’ is deprecated [[01;35m[K-Wdeprecated-declarations[m[K]
[21.031s]    60 |       typedef Eigen::Map<Matrix<double, Dj, Di>, Matrix<double, Dj, Di>::[01;35m[KFlags & AlignedBit[m[K ? Aligned : Unaligned > HessianBlockTransposedType;
[21.032s]       |                                                                          [01;35m[K~~~~~~^~~~~~~~~~~~[m[K
[21.032s] In file included from [01m[K/usr/include/eigen3/Eigen/Core:161[m[K,
[21.032s]                  from [01m[K/root/colcon_ws/src/orb_slam3_ros2_wrapper/include/orb_slam3_ros2_wrapper/type_conversion.hpp:10[m[K,
[21.032s]                  from [01m[K/root/colcon_ws/src/orb_slam3_ros2_wrapper/src/type_conversion.cpp:7[m[K:
[21.032s] [01m[K/usr/include/eigen3/Eigen/src/Core/util/Constants.h:167:37:[m[K [01;36m[Knote: [m[Kdeclared here
[21.032s]   167 | EIGEN_DEPRECATED const unsigned int [01;36m[KAlignedBit[m[K = 0x80;
[21.032s]       |                                     [01;36m[K^~~~~~~~~~[m[K
[21.142s] In file included from [01m[K/home/orb/ORB_SLAM3/Thirdparty/g2o/g2o/types/types_six_dof_expmap.h:38[m[K,
[21.142s]                  from [01m[K/home/orb/ORB_SLAM3/include/Converter.h:26[m[K,
[21.143s]                  from [01m[K/home/orb/ORB_SLAM3/include/Frame.h:33[m[K,
[21.143s]                  from [01m[K/home/orb/ORB_SLAM3/include/KeyFrame.h:28[m[K,
[21.143s]                  from [01m[K/home/orb/ORB_SLAM3/include/MapPoint.h:23[m[K,
[21.143s]                  from [01m[K/root/colcon_ws/src/orb_slam3_ros2_wrapper/include/orb_slam3_ros2_wrapper/type_conversion.hpp:26[m[K,
[21.143s]                  from [01m[K/root/colcon_ws/src/orb_slam3_ros2_wrapper/src/type_conversion.cpp:7[m[K:
[21.143s] /home/orb/ORB_SLAM3/Thirdparty/g2o/g2o/types/../core/base_binary_edge.h: In instantiation of ‘[01m[Kclass g2o::BaseBinaryEdge<3, Eigen::Matrix<double, 3, 1>, g2o::VertexSBAPointXYZ, g2o::VertexSE3Expmap>[m[K’:
[21.143s] [01m[K/home/orb/ORB_SLAM3/Thirdparty/g2o/g2o/types/types_six_dof_expmap.h:146:41:[m[K   required from here
[21.143s] [01m[K/home/orb/ORB_SLAM3/Thirdparty/g2o/g2o/types/../core/base_binary_edge.h:59:80:[m[K [01;35m[Kwarning: [m[K‘[01m[KEigen::AlignedBit[m[K’ is deprecated [[01;35m[K-Wdeprecated-declarations[m[K]
[21.143s]    59 |       typedef Eigen::Map<Matrix<double, Di, Dj>, Matrix<double, Di, Dj>::[01;35m[KFlags & AlignedBit[m[K ? Aligned : Unaligned > HessianBlockType;
[21.144s]       |                                                                          [01;35m[K~~~~~~^~~~~~~~~~~~[m[K
[21.144s] In file included from [01m[K/usr/include/eigen3/Eigen/Core:161[m[K,
[21.144s]                  from [01m[K/root/colcon_ws/src/orb_slam3_ros2_wrapper/include/orb_slam3_ros2_wrapper/type_conversion.hpp:10[m[K,
[21.144s]                  from [01m[K/root/colcon_ws/src/orb_slam3_ros2_wrapper/src/type_conversion.cpp:7[m[K:
[21.144s] [01m[K/usr/include/eigen3/Eigen/src/Core/util/Constants.h:167:37:[m[K [01;36m[Knote: [m[Kdeclared here
[21.144s]   167 | EIGEN_DEPRECATED const unsigned int [01;36m[KAlignedBit[m[K = 0x80;
[21.144s]       |                                     [01;36m[K^~~~~~~~~~[m[K
[21.144s] In file included from [01m[K/home/orb/ORB_SLAM3/Thirdparty/g2o/g2o/types/types_six_dof_expmap.h:38[m[K,
[21.144s]                  from [01m[K/home/orb/ORB_SLAM3/include/Converter.h:26[m[K,
[21.144s]                  from [01m[K/home/orb/ORB_SLAM3/include/Frame.h:33[m[K,
[21.145s]                  from [01m[K/home/orb/ORB_SLAM3/include/KeyFrame.h:28[m[K,
[21.145s]                  from [01m[K/home/orb/ORB_SLAM3/include/MapPoint.h:23[m[K,
[21.145s]                  from [01m[K/root/colcon_ws/src/orb_slam3_ros2_wrapper/include/orb_slam3_ros2_wrapper/type_conversion.hpp:26[m[K,
[21.145s]                  from [01m[K/root/colcon_ws/src/orb_slam3_ros2_wrapper/src/type_conversion.cpp:7[m[K:
[21.145s] [01m[K/home/orb/ORB_SLAM3/Thirdparty/g2o/g2o/types/../core/base_binary_edge.h:60:80:[m[K [01;35m[Kwarning: [m[K‘[01m[KEigen::AlignedBit[m[K’ is deprecated [[01;35m[K-Wdeprecated-declarations[m[K]
[21.145s]    60 |       typedef Eigen::Map<Matrix<double, Dj, Di>, Matrix<double, Dj, Di>::[01;35m[KFlags & AlignedBit[m[K ? Aligned : Unaligned > HessianBlockTransposedType;
[21.145s]       |                                                                          [01;35m[K~~~~~~^~~~~~~~~~~~[m[K
[21.145s] In file included from [01m[K/usr/include/eigen3/Eigen/Core:161[m[K,
[21.145s]                  from [01m[K/root/colcon_ws/src/orb_slam3_ros2_wrapper/include/orb_slam3_ros2_wrapper/type_conversion.hpp:10[m[K,
[21.145s]                  from [01m[K/root/colcon_ws/src/orb_slam3_ros2_wrapper/src/type_conversion.cpp:7[m[K:
[21.146s] [01m[K/usr/include/eigen3/Eigen/src/Core/util/Constants.h:167:37:[m[K [01;36m[Knote: [m[Kdeclared here
[21.146s]   167 | EIGEN_DEPRECATED const unsigned int [01;36m[KAlignedBit[m[K = 0x80;
[21.146s]       |                                     [01;36m[K^~~~~~~~~~[m[K
[21.538s] In file included from [01m[K/home/orb/ORB_SLAM3/Thirdparty/g2o/g2o/types/types_six_dof_expmap.h:37[m[K,
[21.538s]                  from [01m[K/home/orb/ORB_SLAM3/include/Converter.h:26[m[K,
[21.539s]                  from [01m[K/home/orb/ORB_SLAM3/include/Frame.h:33[m[K,
[21.539s]                  from [01m[K/home/orb/ORB_SLAM3/include/KeyFrame.h:28[m[K,
[21.539s]                  from [01m[K/home/orb/ORB_SLAM3/include/MapPoint.h:23[m[K,
[21.539s]                  from [01m[K/root/colcon_ws/src/orb_slam3_ros2_wrapper/include/orb_slam3_ros2_wrapper/type_conversion.hpp:26[m[K,
[21.539s]                  from [01m[K/root/colcon_ws/src/orb_slam3_ros2_wrapper/src/type_conversion.cpp:7[m[K:
[21.539s] /home/orb/ORB_SLAM3/Thirdparty/g2o/g2o/types/../core/base_vertex.h: In instantiation of ‘[01m[Kclass g2o::BaseVertex<7, g2o::Sim3>[m[K’:
[21.539s] [01m[K/home/orb/ORB_SLAM3/Thirdparty/g2o/g2o/types/types_seven_dof_expmap.h:48:35:[m[K   required from here
[21.539s] [01m[K/home/orb/ORB_SLAM3/Thirdparty/g2o/g2o/types/../core/base_vertex.h:62:72:[m[K [01;35m[Kwarning: [m[K‘[01m[KEigen::AlignedBit[m[K’ is deprecated [[01;35m[K-Wdeprecated-declarations[m[K]
[21.539s]    62 |     typedef Eigen::Map<Matrix<double, D, D>, Matrix<double,D,D>::[01;35m[KFlags & AlignedBit[m[K ? Aligned : Unaligned >  HessianBlockType;
[21.540s]       |                                                                  [01;35m[K~~~~~~^~~~~~~~~~~~[m[K
[21.540s] In file included from [01m[K/usr/include/eigen3/Eigen/Core:161[m[K,
[21.540s]                  from [01m[K/root/colcon_ws/src/orb_slam3_ros2_wrapper/include/orb_slam3_ros2_wrapper/type_conversion.hpp:10[m[K,
[21.540s]                  from [01m[K/root/colcon_ws/src/orb_slam3_ros2_wrapper/src/type_conversion.cpp:7[m[K:
[21.540s] [01m[K/usr/include/eigen3/Eigen/src/Core/util/Constants.h:167:37:[m[K [01;36m[Knote: [m[Kdeclared here
[21.540s]   167 | EIGEN_DEPRECATED const unsigned int [01;36m[KAlignedBit[m[K = 0x80;
[21.540s]       |                                     [01;36m[K^~~~~~~~~~[m[K
[21.595s] In file included from [01m[K/home/orb/ORB_SLAM3/Thirdparty/g2o/g2o/types/types_six_dof_expmap.h:38[m[K,
[21.596s]                  from [01m[K/home/orb/ORB_SLAM3/include/Converter.h:26[m[K,
[21.596s]                  from [01m[K/home/orb/ORB_SLAM3/include/Frame.h:33[m[K,
[21.596s]                  from [01m[K/home/orb/ORB_SLAM3/include/KeyFrame.h:28[m[K,
[21.596s]                  from [01m[K/home/orb/ORB_SLAM3/include/MapPoint.h:23[m[K,
[21.596s]                  from [01m[K/root/colcon_ws/src/orb_slam3_ros2_wrapper/include/orb_slam3_ros2_wrapper/type_conversion.hpp:26[m[K,
[21.596s]                  from [01m[K/root/colcon_ws/src/orb_slam3_ros2_wrapper/src/type_conversion.cpp:7[m[K:
[21.596s] /home/orb/ORB_SLAM3/Thirdparty/g2o/g2o/types/../core/base_binary_edge.h: In instantiation of ‘[01m[Kclass g2o::BaseBinaryEdge<7, g2o::Sim3, g2o::VertexSim3Expmap, g2o::VertexSim3Expmap>[m[K’:
[21.596s] [01m[K/home/orb/ORB_SLAM3/Thirdparty/g2o/g2o/types/types_seven_dof_expmap.h:99:27:[m[K   required from here
[21.596s] [01m[K/home/orb/ORB_SLAM3/Thirdparty/g2o/g2o/types/../core/base_binary_edge.h:59:80:[m[K [01;35m[Kwarning: [m[K‘[01m[KEigen::AlignedBit[m[K’ is deprecated [[01;35m[K-Wdeprecated-declarations[m[K]
[21.596s]    59 |       typedef Eigen::Map<Matrix<double, Di, Dj>, Matrix<double, Di, Dj>::[01;35m[KFlags & AlignedBit[m[K ? Aligned : Unaligned > HessianBlockType;
[21.597s]       |                                                                          [01;35m[K~~~~~~^~~~~~~~~~~~[m[K
[21.597s] In file included from [01m[K/usr/include/eigen3/Eigen/Core:161[m[K,
[21.597s]                  from [01m[K/root/colcon_ws/src/orb_slam3_ros2_wrapper/include/orb_slam3_ros2_wrapper/type_conversion.hpp:10[m[K,
[21.597s]                  from [01m[K/root/colcon_ws/src/orb_slam3_ros2_wrapper/src/type_conversion.cpp:7[m[K:
[21.597s] [01m[K/usr/include/eigen3/Eigen/src/Core/util/Constants.h:167:37:[m[K [01;36m[Knote: [m[Kdeclared here
[21.597s]   167 | EIGEN_DEPRECATED const unsigned int [01;36m[KAlignedBit[m[K = 0x80;
[21.597s]       |                                     [01;36m[K^~~~~~~~~~[m[K
[21.597s] In file included from [01m[K/home/orb/ORB_SLAM3/Thirdparty/g2o/g2o/types/types_six_dof_expmap.h:38[m[K,
[21.598s]                  from [01m[K/home/orb/ORB_SLAM3/include/Converter.h:26[m[K,
[21.598s]                  from [01m[K/home/orb/ORB_SLAM3/include/Frame.h:33[m[K,
[21.598s]                  from [01m[K/home/orb/ORB_SLAM3/include/KeyFrame.h:28[m[K,
[21.598s]                  from [01m[K/home/orb/ORB_SLAM3/include/MapPoint.h:23[m[K,
[21.598s]                  from [01m[K/root/colcon_ws/src/orb_slam3_ros2_wrapper/include/orb_slam3_ros2_wrapper/type_conversion.hpp:26[m[K,
[21.598s]                  from [01m[K/root/colcon_ws/src/orb_slam3_ros2_wrapper/src/type_conversion.cpp:7[m[K:
[21.598s] [01m[K/home/orb/ORB_SLAM3/Thirdparty/g2o/g2o/types/../core/base_binary_edge.h:60:80:[m[K [01;35m[Kwarning: [m[K‘[01m[KEigen::AlignedBit[m[K’ is deprecated [[01;35m[K-Wdeprecated-declarations[m[K]
[21.598s]    60 |       typedef Eigen::Map<Matrix<double, Dj, Di>, Matrix<double, Dj, Di>::[01;35m[KFlags & AlignedBit[m[K ? Aligned : Unaligned > HessianBlockTransposedType;
[21.598s]       |                                                                          [01;35m[K~~~~~~^~~~~~~~~~~~[m[K
[21.599s] In file included from [01m[K/usr/include/eigen3/Eigen/Core:161[m[K,
[21.599s]                  from [01m[K/root/colcon_ws/src/orb_slam3_ros2_wrapper/include/orb_slam3_ros2_wrapper/type_conversion.hpp:10[m[K,
[21.599s]                  from [01m[K/root/colcon_ws/src/orb_slam3_ros2_wrapper/src/type_conversion.cpp:7[m[K:
[21.599s] [01m[K/usr/include/eigen3/Eigen/src/Core/util/Constants.h:167:37:[m[K [01;36m[Knote: [m[Kdeclared here
[21.599s]   167 | EIGEN_DEPRECATED const unsigned int [01;36m[KAlignedBit[m[K = 0x80;
[21.599s]       |                                     [01;36m[K^~~~~~~~~~[m[K
[21.677s] In file included from [01m[K/home/orb/ORB_SLAM3/Thirdparty/g2o/g2o/types/types_six_dof_expmap.h:38[m[K,
[21.677s]                  from [01m[K/home/orb/ORB_SLAM3/include/Converter.h:26[m[K,
[21.678s]                  from [01m[K/home/orb/ORB_SLAM3/include/Frame.h:33[m[K,
[21.678s]                  from [01m[K/home/orb/ORB_SLAM3/include/KeyFrame.h:28[m[K,
[21.678s]                  from [01m[K/home/orb/ORB_SLAM3/include/MapPoint.h:23[m[K,
[21.678s]                  from [01m[K/root/colcon_ws/src/orb_slam3_ros2_wrapper/include/orb_slam3_ros2_wrapper/type_conversion.hpp:26[m[K,
[21.678s]                  from [01m[K/root/colcon_ws/src/orb_slam3_ros2_wrapper/src/type_conversion.cpp:7[m[K:
[21.678s] /home/orb/ORB_SLAM3/Thirdparty/g2o/g2o/types/../core/base_binary_edge.h: In instantiation of ‘[01m[Kclass g2o::BaseBinaryEdge<2, Eigen::Matrix<double, 2, 1>, g2o::VertexSBAPointXYZ, g2o::VertexSim3Expmap>[m[K’:
[21.678s] [01m[K/home/orb/ORB_SLAM3/Thirdparty/g2o/g2o/types/types_seven_dof_expmap.h:130:36:[m[K   required from here
[21.678s] [01m[K/home/orb/ORB_SLAM3/Thirdparty/g2o/g2o/types/../core/base_binary_edge.h:59:80:[m[K [01;35m[Kwarning: [m[K‘[01m[KEigen::AlignedBit[m[K’ is deprecated [[01;35m[K-Wdeprecated-declarations[m[K]
[21.678s]    59 |       typedef Eigen::Map<Matrix<double, Di, Dj>, Matrix<double, Di, Dj>::[01;35m[KFlags & AlignedBit[m[K ? Aligned : Unaligned > HessianBlockType;
[21.679s]       |                                                                          [01;35m[K~~~~~~^~~~~~~~~~~~[m[K
[21.679s] In file included from [01m[K/usr/include/eigen3/Eigen/Core:161[m[K,
[21.679s]                  from [01m[K/root/colcon_ws/src/orb_slam3_ros2_wrapper/include/orb_slam3_ros2_wrapper/type_conversion.hpp:10[m[K,
[21.679s]                  from [01m[K/root/colcon_ws/src/orb_slam3_ros2_wrapper/src/type_conversion.cpp:7[m[K:
[21.679s] [01m[K/usr/include/eigen3/Eigen/src/Core/util/Constants.h:167:37:[m[K [01;36m[Knote: [m[Kdeclared here
[21.679s]   167 | EIGEN_DEPRECATED const unsigned int [01;36m[KAlignedBit[m[K = 0x80;
[21.679s]       |                                     [01;36m[K^~~~~~~~~~[m[K
[21.706s] In file included from [01m[K/home/orb/ORB_SLAM3/Thirdparty/g2o/g2o/types/types_six_dof_expmap.h:38[m[K,
[21.707s]                  from [01m[K/home/orb/ORB_SLAM3/include/Converter.h:26[m[K,
[21.707s]                  from [01m[K/home/orb/ORB_SLAM3/include/Frame.h:33[m[K,
[21.707s]                  from [01m[K/home/orb/ORB_SLAM3/include/KeyFrame.h:28[m[K,
[21.707s]                  from [01m[K/home/orb/ORB_SLAM3/include/MapPoint.h:23[m[K,
[21.707s]                  from [01m[K/root/colcon_ws/src/orb_slam3_ros2_wrapper/include/orb_slam3_ros2_wrapper/type_conversion.hpp:26[m[K,
[21.707s]                  from [01m[K/root/colcon_ws/src/orb_slam3_ros2_wrapper/src/type_conversion.cpp:7[m[K:
[21.707s] [01m[K/home/orb/ORB_SLAM3/Thirdparty/g2o/g2o/types/../core/base_binary_edge.h:60:80:[m[K [01;35m[Kwarning: [m[K‘[01m[KEigen::AlignedBit[m[K’ is deprecated [[01;35m[K-Wdeprecated-declarations[m[K]
[21.707s]    60 |       typedef Eigen::Map<Matrix<double, Dj, Di>, Matrix<double, Dj, Di>::[01;35m[KFlags & AlignedBit[m[K ? Aligned : Unaligned > HessianBlockTransposedType;
[21.708s]       |                                                                          [01;35m[K~~~~~~^~~~~~~~~~~~[m[K
[21.708s] In file included from [01m[K/usr/include/eigen3/Eigen/Core:161[m[K,
[21.708s]                  from [01m[K/root/colcon_ws/src/orb_slam3_ros2_wrapper/include/orb_slam3_ros2_wrapper/type_conversion.hpp:10[m[K,
[21.708s]                  from [01m[K/root/colcon_ws/src/orb_slam3_ros2_wrapper/src/type_conversion.cpp:7[m[K:
[21.708s] [01m[K/usr/include/eigen3/Eigen/src/Core/util/Constants.h:167:37:[m[K [01;36m[Knote: [m[Kdeclared here
[21.708s]   167 | EIGEN_DEPRECATED const unsigned int [01;36m[KAlignedBit[m[K = 0x80;
[21.708s]       |                                     [01;36m[K^~~~~~~~~~[m[K
[36.670s] [ 93%] [32m[1mLinking CXX executable typeconversionTests[0m
[37.759s] [ 93%] Built target typeconversionTests
[47.742s] [100%] [32m[1mLinking CXX executable rgbd[0m
[48.260s] /usr/bin/ld: warning: libopencv_imgcodecs.so.4.5d, needed by /opt/ros/humble/lib/libcv_bridge.so, may conflict with libopencv_imgcodecs.so.4.4
[48.695s] [100%] Built target rgbd
[89.154s] /usr/bin/ld: /usr/lib/gcc/x86_64-linux-gnu/11/../../../x86_64-linux-gnu/Scrt1.o: in function `_start':
[89.154s] (.text+0x1b): undefined reference to `main'
[89.158s] collect2: error: ld returned 1 exit status
[89.160s] gmake[2]: *** [CMakeFiles/orb_slam3_multi_map_fusion.dir/build.make:468: orb_slam3_multi_map_fusion] Error 1
[89.160s] gmake[1]: *** [CMakeFiles/Makefile2:185: CMakeFiles/orb_slam3_multi_map_fusion.dir/all] Error 2
[89.160s] gmake: *** [Makefile:146: all] Error 2
[89.162s] Invoked command in '/root/build/orb_slam3_ros2_wrapper' returned '2': AMENT_PREFIX_PATH=/root/install/slam_msgs:${AMENT_PREFIX_PATH} CMAKE_PREFIX_PATH=/root/install/slam_msgs:/root/colcon_ws/install/orb_slam3_ros2_wrapper:/root/colcon_ws/install/orb_slam3_map_generator:/root/colcon_ws/install/slam_msgs:/root/colcon_ws/install/orb_slam3_navigator:/opt/ros/humble LD_LIBRARY_PATH=/root/install/slam_msgs/lib:${LD_LIBRARY_PATH} PYTHONPATH=/root/install/slam_msgs/local/lib/python3.10/dist-packages:${PYTHONPATH} /usr/bin/cmake --build /root/build/orb_slam3_ros2_wrapper -- -j12 -l12
