[0.000000] (-) TimerEvent: {}
[0.000208] (orb_slam3_navigator) JobQueued: {'identifier': 'orb_slam3_navigator', 'dependencies': OrderedDict()}
[0.000377] (slam_msgs) JobQueued: {'identifier': 'slam_msgs', 'dependencies': OrderedDict()}
[0.000408] (orb_slam3_map_generator) JobQueued: {'identifier': 'orb_slam3_map_generator', 'dependencies': OrderedDict([('slam_msgs', '/root/install/slam_msgs')])}
[0.000436] (orb_slam3_ros2_wrapper) JobQueued: {'identifier': 'orb_slam3_ros2_wrapper', 'dependencies': OrderedDict([('slam_msgs', '/root/install/slam_msgs')])}
[0.000703] (slam_msgs) JobStarted: {'identifier': 'slam_msgs'}
[0.007334] (orb_slam3_navigator) JobStarted: {'identifier': 'orb_slam3_navigator'}
[0.019191] (slam_msgs) JobProgress: {'identifier': 'slam_msgs', 'progress': 'cmake'}
[0.019394] (slam_msgs) Command: {'cmd': ['/usr/bin/cmake', '/root/colcon_ws/src/slam_msgs', '-DAMENT_CMAKE_SYMLINK_INSTALL=1', '-DCMAKE_INSTALL_PREFIX=/root/install/slam_msgs'], 'cwd': '/root/build/slam_msgs', 'env': OrderedDict([('HOSTNAME', 'LP-Boston-11364'), ('SHLVL', '1'), ('LD_LIBRARY_PATH', '/root/colcon_ws/install/slam_msgs/lib:/opt/ros/humble/opt/rviz_ogre_vendor/lib:/opt/ros/humble/lib/x86_64-linux-gnu:/opt/ros/humble/lib'), ('HOME', '/root'), ('OLDPWD', '/'), ('ROS_PYTHON_VERSION', '3'), ('COLCON_PREFIX_PATH', '/root/colcon_ws/install'), ('ROS_DISTRO', 'humble'), ('_', '/usr/bin/colcon'), ('ROS_VERSION', '2'), ('SCOUT_NAMESPACE', 'scout_2'), ('TERM', 'xterm'), ('ROS_LOCALHOST_ONLY', '1'), ('PATH', '/opt/ros/humble/bin:/usr/local/sbin:/usr/local/bin:/usr/sbin:/usr/bin:/sbin:/bin'), ('XDG_RUNTIME_DIR', '/tmp/runtime-root'), ('DISPLAY', ':1'), ('LANG', 'C.UTF-8'), ('LS_COLORS', 'rs=0:di=01;34:ln=01;36:mh=00:pi=40;33:so=01;35:do=01;35:bd=40;33;01:cd=40;33;01:or=40;31;01:mi=00:su=37;41:sg=30;43:ca=30;41:tw=30;42:ow=34;42:st=37;44:ex=01;32:*.tar=01;31:*.tgz=01;31:*.arc=01;31:*.arj=01;31:*.taz=01;31:*.lha=01;31:*.lz4=01;31:*.lzh=01;31:*.lzma=01;31:*.tlz=01;31:*.txz=01;31:*.tzo=01;31:*.t7z=01;31:*.zip=01;31:*.z=01;31:*.dz=01;31:*.gz=01;31:*.lrz=01;31:*.lz=01;31:*.lzo=01;31:*.xz=01;31:*.zst=01;31:*.tzst=01;31:*.bz2=01;31:*.bz=01;31:*.tbz=01;31:*.tbz2=01;31:*.tz=01;31:*.deb=01;31:*.rpm=01;31:*.jar=01;31:*.war=01;31:*.ear=01;31:*.sar=01;31:*.rar=01;31:*.alz=01;31:*.ace=01;31:*.zoo=01;31:*.cpio=01;31:*.7z=01;31:*.rz=01;31:*.cab=01;31:*.wim=01;31:*.swm=01;31:*.dwm=01;31:*.esd=01;31:*.jpg=01;35:*.jpeg=01;35:*.mjpg=01;35:*.mjpeg=01;35:*.gif=01;35:*.bmp=01;35:*.pbm=01;35:*.pgm=01;35:*.ppm=01;35:*.tga=01;35:*.xbm=01;35:*.xpm=01;35:*.tif=01;35:*.tiff=01;35:*.png=01;35:*.svg=01;35:*.svgz=01;35:*.mng=01;35:*.pcx=01;35:*.mov=01;35:*.mpg=01;35:*.mpeg=01;35:*.m2v=01;35:*.mkv=01;35:*.webm=01;35:*.webp=01;35:*.ogm=01;35:*.mp4=01;35:*.m4v=01;35:*.mp4v=01;35:*.vob=01;35:*.qt=01;35:*.nuv=01;35:*.wmv=01;35:*.asf=01;35:*.rm=01;35:*.rmvb=01;35:*.flc=01;35:*.avi=01;35:*.fli=01;35:*.flv=01;35:*.gl=01;35:*.dl=01;35:*.xcf=01;35:*.xwd=01;35:*.yuv=01;35:*.cgm=01;35:*.emf=01;35:*.ogv=01;35:*.ogx=01;35:*.aac=00;36:*.au=00;36:*.flac=00;36:*.m4a=00;36:*.mid=00;36:*.midi=00;36:*.mka=00;36:*.mp3=00;36:*.mpc=00;36:*.ogg=00;36:*.ra=00;36:*.wav=00;36:*.oga=00;36:*.opus=00;36:*.spx=00;36:*.xspf=00;36:'), ('ROS_DOMAIN_ID', '55'), ('AMENT_PREFIX_PATH', '/root/colcon_ws/install/orb_slam3_ros2_wrapper:/root/colcon_ws/install/orb_slam3_map_generator:/root/colcon_ws/install/slam_msgs:/root/colcon_ws/install/orb_slam3_navigator:/opt/ros/humble'), ('PWD', '/root/build/slam_msgs'), ('LC_ALL', 'C.UTF-8'), ('RCUTILS_COLORIZED_OUTPUT', '1'), ('PYTHONPATH', '/root/colcon_ws/install/slam_msgs/local/lib/python3.10/dist-packages:/root/colcon_ws/build/orb_slam3_navigator:/root/colcon_ws/install/orb_slam3_navigator/lib/python3.10/site-packages:/opt/ros/humble/lib/python3.10/site-packages:/opt/ros/humble/local/lib/python3.10/dist-packages'), ('COLCON', '1'), ('CMAKE_PREFIX_PATH', '/root/colcon_ws/install/orb_slam3_ros2_wrapper:/root/colcon_ws/install/orb_slam3_map_generator:/root/colcon_ws/install/slam_msgs:/root/colcon_ws/install/orb_slam3_navigator:/opt/ros/humble')]), 'shell': False}
[0.073923] (slam_msgs) StdoutLine: {'line': b'-- The C compiler identification is GNU 11.4.0\n'}
[0.099819] (-) TimerEvent: {}
[0.125222] (slam_msgs) StdoutLine: {'line': b'-- The CXX compiler identification is GNU 11.4.0\n'}
[0.132557] (slam_msgs) StdoutLine: {'line': b'-- Detecting C compiler ABI info\n'}
[0.192950] (slam_msgs) StdoutLine: {'line': b'-- Detecting C compiler ABI info - done\n'}
[0.199904] (-) TimerEvent: {}
[0.200226] (slam_msgs) StdoutLine: {'line': b'-- Check for working C compiler: /usr/bin/cc - skipped\n'}
[0.200508] (slam_msgs) StdoutLine: {'line': b'-- Detecting C compile features\n'}
[0.200912] (slam_msgs) StdoutLine: {'line': b'-- Detecting C compile features - done\n'}
[0.203920] (slam_msgs) StdoutLine: {'line': b'-- Detecting CXX compiler ABI info\n'}
[0.277334] (slam_msgs) StdoutLine: {'line': b'-- Detecting CXX compiler ABI info - done\n'}
[0.287948] (slam_msgs) StdoutLine: {'line': b'-- Check for working CXX compiler: /usr/bin/c++ - skipped\n'}
[0.288238] (slam_msgs) StdoutLine: {'line': b'-- Detecting CXX compile features\n'}
[0.288994] (slam_msgs) StdoutLine: {'line': b'-- Detecting CXX compile features - done\n'}
[0.292977] (slam_msgs) StdoutLine: {'line': b'-- Found ament_cmake: 1.3.10 (/opt/ros/humble/share/ament_cmake/cmake)\n'}
[0.299982] (-) TimerEvent: {}
[0.400231] (-) TimerEvent: {}
[0.440071] (slam_msgs) StdoutLine: {'line': b'-- Found Python3: /usr/bin/python3 (found version "3.10.12") found components: Interpreter \n'}
[0.500313] (-) TimerEvent: {}
[0.502201] (slam_msgs) StdoutLine: {'line': b'-- Override CMake install command with custom implementation using symlinks instead of copying resources\n'}
[0.536458] (slam_msgs) StdoutLine: {'line': b'-- Found rclcpp: 16.0.10 (/opt/ros/humble/share/rclcpp/cmake)\n'}
[0.583809] (slam_msgs) StdoutLine: {'line': b'-- Found rosidl_generator_c: 3.1.5 (/opt/ros/humble/share/rosidl_generator_c/cmake)\n'}
[0.589875] (slam_msgs) StdoutLine: {'line': b'-- Found rosidl_adapter: 3.1.5 (/opt/ros/humble/share/rosidl_adapter/cmake)\n'}
[0.599951] (slam_msgs) StdoutLine: {'line': b'-- Found rosidl_generator_cpp: 3.1.5 (/opt/ros/humble/share/rosidl_generator_cpp/cmake)\n'}
[0.600374] (-) TimerEvent: {}
[0.606346] (orb_slam3_navigator) Command: {'cmd': ['/usr/bin/python3', '-W', 'ignore:setup.py install is deprecated', 'setup.py', 'develop', '--editable', '--build-directory', '/root/build/orb_slam3_navigator/build', '--no-deps', 'symlink_data'], 'cwd': '/root/build/orb_slam3_navigator', 'env': {'HOSTNAME': 'LP-Boston-11364', 'SHLVL': '1', 'LD_LIBRARY_PATH': '/root/colcon_ws/install/slam_msgs/lib:/opt/ros/humble/opt/rviz_ogre_vendor/lib:/opt/ros/humble/lib/x86_64-linux-gnu:/opt/ros/humble/lib', 'HOME': '/root', 'OLDPWD': '/', 'ROS_PYTHON_VERSION': '3', 'COLCON_PREFIX_PATH': '/root/colcon_ws/install', 'ROS_DISTRO': 'humble', '_': '/usr/bin/colcon', 'ROS_VERSION': '2', 'SCOUT_NAMESPACE': 'scout_2', 'TERM': 'xterm', 'ROS_LOCALHOST_ONLY': '1', 'PATH': '/opt/ros/humble/bin:/usr/local/sbin:/usr/local/bin:/usr/sbin:/usr/bin:/sbin:/bin', 'XDG_RUNTIME_DIR': '/tmp/runtime-root', 'DISPLAY': ':1', 'LANG': 'C.UTF-8', 'LS_COLORS': 'rs=0:di=01;34:ln=01;36:mh=00:pi=40;33:so=01;35:do=01;35:bd=40;33;01:cd=40;33;01:or=40;31;01:mi=00:su=37;41:sg=30;43:ca=30;41:tw=30;42:ow=34;42:st=37;44:ex=01;32:*.tar=01;31:*.tgz=01;31:*.arc=01;31:*.arj=01;31:*.taz=01;31:*.lha=01;31:*.lz4=01;31:*.lzh=01;31:*.lzma=01;31:*.tlz=01;31:*.txz=01;31:*.tzo=01;31:*.t7z=01;31:*.zip=01;31:*.z=01;31:*.dz=01;31:*.gz=01;31:*.lrz=01;31:*.lz=01;31:*.lzo=01;31:*.xz=01;31:*.zst=01;31:*.tzst=01;31:*.bz2=01;31:*.bz=01;31:*.tbz=01;31:*.tbz2=01;31:*.tz=01;31:*.deb=01;31:*.rpm=01;31:*.jar=01;31:*.war=01;31:*.ear=01;31:*.sar=01;31:*.rar=01;31:*.alz=01;31:*.ace=01;31:*.zoo=01;31:*.cpio=01;31:*.7z=01;31:*.rz=01;31:*.cab=01;31:*.wim=01;31:*.swm=01;31:*.dwm=01;31:*.esd=01;31:*.jpg=01;35:*.jpeg=01;35:*.mjpg=01;35:*.mjpeg=01;35:*.gif=01;35:*.bmp=01;35:*.pbm=01;35:*.pgm=01;35:*.ppm=01;35:*.tga=01;35:*.xbm=01;35:*.xpm=01;35:*.tif=01;35:*.tiff=01;35:*.png=01;35:*.svg=01;35:*.svgz=01;35:*.mng=01;35:*.pcx=01;35:*.mov=01;35:*.mpg=01;35:*.mpeg=01;35:*.m2v=01;35:*.mkv=01;35:*.webm=01;35:*.webp=01;35:*.ogm=01;35:*.mp4=01;35:*.m4v=01;35:*.mp4v=01;35:*.vob=01;35:*.qt=01;35:*.nuv=01;35:*.wmv=01;35:*.asf=01;35:*.rm=01;35:*.rmvb=01;35:*.flc=01;35:*.avi=01;35:*.fli=01;35:*.flv=01;35:*.gl=01;35:*.dl=01;35:*.xcf=01;35:*.xwd=01;35:*.yuv=01;35:*.cgm=01;35:*.emf=01;35:*.ogv=01;35:*.ogx=01;35:*.aac=00;36:*.au=00;36:*.flac=00;36:*.m4a=00;36:*.mid=00;36:*.midi=00;36:*.mka=00;36:*.mp3=00;36:*.mpc=00;36:*.ogg=00;36:*.ra=00;36:*.wav=00;36:*.oga=00;36:*.opus=00;36:*.spx=00;36:*.xspf=00;36:', 'ROS_DOMAIN_ID': '55', 'AMENT_PREFIX_PATH': '/root/colcon_ws/install/orb_slam3_ros2_wrapper:/root/colcon_ws/install/orb_slam3_map_generator:/root/colcon_ws/install/slam_msgs:/root/colcon_ws/install/orb_slam3_navigator:/opt/ros/humble', 'PWD': '/root/build/orb_slam3_navigator', 'LC_ALL': 'C.UTF-8', 'RCUTILS_COLORIZED_OUTPUT': '1', 'PYTHONPATH': '/root/build/orb_slam3_navigator/prefix_override:/usr/lib/python3/dist-packages/colcon_core/task/python/colcon_distutils_commands:/root/install/orb_slam3_navigator/lib/python3.10/site-packages:/root/colcon_ws/install/slam_msgs/local/lib/python3.10/dist-packages:/root/colcon_ws/build/orb_slam3_navigator:/root/colcon_ws/install/orb_slam3_navigator/lib/python3.10/site-packages:/opt/ros/humble/lib/python3.10/site-packages:/opt/ros/humble/local/lib/python3.10/dist-packages', 'COLCON': '1', 'CMAKE_PREFIX_PATH': '/root/colcon_ws/install/orb_slam3_ros2_wrapper:/root/colcon_ws/install/orb_slam3_map_generator:/root/colcon_ws/install/slam_msgs'}, 'shell': False}
[0.614508] (slam_msgs) StdoutLine: {'line': b'-- Using all available rosidl_typesupport_c: rosidl_typesupport_fastrtps_c;rosidl_typesupport_introspection_c\n'}
[0.633741] (slam_msgs) StdoutLine: {'line': b'-- Using all available rosidl_typesupport_cpp: rosidl_typesupport_fastrtps_cpp;rosidl_typesupport_introspection_cpp\n'}
[0.683704] (slam_msgs) StdoutLine: {'line': b'-- Found rmw_implementation_cmake: 6.1.2 (/opt/ros/humble/share/rmw_implementation_cmake/cmake)\n'}
[0.687009] (slam_msgs) StdoutLine: {'line': b'-- Found rmw_fastrtps_cpp: 6.2.7 (/opt/ros/humble/share/rmw_fastrtps_cpp/cmake)\n'}
[0.700465] (-) TimerEvent: {}
[0.772995] (slam_msgs) StdoutLine: {'line': b'-- Found OpenSSL: /usr/lib/x86_64-linux-gnu/libcrypto.so (found version "3.0.2")  \n'}
[0.800552] (-) TimerEvent: {}
[0.804403] (slam_msgs) StdoutLine: {'line': b'-- Found FastRTPS: /opt/ros/humble/include  \n'}
[0.854334] (slam_msgs) StdoutLine: {'line': b"-- Using RMW implementation 'rmw_fastrtps_cpp' as default\n"}
[0.856516] (orb_slam3_navigator) StdoutLine: {'line': b'running develop\n'}
[0.857152] (orb_slam3_navigator) StderrLine: {'line': b'/usr/lib/python3/dist-packages/setuptools/command/easy_install.py:158: EasyInstallDeprecationWarning: easy_install command is deprecated. Use build and pip and other standards-based tools.\n'}
[0.857275] (orb_slam3_navigator) StderrLine: {'line': b'  warnings.warn(\n'}
[0.866856] (slam_msgs) StdoutLine: {'line': b'-- Looking for pthread.h\n'}
[0.900655] (-) TimerEvent: {}
[0.941520] (slam_msgs) StdoutLine: {'line': b'-- Looking for pthread.h - found\n'}
[0.941974] (slam_msgs) StdoutLine: {'line': b'-- Performing Test CMAKE_HAVE_LIBC_PTHREAD\n'}
[1.000738] (-) TimerEvent: {}
[1.009631] (slam_msgs) StdoutLine: {'line': b'-- Performing Test CMAKE_HAVE_LIBC_PTHREAD - Success\n'}
[1.010708] (slam_msgs) StdoutLine: {'line': b'-- Found Threads: TRUE  \n'}
[1.012471] (orb_slam3_navigator) StdoutLine: {'line': b'running egg_info\n'}
[1.012573] (orb_slam3_navigator) StdoutLine: {'line': b'creating orb_slam3_navigator.egg-info\n'}
[1.012688] (orb_slam3_navigator) StdoutLine: {'line': b'writing orb_slam3_navigator.egg-info/PKG-INFO\n'}
[1.012892] (orb_slam3_navigator) StdoutLine: {'line': b'writing dependency_links to orb_slam3_navigator.egg-info/dependency_links.txt\n'}
[1.013010] (orb_slam3_navigator) StdoutLine: {'line': b'writing entry points to orb_slam3_navigator.egg-info/entry_points.txt\n'}
[1.013107] (orb_slam3_navigator) StdoutLine: {'line': b'writing requirements to orb_slam3_navigator.egg-info/requires.txt\n'}
[1.013198] (orb_slam3_navigator) StdoutLine: {'line': b'writing top-level names to orb_slam3_navigator.egg-info/top_level.txt\n'}
[1.013325] (orb_slam3_navigator) StdoutLine: {'line': b"writing manifest file 'orb_slam3_navigator.egg-info/SOURCES.txt'\n"}
[1.014746] (orb_slam3_navigator) StdoutLine: {'line': b"reading manifest file 'orb_slam3_navigator.egg-info/SOURCES.txt'\n"}
[1.015305] (orb_slam3_navigator) StdoutLine: {'line': b"writing manifest file 'orb_slam3_navigator.egg-info/SOURCES.txt'\n"}
[1.016466] (orb_slam3_navigator) StdoutLine: {'line': b'running build_ext\n'}
[1.016647] (orb_slam3_navigator) StdoutLine: {'line': b'Creating /root/install/orb_slam3_navigator/lib/python3.10/site-packages/orb-slam3-navigator.egg-link (link to .)\n'}
[1.017399] (orb_slam3_navigator) StdoutLine: {'line': b'Installing orb_slam3_navigator script to /root/install/orb_slam3_navigator/lib/orb_slam3_navigator\n'}
[1.017685] (orb_slam3_navigator) StdoutLine: {'line': b'\n'}
[1.017859] (orb_slam3_navigator) StdoutLine: {'line': b'Installed /root/build/orb_slam3_navigator\n'}
[1.018032] (orb_slam3_navigator) StdoutLine: {'line': b'running symlink_data\n'}
[1.018164] (orb_slam3_navigator) StdoutLine: {'line': b'creating /root/install/orb_slam3_navigator/share/ament_index\n'}
[1.018332] (orb_slam3_navigator) StdoutLine: {'line': b'creating /root/install/orb_slam3_navigator/share/ament_index/resource_index\n'}
[1.018444] (orb_slam3_navigator) StdoutLine: {'line': b'creating /root/install/orb_slam3_navigator/share/ament_index/resource_index/packages\n'}
[1.018557] (orb_slam3_navigator) StdoutLine: {'line': b'symbolically linking /root/build/orb_slam3_navigator/resource/orb_slam3_navigator -> /root/install/orb_slam3_navigator/share/ament_index/resource_index/packages\n'}
[1.018667] (orb_slam3_navigator) StdoutLine: {'line': b'symbolically linking /root/build/orb_slam3_navigator/package.xml -> /root/install/orb_slam3_navigator/share/orb_slam3_navigator\n'}
[1.043813] (orb_slam3_navigator) CommandEnded: {'returncode': 0}
[1.054989] (orb_slam3_navigator) JobEnded: {'identifier': 'orb_slam3_navigator', 'rc': 0}
[1.069097] (slam_msgs) StdoutLine: {'line': b'-- Found geometry_msgs: 4.2.4 (/opt/ros/humble/share/geometry_msgs/cmake)\n'}
[1.085162] (slam_msgs) StdoutLine: {'line': b'-- Found sensor_msgs: 4.2.4 (/opt/ros/humble/share/sensor_msgs/cmake)\n'}
[1.100831] (-) TimerEvent: {}
[1.105020] (slam_msgs) StdoutLine: {'line': b'-- Found rosidl_default_generators: 1.2.0 (/opt/ros/humble/share/rosidl_default_generators/cmake)\n'}
[1.200916] (-) TimerEvent: {}
[1.301145] (-) TimerEvent: {}
[1.401374] (-) TimerEvent: {}
[1.484311] (slam_msgs) StdoutLine: {'line': b'-- Found ament_cmake_ros: 0.10.0 (/opt/ros/humble/share/ament_cmake_ros/cmake)\n'}
[1.501479] (-) TimerEvent: {}
[1.601769] (-) TimerEvent: {}
[1.701996] (-) TimerEvent: {}
[1.802248] (-) TimerEvent: {}
[1.902492] (-) TimerEvent: {}
[1.958408] (slam_msgs) StdoutLine: {'line': b'-- Using all available rosidl_typesupport_c: rosidl_typesupport_fastrtps_c;rosidl_typesupport_introspection_c\n'}
[2.002573] (-) TimerEvent: {}
[2.102779] (-) TimerEvent: {}
[2.137807] (slam_msgs) StdoutLine: {'line': b'-- Using all available rosidl_typesupport_cpp: rosidl_typesupport_fastrtps_cpp;rosidl_typesupport_introspection_cpp\n'}
[2.160367] (slam_msgs) StdoutLine: {'line': b'-- Found PythonInterp: /usr/bin/python3 (found suitable version "3.10.12", minimum required is "3.6") \n'}
[2.162936] (slam_msgs) StdoutLine: {'line': b'-- Found python_cmake_module: 0.10.0 (/opt/ros/humble/share/python_cmake_module/cmake)\n'}
[2.188482] (slam_msgs) StdoutLine: {'line': b'-- Found PythonLibs: /usr/lib/x86_64-linux-gnu/libpython3.10.so (found suitable version "3.10.12", minimum required is "3.5") \n'}
[2.188656] (slam_msgs) StdoutLine: {'line': b'-- Using PYTHON_EXECUTABLE: /usr/bin/python3\n'}
[2.188727] (slam_msgs) StdoutLine: {'line': b'-- Using PYTHON_INCLUDE_DIRS: /usr/include/python3.10\n'}
[2.188789] (slam_msgs) StdoutLine: {'line': b'-- Using PYTHON_LIBRARIES: /usr/lib/x86_64-linux-gnu/libpython3.10.so\n'}
[2.202889] (-) TimerEvent: {}
[2.211135] (slam_msgs) StdoutLine: {'line': b'-- Found PythonExtra: .so  \n'}
[2.303036] (-) TimerEvent: {}
[2.303549] (slam_msgs) StdoutLine: {'line': b'-- Configuring done\n'}
[2.351849] (slam_msgs) StdoutLine: {'line': b'-- Generating done\n'}
[2.354786] (slam_msgs) StdoutLine: {'line': b'-- Build files have been written to: /root/build/slam_msgs\n'}
[2.365575] (slam_msgs) CommandEnded: {'returncode': 0}
[2.366037] (slam_msgs) JobProgress: {'identifier': 'slam_msgs', 'progress': 'build'}
[2.366784] (slam_msgs) Command: {'cmd': ['/usr/bin/cmake', '--build', '/root/build/slam_msgs', '--', '-j12', '-l12'], 'cwd': '/root/build/slam_msgs', 'env': OrderedDict([('HOSTNAME', 'LP-Boston-11364'), ('SHLVL', '1'), ('LD_LIBRARY_PATH', '/root/colcon_ws/install/slam_msgs/lib:/opt/ros/humble/opt/rviz_ogre_vendor/lib:/opt/ros/humble/lib/x86_64-linux-gnu:/opt/ros/humble/lib'), ('HOME', '/root'), ('OLDPWD', '/'), ('ROS_PYTHON_VERSION', '3'), ('COLCON_PREFIX_PATH', '/root/colcon_ws/install'), ('ROS_DISTRO', 'humble'), ('_', '/usr/bin/colcon'), ('ROS_VERSION', '2'), ('SCOUT_NAMESPACE', 'scout_2'), ('TERM', 'xterm'), ('ROS_LOCALHOST_ONLY', '1'), ('PATH', '/opt/ros/humble/bin:/usr/local/sbin:/usr/local/bin:/usr/sbin:/usr/bin:/sbin:/bin'), ('XDG_RUNTIME_DIR', '/tmp/runtime-root'), ('DISPLAY', ':1'), ('LANG', 'C.UTF-8'), ('LS_COLORS', 'rs=0:di=01;34:ln=01;36:mh=00:pi=40;33:so=01;35:do=01;35:bd=40;33;01:cd=40;33;01:or=40;31;01:mi=00:su=37;41:sg=30;43:ca=30;41:tw=30;42:ow=34;42:st=37;44:ex=01;32:*.tar=01;31:*.tgz=01;31:*.arc=01;31:*.arj=01;31:*.taz=01;31:*.lha=01;31:*.lz4=01;31:*.lzh=01;31:*.lzma=01;31:*.tlz=01;31:*.txz=01;31:*.tzo=01;31:*.t7z=01;31:*.zip=01;31:*.z=01;31:*.dz=01;31:*.gz=01;31:*.lrz=01;31:*.lz=01;31:*.lzo=01;31:*.xz=01;31:*.zst=01;31:*.tzst=01;31:*.bz2=01;31:*.bz=01;31:*.tbz=01;31:*.tbz2=01;31:*.tz=01;31:*.deb=01;31:*.rpm=01;31:*.jar=01;31:*.war=01;31:*.ear=01;31:*.sar=01;31:*.rar=01;31:*.alz=01;31:*.ace=01;31:*.zoo=01;31:*.cpio=01;31:*.7z=01;31:*.rz=01;31:*.cab=01;31:*.wim=01;31:*.swm=01;31:*.dwm=01;31:*.esd=01;31:*.jpg=01;35:*.jpeg=01;35:*.mjpg=01;35:*.mjpeg=01;35:*.gif=01;35:*.bmp=01;35:*.pbm=01;35:*.pgm=01;35:*.ppm=01;35:*.tga=01;35:*.xbm=01;35:*.xpm=01;35:*.tif=01;35:*.tiff=01;35:*.png=01;35:*.svg=01;35:*.svgz=01;35:*.mng=01;35:*.pcx=01;35:*.mov=01;35:*.mpg=01;35:*.mpeg=01;35:*.m2v=01;35:*.mkv=01;35:*.webm=01;35:*.webp=01;35:*.ogm=01;35:*.mp4=01;35:*.m4v=01;35:*.mp4v=01;35:*.vob=01;35:*.qt=01;35:*.nuv=01;35:*.wmv=01;35:*.asf=01;35:*.rm=01;35:*.rmvb=01;35:*.flc=01;35:*.avi=01;35:*.fli=01;35:*.flv=01;35:*.gl=01;35:*.dl=01;35:*.xcf=01;35:*.xwd=01;35:*.yuv=01;35:*.cgm=01;35:*.emf=01;35:*.ogv=01;35:*.ogx=01;35:*.aac=00;36:*.au=00;36:*.flac=00;36:*.m4a=00;36:*.mid=00;36:*.midi=00;36:*.mka=00;36:*.mp3=00;36:*.mpc=00;36:*.ogg=00;36:*.ra=00;36:*.wav=00;36:*.oga=00;36:*.opus=00;36:*.spx=00;36:*.xspf=00;36:'), ('ROS_DOMAIN_ID', '55'), ('AMENT_PREFIX_PATH', '/root/colcon_ws/install/orb_slam3_ros2_wrapper:/root/colcon_ws/install/orb_slam3_map_generator:/root/colcon_ws/install/slam_msgs:/root/colcon_ws/install/orb_slam3_navigator:/opt/ros/humble'), ('PWD', '/root/build/slam_msgs'), ('LC_ALL', 'C.UTF-8'), ('RCUTILS_COLORIZED_OUTPUT', '1'), ('PYTHONPATH', '/root/colcon_ws/install/slam_msgs/local/lib/python3.10/dist-packages:/root/colcon_ws/build/orb_slam3_navigator:/root/colcon_ws/install/orb_slam3_navigator/lib/python3.10/site-packages:/opt/ros/humble/lib/python3.10/site-packages:/opt/ros/humble/local/lib/python3.10/dist-packages'), ('COLCON', '1'), ('CMAKE_PREFIX_PATH', '/root/colcon_ws/install/orb_slam3_ros2_wrapper:/root/colcon_ws/install/orb_slam3_map_generator:/root/colcon_ws/install/slam_msgs:/root/colcon_ws/install/orb_slam3_navigator:/opt/ros/humble')]), 'shell': False}
[2.403132] (-) TimerEvent: {}
[2.406236] (slam_msgs) StdoutLine: {'line': b'[  1%] \x1b[34m\x1b[1mGenerating C code for ROS interfaces\x1b[0m\n'}
[2.416274] (slam_msgs) StdoutLine: {'line': b'[  2%] \x1b[34m\x1b[1mGenerating C++ code for ROS interfaces\x1b[0m\n'}
[2.423288] (slam_msgs) StdoutLine: {'line': b'[  2%] Built target ament_cmake_python_symlink_slam_msgs\n'}
[2.503203] (-) TimerEvent: {}
[2.603439] (-) TimerEvent: {}
[2.665843] (slam_msgs) StdoutLine: {'line': b'running egg_info\n'}
[2.666380] (slam_msgs) StdoutLine: {'line': b'creating slam_msgs.egg-info\n'}
[2.666518] (slam_msgs) StdoutLine: {'line': b'writing slam_msgs.egg-info/PKG-INFO\n'}
[2.666686] (slam_msgs) StdoutLine: {'line': b'writing dependency_links to slam_msgs.egg-info/dependency_links.txt\n'}
[2.666882] (slam_msgs) StdoutLine: {'line': b'writing top-level names to slam_msgs.egg-info/top_level.txt\n'}
[2.667093] (slam_msgs) StdoutLine: {'line': b"writing manifest file 'slam_msgs.egg-info/SOURCES.txt'\n"}
[2.668933] (slam_msgs) StdoutLine: {'line': b"reading manifest file 'slam_msgs.egg-info/SOURCES.txt'\n"}
[2.669453] (slam_msgs) StdoutLine: {'line': b"writing manifest file 'slam_msgs.egg-info/SOURCES.txt'\n"}
[2.694459] (slam_msgs) StdoutLine: {'line': b'[  2%] Built target ament_cmake_python_build_slam_msgs_egg\n'}
[2.703513] (-) TimerEvent: {}
[2.803724] (-) TimerEvent: {}
[2.904039] (-) TimerEvent: {}
[3.004308] (-) TimerEvent: {}
[3.104578] (-) TimerEvent: {}
[3.204847] (-) TimerEvent: {}
[3.306452] (-) TimerEvent: {}
[3.306977] (slam_msgs) StdoutLine: {'line': b'[  2%] Built target slam_msgs__cpp\n'}
[3.324718] (slam_msgs) StdoutLine: {'line': b'[  3%] \x1b[34m\x1b[1mGenerating C++ type support dispatch for ROS interfaces\x1b[0m\n'}
[3.328907] (slam_msgs) StdoutLine: {'line': b'[  4%] \x1b[34m\x1b[1mGenerating C++ introspection for ROS interfaces\x1b[0m\n'}
[3.329210] (slam_msgs) StdoutLine: {'line': b'[  5%] \x1b[34m\x1b[1mGenerating C++ type support for eProsima Fast-RTPS\x1b[0m\n'}
[3.380744] (slam_msgs) StdoutLine: {'line': b'[ 10%] \x1b[32mBuilding C object CMakeFiles/slam_msgs__rosidl_generator_c.dir/rosidl_generator_c/slam_msgs/msg/detail/map_data__functions.c.o\x1b[0m\n'}
[3.381877] (slam_msgs) StdoutLine: {'line': b'[ 10%] \x1b[32mBuilding C object CMakeFiles/slam_msgs__rosidl_generator_c.dir/rosidl_generator_c/slam_msgs/srv/detail/get_map__functions.c.o\x1b[0m\n'}
[3.383412] (slam_msgs) StdoutLine: {'line': b'[ 10%] \x1b[32mBuilding C object CMakeFiles/slam_msgs__rosidl_generator_c.dir/rosidl_generator_c/slam_msgs/msg/detail/map_graph__functions.c.o\x1b[0m\n'}
[3.383718] (slam_msgs) StdoutLine: {'line': b'[ 11%] \x1b[32mBuilding C object CMakeFiles/slam_msgs__rosidl_generator_c.dir/rosidl_generator_c/slam_msgs/msg/detail/key_frame__functions.c.o\x1b[0m\n'}
[3.383840] (slam_msgs) StdoutLine: {'line': b'[ 11%] \x1b[32mBuilding C object CMakeFiles/slam_msgs__rosidl_generator_c.dir/rosidl_generator_c/slam_msgs/msg/detail/map_point__functions.c.o\x1b[0m\n'}
[3.383938] (slam_msgs) StdoutLine: {'line': b'[ 13%] \x1b[32mBuilding C object CMakeFiles/slam_msgs__rosidl_generator_c.dir/rosidl_generator_c/slam_msgs/srv/detail/get_global_point_cloud__functions.c.o\x1b[0m\n'}
[3.384044] (slam_msgs) StdoutLine: {'line': b'[ 13%] \x1b[32mBuilding C object CMakeFiles/slam_msgs__rosidl_generator_c.dir/rosidl_generator_c/slam_msgs/srv/detail/get_landmarks_in_view__functions.c.o\x1b[0m\n'}
[3.384151] (slam_msgs) StdoutLine: {'line': b'[ 14%] \x1b[32mBuilding C object CMakeFiles/slam_msgs__rosidl_generator_c.dir/rosidl_generator_c/slam_msgs/srv/detail/get_all_landmarks_in_map__functions.c.o\x1b[0m\n'}
[3.406538] (-) TimerEvent: {}
[3.490802] (slam_msgs) StdoutLine: {'line': b'[ 16%] \x1b[32m\x1b[1mLinking C shared library libslam_msgs__rosidl_generator_c.so\x1b[0m\n'}
[3.506636] (-) TimerEvent: {}
[3.536607] (slam_msgs) StdoutLine: {'line': b'[ 16%] Built target slam_msgs__rosidl_generator_c\n'}
[3.548571] (slam_msgs) StdoutLine: {'line': b'[ 17%] \x1b[34m\x1b[1mGenerating C introspection for ROS interfaces\x1b[0m\n'}
[3.548942] (slam_msgs) StdoutLine: {'line': b'[ 18%] \x1b[34m\x1b[1mGenerating C type support for eProsima Fast-RTPS\x1b[0m\n'}
[3.551233] (slam_msgs) StdoutLine: {'line': b'[ 19%] \x1b[34m\x1b[1mGenerating C type support dispatch for ROS interfaces\x1b[0m\n'}
[3.606720] (-) TimerEvent: {}
[3.706964] (-) TimerEvent: {}
[3.807224] (-) TimerEvent: {}
[3.907605] (-) TimerEvent: {}
[4.008095] (-) TimerEvent: {}
[4.030916] (slam_msgs) StdoutLine: {'line': b'[ 21%] \x1b[32mBuilding CXX object CMakeFiles/slam_msgs__rosidl_typesupport_cpp.dir/rosidl_typesupport_cpp/slam_msgs/msg/map_data__type_support.cpp.o\x1b[0m\n'}
[4.031680] (slam_msgs) StdoutLine: {'line': b'[ 20%] \x1b[32mBuilding CXX object CMakeFiles/slam_msgs__rosidl_typesupport_cpp.dir/rosidl_typesupport_cpp/slam_msgs/msg/map_graph__type_support.cpp.o\x1b[0m\n'}
[4.031812] (slam_msgs) StdoutLine: {'line': b'[ 22%] \x1b[32mBuilding CXX object CMakeFiles/slam_msgs__rosidl_typesupport_cpp.dir/rosidl_typesupport_cpp/slam_msgs/msg/key_frame__type_support.cpp.o\x1b[0m\n'}
[4.031913] (slam_msgs) StdoutLine: {'line': b'[ 24%] \x1b[32mBuilding CXX object CMakeFiles/slam_msgs__rosidl_typesupport_cpp.dir/rosidl_typesupport_cpp/slam_msgs/srv/get_map__type_support.cpp.o\x1b[0m\n'}
[4.032010] (slam_msgs) StdoutLine: {'line': b'[ 25%] \x1b[32mBuilding CXX object CMakeFiles/slam_msgs__rosidl_typesupport_cpp.dir/rosidl_typesupport_cpp/slam_msgs/msg/map_point__type_support.cpp.o\x1b[0m\n'}
[4.035517] (slam_msgs) StdoutLine: {'line': b'[ 26%] \x1b[32mBuilding CXX object CMakeFiles/slam_msgs__rosidl_typesupport_cpp.dir/rosidl_typesupport_cpp/slam_msgs/srv/get_all_landmarks_in_map__type_support.cpp.o\x1b[0m\n'}
[4.046911] (slam_msgs) StdoutLine: {'line': b'[ 27%] \x1b[32mBuilding CXX object CMakeFiles/slam_msgs__rosidl_typesupport_cpp.dir/rosidl_typesupport_cpp/slam_msgs/srv/get_landmarks_in_view__type_support.cpp.o\x1b[0m\n'}
[4.108291] (-) TimerEvent: {}
[4.211083] (-) TimerEvent: {}
[4.311868] (-) TimerEvent: {}
[4.412421] (-) TimerEvent: {}
[4.486042] (slam_msgs) StdoutLine: {'line': b'[ 28%] \x1b[32mBuilding CXX object CMakeFiles/slam_msgs__rosidl_typesupport_c.dir/rosidl_typesupport_c/slam_msgs/msg/map_graph__type_support.cpp.o\x1b[0m\n'}
[4.512608] (-) TimerEvent: {}
[4.531867] (slam_msgs) StdoutLine: {'line': b'[ 29%] \x1b[32mBuilding CXX object CMakeFiles/slam_msgs__rosidl_typesupport_c.dir/rosidl_typesupport_c/slam_msgs/msg/map_data__type_support.cpp.o\x1b[0m\n'}
[4.552354] (slam_msgs) StdoutLine: {'line': b'[ 31%] \x1b[32mBuilding CXX object CMakeFiles/slam_msgs__rosidl_typesupport_c.dir/rosidl_typesupport_c/slam_msgs/msg/key_frame__type_support.cpp.o\x1b[0m\n'}
[4.560257] (slam_msgs) StdoutLine: {'line': b'[ 32%] \x1b[32mBuilding CXX object CMakeFiles/slam_msgs__rosidl_typesupport_c.dir/rosidl_typesupport_c/slam_msgs/msg/map_point__type_support.cpp.o\x1b[0m\n'}
[4.563317] (slam_msgs) StdoutLine: {'line': b'[ 33%] \x1b[32mBuilding CXX object CMakeFiles/slam_msgs__rosidl_typesupport_c.dir/rosidl_typesupport_c/slam_msgs/srv/get_map__type_support.cpp.o\x1b[0m\n'}
[4.578993] (slam_msgs) StdoutLine: {'line': b'[ 34%] \x1b[32mBuilding CXX object CMakeFiles/slam_msgs__rosidl_typesupport_cpp.dir/rosidl_typesupport_cpp/slam_msgs/srv/get_global_point_cloud__type_support.cpp.o\x1b[0m\n'}
[4.591144] (slam_msgs) StdoutLine: {'line': b'[ 35%] \x1b[32mBuilding CXX object CMakeFiles/slam_msgs__rosidl_typesupport_c.dir/rosidl_typesupport_c/slam_msgs/srv/get_landmarks_in_view__type_support.cpp.o\x1b[0m\n'}
[4.606160] (slam_msgs) StdoutLine: {'line': b'[ 36%] \x1b[32mBuilding CXX object CMakeFiles/slam_msgs__rosidl_typesupport_c.dir/rosidl_typesupport_c/slam_msgs/srv/get_all_landmarks_in_map__type_support.cpp.o\x1b[0m\n'}
[4.613381] (-) TimerEvent: {}
[4.640597] (slam_msgs) StdoutLine: {'line': b'[ 37%] \x1b[32mBuilding CXX object CMakeFiles/slam_msgs__rosidl_typesupport_c.dir/rosidl_typesupport_c/slam_msgs/srv/get_global_point_cloud__type_support.cpp.o\x1b[0m\n'}
[4.666030] (slam_msgs) StdoutLine: {'line': b'[ 40%] \x1b[32mBuilding CXX object CMakeFiles/slam_msgs__rosidl_typesupport_fastrtps_cpp.dir/rosidl_typesupport_fastrtps_cpp/slam_msgs/msg/detail/dds_fastrtps/key_frame__type_support.cpp.o\x1b[0m\n'}
[4.666835] (slam_msgs) StdoutLine: {'line': b'[ 41%] \x1b[32mBuilding CXX object CMakeFiles/slam_msgs__rosidl_typesupport_fastrtps_cpp.dir/rosidl_typesupport_fastrtps_cpp/slam_msgs/msg/detail/dds_fastrtps/map_point__type_support.cpp.o\x1b[0m\n'}
[4.667833] (slam_msgs) StdoutLine: {'line': b'[ 41%] \x1b[32mBuilding CXX object CMakeFiles/slam_msgs__rosidl_typesupport_fastrtps_cpp.dir/rosidl_typesupport_fastrtps_cpp/slam_msgs/msg/detail/dds_fastrtps/map_graph__type_support.cpp.o\x1b[0m\n'}
[4.669015] (slam_msgs) StdoutLine: {'line': b'[ 42%] \x1b[32mBuilding CXX object CMakeFiles/slam_msgs__rosidl_typesupport_fastrtps_cpp.dir/rosidl_typesupport_fastrtps_cpp/slam_msgs/msg/detail/dds_fastrtps/map_data__type_support.cpp.o\x1b[0m\n'}
[4.670229] (slam_msgs) StdoutLine: {'line': b'[ 43%] \x1b[32mBuilding CXX object CMakeFiles/slam_msgs__rosidl_typesupport_fastrtps_cpp.dir/rosidl_typesupport_fastrtps_cpp/slam_msgs/srv/detail/dds_fastrtps/get_map__type_support.cpp.o\x1b[0m\n'}
[4.673557] (slam_msgs) StdoutLine: {'line': b'[ 45%] \x1b[32mBuilding CXX object CMakeFiles/slam_msgs__rosidl_typesupport_introspection_cpp.dir/rosidl_typesupport_introspection_cpp/slam_msgs/msg/detail/map_graph__type_support.cpp.o\x1b[0m\n'}
[4.673837] (slam_msgs) StdoutLine: {'line': b'[ 45%] \x1b[32mBuilding CXX object CMakeFiles/slam_msgs__rosidl_typesupport_fastrtps_cpp.dir/rosidl_typesupport_fastrtps_cpp/slam_msgs/srv/detail/dds_fastrtps/get_landmarks_in_view__type_support.cpp.o\x1b[0m\n'}
[4.673954] (slam_msgs) StdoutLine: {'line': b'[ 47%] \x1b[32mBuilding CXX object CMakeFiles/slam_msgs__rosidl_typesupport_fastrtps_cpp.dir/rosidl_typesupport_fastrtps_cpp/slam_msgs/srv/detail/dds_fastrtps/get_all_landmarks_in_map__type_support.cpp.o\x1b[0m\n'}
[4.694899] (slam_msgs) StdoutLine: {'line': b'[ 48%] \x1b[32m\x1b[1mLinking CXX shared library libslam_msgs__rosidl_typesupport_c.so\x1b[0m\n'}
[4.706852] (slam_msgs) StdoutLine: {'line': b'[ 49%] \x1b[32mBuilding C object CMakeFiles/slam_msgs__rosidl_typesupport_introspection_c.dir/rosidl_typesupport_introspection_c/slam_msgs/msg/detail/map_graph__type_support.c.o\x1b[0m\n'}
[4.717334] (-) TimerEvent: {}
[4.773080] (slam_msgs) StdoutLine: {'line': b'[ 49%] Built target slam_msgs__rosidl_typesupport_c\n'}
[4.788689] (slam_msgs) StdoutLine: {'line': b'[ 50%] \x1b[32mBuilding CXX object CMakeFiles/slam_msgs__rosidl_typesupport_fastrtps_cpp.dir/rosidl_typesupport_fastrtps_cpp/slam_msgs/srv/detail/dds_fastrtps/get_global_point_cloud__type_support.cpp.o\x1b[0m\n'}
[4.804746] (slam_msgs) StdoutLine: {'line': b'[ 51%] \x1b[32mBuilding C object CMakeFiles/slam_msgs__rosidl_typesupport_introspection_c.dir/rosidl_typesupport_introspection_c/slam_msgs/msg/detail/map_data__type_support.c.o\x1b[0m\n'}
[4.821083] (-) TimerEvent: {}
[4.888143] (slam_msgs) StdoutLine: {'line': b'[ 52%] \x1b[32mBuilding C object CMakeFiles/slam_msgs__rosidl_typesupport_introspection_c.dir/rosidl_typesupport_introspection_c/slam_msgs/msg/detail/key_frame__type_support.c.o\x1b[0m\n'}
[4.921183] (-) TimerEvent: {}
[5.014804] (slam_msgs) StdoutLine: {'line': b'[ 54%] \x1b[32mBuilding C object CMakeFiles/slam_msgs__rosidl_typesupport_introspection_c.dir/rosidl_typesupport_introspection_c/slam_msgs/msg/detail/map_point__type_support.c.o\x1b[0m\n'}
[5.021292] (-) TimerEvent: {}
[5.027915] (slam_msgs) StdoutLine: {'line': b'[ 55%] \x1b[32m\x1b[1mLinking CXX shared library libslam_msgs__rosidl_typesupport_cpp.so\x1b[0m\n'}
[5.107991] (slam_msgs) StdoutLine: {'line': b'[ 56%] \x1b[32mBuilding C object CMakeFiles/slam_msgs__rosidl_typesupport_introspection_c.dir/rosidl_typesupport_introspection_c/slam_msgs/srv/detail/get_map__type_support.c.o\x1b[0m\n'}
[5.121410] (-) TimerEvent: {}
[5.124943] (slam_msgs) StdoutLine: {'line': b'[ 56%] Built target slam_msgs__rosidl_typesupport_cpp\n'}
[5.157110] (slam_msgs) StdoutLine: {'line': b'[ 57%] \x1b[32mBuilding C object CMakeFiles/slam_msgs__rosidl_typesupport_introspection_c.dir/rosidl_typesupport_introspection_c/slam_msgs/srv/detail/get_landmarks_in_view__type_support.c.o\x1b[0m\n'}
[5.213257] (slam_msgs) StdoutLine: {'line': b'[ 58%] \x1b[32mBuilding CXX object CMakeFiles/slam_msgs__rosidl_typesupport_introspection_cpp.dir/rosidl_typesupport_introspection_cpp/slam_msgs/msg/detail/map_data__type_support.cpp.o\x1b[0m\n'}
[5.221527] (-) TimerEvent: {}
[5.222529] (slam_msgs) StdoutLine: {'line': b'[ 59%] \x1b[32mBuilding C object CMakeFiles/slam_msgs__rosidl_typesupport_introspection_c.dir/rosidl_typesupport_introspection_c/slam_msgs/srv/detail/get_all_landmarks_in_map__type_support.c.o\x1b[0m\n'}
[5.301234] (slam_msgs) StdoutLine: {'line': b'[ 60%] \x1b[32mBuilding C object CMakeFiles/slam_msgs__rosidl_typesupport_introspection_c.dir/rosidl_typesupport_introspection_c/slam_msgs/srv/detail/get_global_point_cloud__type_support.c.o\x1b[0m\n'}
[5.308589] (slam_msgs) StdoutLine: {'line': b'[ 62%] \x1b[32mBuilding CXX object CMakeFiles/slam_msgs__rosidl_typesupport_fastrtps_c.dir/rosidl_typesupport_fastrtps_c/slam_msgs/msg/detail/map_graph__type_support_c.cpp.o\x1b[0m\n'}
[5.321640] (-) TimerEvent: {}
[5.388914] (slam_msgs) StdoutLine: {'line': b'[ 63%] \x1b[32m\x1b[1mLinking C shared library libslam_msgs__rosidl_typesupport_introspection_c.so\x1b[0m\n'}
[5.421750] (-) TimerEvent: {}
[5.489900] (slam_msgs) StdoutLine: {'line': b'[ 64%] \x1b[32mBuilding CXX object CMakeFiles/slam_msgs__rosidl_typesupport_introspection_cpp.dir/rosidl_typesupport_introspection_cpp/slam_msgs/msg/detail/key_frame__type_support.cpp.o\x1b[0m\n'}
[5.492585] (slam_msgs) StdoutLine: {'line': b'[ 64%] Built target slam_msgs__rosidl_typesupport_introspection_c\n'}
[5.497437] (slam_msgs) StdoutLine: {'line': b'[ 65%] \x1b[32mBuilding CXX object CMakeFiles/slam_msgs__rosidl_typesupport_introspection_cpp.dir/rosidl_typesupport_introspection_cpp/slam_msgs/msg/detail/map_point__type_support.cpp.o\x1b[0m\n'}
[5.509104] (slam_msgs) StdoutLine: {'line': b'[ 66%] \x1b[32mBuilding CXX object CMakeFiles/slam_msgs__rosidl_typesupport_fastrtps_c.dir/rosidl_typesupport_fastrtps_c/slam_msgs/msg/detail/map_data__type_support_c.cpp.o\x1b[0m\n'}
[5.521861] (-) TimerEvent: {}
[5.523527] (slam_msgs) StdoutLine: {'line': b'[ 67%] \x1b[32mBuilding CXX object CMakeFiles/slam_msgs__rosidl_typesupport_fastrtps_c.dir/rosidl_typesupport_fastrtps_c/slam_msgs/msg/detail/key_frame__type_support_c.cpp.o\x1b[0m\n'}
[5.547112] (slam_msgs) StdoutLine: {'line': b'[ 68%] \x1b[32mBuilding CXX object CMakeFiles/slam_msgs__rosidl_typesupport_introspection_cpp.dir/rosidl_typesupport_introspection_cpp/slam_msgs/srv/detail/get_map__type_support.cpp.o\x1b[0m\n'}
[5.550096] (slam_msgs) StdoutLine: {'line': b'[ 70%] \x1b[32mBuilding CXX object CMakeFiles/slam_msgs__rosidl_typesupport_fastrtps_c.dir/rosidl_typesupport_fastrtps_c/slam_msgs/msg/detail/map_point__type_support_c.cpp.o\x1b[0m\n'}
[5.581002] (slam_msgs) StdoutLine: {'line': b'[ 71%] \x1b[32mBuilding CXX object CMakeFiles/slam_msgs__rosidl_typesupport_fastrtps_c.dir/rosidl_typesupport_fastrtps_c/slam_msgs/srv/detail/get_map__type_support_c.cpp.o\x1b[0m\n'}
[5.585540] (slam_msgs) StdoutLine: {'line': b'[ 72%] \x1b[32mBuilding CXX object CMakeFiles/slam_msgs__rosidl_typesupport_introspection_cpp.dir/rosidl_typesupport_introspection_cpp/slam_msgs/srv/detail/get_landmarks_in_view__type_support.cpp.o\x1b[0m\n'}
[5.621963] (-) TimerEvent: {}
[5.623297] (slam_msgs) StdoutLine: {'line': b'[ 73%] \x1b[32mBuilding CXX object CMakeFiles/slam_msgs__rosidl_typesupport_fastrtps_c.dir/rosidl_typesupport_fastrtps_c/slam_msgs/srv/detail/get_landmarks_in_view__type_support_c.cpp.o\x1b[0m\n'}
[5.705536] (slam_msgs) StdoutLine: {'line': b'[ 74%] \x1b[32m\x1b[1mLinking CXX shared library libslam_msgs__rosidl_typesupport_fastrtps_cpp.so\x1b[0m\n'}
[5.722083] (-) TimerEvent: {}
[5.822806] (-) TimerEvent: {}
[5.930097] (-) TimerEvent: {}
[5.956930] (slam_msgs) StdoutLine: {'line': b'[ 74%] Built target slam_msgs__rosidl_typesupport_fastrtps_cpp\n'}
[5.974609] (slam_msgs) StdoutLine: {'line': b'[ 75%] \x1b[32mBuilding CXX object CMakeFiles/slam_msgs__rosidl_typesupport_fastrtps_c.dir/rosidl_typesupport_fastrtps_c/slam_msgs/srv/detail/get_all_landmarks_in_map__type_support_c.cpp.o\x1b[0m\n'}
[5.998217] (slam_msgs) StdoutLine: {'line': b'[ 77%] \x1b[32mBuilding CXX object CMakeFiles/slam_msgs__rosidl_typesupport_introspection_cpp.dir/rosidl_typesupport_introspection_cpp/slam_msgs/srv/detail/get_all_landmarks_in_map__type_support.cpp.o\x1b[0m\n'}
[6.030206] (-) TimerEvent: {}
[6.130734] (-) TimerEvent: {}
[6.159279] (slam_msgs) StdoutLine: {'line': b'[ 78%] \x1b[32mBuilding CXX object CMakeFiles/slam_msgs__rosidl_typesupport_introspection_cpp.dir/rosidl_typesupport_introspection_cpp/slam_msgs/srv/detail/get_global_point_cloud__type_support.cpp.o\x1b[0m\n'}
[6.176527] (slam_msgs) StdoutLine: {'line': b'[ 79%] \x1b[32mBuilding CXX object CMakeFiles/slam_msgs__rosidl_typesupport_fastrtps_c.dir/rosidl_typesupport_fastrtps_c/slam_msgs/srv/detail/get_global_point_cloud__type_support_c.cpp.o\x1b[0m\n'}
[6.230987] (-) TimerEvent: {}
[6.331615] (-) TimerEvent: {}
[6.431847] (-) TimerEvent: {}
[6.532082] (-) TimerEvent: {}
[6.561513] (slam_msgs) StdoutLine: {'line': b'[ 80%] \x1b[32m\x1b[1mLinking CXX shared library libslam_msgs__rosidl_typesupport_fastrtps_c.so\x1b[0m\n'}
[6.626644] (slam_msgs) StdoutLine: {'line': b'[ 81%] \x1b[32m\x1b[1mLinking CXX shared library libslam_msgs__rosidl_typesupport_introspection_cpp.so\x1b[0m\n'}
[6.632228] (-) TimerEvent: {}
[6.648795] (slam_msgs) StdoutLine: {'line': b'[ 81%] Built target slam_msgs__rosidl_typesupport_fastrtps_c\n'}
[6.723570] (slam_msgs) StdoutLine: {'line': b'[ 81%] Built target slam_msgs__rosidl_typesupport_introspection_cpp\n'}
[6.732329] (-) TimerEvent: {}
[6.743831] (slam_msgs) StdoutLine: {'line': b'[ 81%] Built target slam_msgs\n'}
[6.764389] (slam_msgs) StdoutLine: {'line': b'[ 82%] \x1b[34m\x1b[1mGenerating Python code for ROS interfaces\x1b[0m\n'}
[6.832413] (-) TimerEvent: {}
[6.932632] (-) TimerEvent: {}
[7.032856] (-) TimerEvent: {}
[7.133084] (-) TimerEvent: {}
[7.233321] (-) TimerEvent: {}
[7.333537] (-) TimerEvent: {}
[7.433764] (-) TimerEvent: {}
[7.534021] (-) TimerEvent: {}
[7.634239] (-) TimerEvent: {}
[7.734457] (-) TimerEvent: {}
[7.834676] (-) TimerEvent: {}
[7.934893] (-) TimerEvent: {}
[8.035062] (-) TimerEvent: {}
[8.135273] (-) TimerEvent: {}
[8.235492] (-) TimerEvent: {}
[8.277839] (slam_msgs) StdoutLine: {'line': b'[ 82%] Built target slam_msgs__py\n'}
[8.297908] (slam_msgs) StdoutLine: {'line': b'[ 83%] \x1b[32mBuilding C object CMakeFiles/slam_msgs__rosidl_generator_py.dir/rosidl_generator_py/slam_msgs/msg/_map_data_s.c.o\x1b[0m\n'}
[8.299464] (slam_msgs) StdoutLine: {'line': b'[ 85%] \x1b[32mBuilding C object CMakeFiles/slam_msgs__rosidl_generator_py.dir/rosidl_generator_py/slam_msgs/srv/_get_map_s.c.o\x1b[0m\n'}
[8.299693] (slam_msgs) StdoutLine: {'line': b'[ 86%] \x1b[32mBuilding C object CMakeFiles/slam_msgs__rosidl_generator_py.dir/rosidl_generator_py/slam_msgs/msg/_map_graph_s.c.o\x1b[0m\n'}
[8.299953] (slam_msgs) StdoutLine: {'line': b'[ 88%] \x1b[32mBuilding C object CMakeFiles/slam_msgs__rosidl_generator_py.dir/rosidl_generator_py/slam_msgs/msg/_key_frame_s.c.o\x1b[0m\n'}
[8.300112] (slam_msgs) StdoutLine: {'line': b'[ 88%] \x1b[32mBuilding C object CMakeFiles/slam_msgs__rosidl_generator_py.dir/rosidl_generator_py/slam_msgs/msg/_map_point_s.c.o\x1b[0m\n'}
[8.300760] (slam_msgs) StdoutLine: {'line': b'[ 89%] \x1b[32mBuilding C object CMakeFiles/slam_msgs__rosidl_generator_py.dir/rosidl_generator_py/slam_msgs/srv/_get_landmarks_in_view_s.c.o\x1b[0m\n'}
[8.301067] (slam_msgs) StdoutLine: {'line': b'[ 90%] \x1b[32mBuilding C object CMakeFiles/slam_msgs__rosidl_generator_py.dir/rosidl_generator_py/slam_msgs/srv/_get_all_landmarks_in_map_s.c.o\x1b[0m\n'}
[8.301310] (slam_msgs) StdoutLine: {'line': b'[ 91%] \x1b[32mBuilding C object CMakeFiles/slam_msgs__rosidl_generator_py.dir/rosidl_generator_py/slam_msgs/srv/_get_global_point_cloud_s.c.o\x1b[0m\n'}
[8.335589] (-) TimerEvent: {}
[8.435835] (-) TimerEvent: {}
[8.474937] (slam_msgs) StdoutLine: {'line': b'[ 93%] \x1b[32m\x1b[1mLinking C shared library rosidl_generator_py/slam_msgs/libslam_msgs__rosidl_generator_py.so\x1b[0m\n'}
[8.519188] (slam_msgs) StdoutLine: {'line': b'[ 93%] Built target slam_msgs__rosidl_generator_py\n'}
[8.535928] (-) TimerEvent: {}
[8.537583] (slam_msgs) StdoutLine: {'line': b'[ 96%] \x1b[32mBuilding C object CMakeFiles/slam_msgs__rosidl_typesupport_fastrtps_c__pyext.dir/rosidl_generator_py/slam_msgs/_slam_msgs_s.ep.rosidl_typesupport_fastrtps_c.c.o\x1b[0m\n'}
[8.537785] (slam_msgs) StdoutLine: {'line': b'[ 96%] \x1b[32mBuilding C object CMakeFiles/slam_msgs__rosidl_typesupport_c__pyext.dir/rosidl_generator_py/slam_msgs/_slam_msgs_s.ep.rosidl_typesupport_c.c.o\x1b[0m\n'}
[8.537906] (slam_msgs) StdoutLine: {'line': b'[ 96%] \x1b[32mBuilding C object CMakeFiles/slam_msgs__rosidl_typesupport_introspection_c__pyext.dir/rosidl_generator_py/slam_msgs/_slam_msgs_s.ep.rosidl_typesupport_introspection_c.c.o\x1b[0m\n'}
[8.636019] (-) TimerEvent: {}
[8.674060] (slam_msgs) StdoutLine: {'line': b'[100%] \x1b[32m\x1b[1mLinking C shared library rosidl_generator_py/slam_msgs/slam_msgs_s__rosidl_typesupport_fastrtps_c.cpython-310-x86_64-linux-gnu.so\x1b[0m\n'}
[8.674279] (slam_msgs) StdoutLine: {'line': b'[100%] \x1b[32m\x1b[1mLinking C shared library rosidl_generator_py/slam_msgs/slam_msgs_s__rosidl_typesupport_c.cpython-310-x86_64-linux-gnu.so\x1b[0m\n'}
[8.674389] (slam_msgs) StdoutLine: {'line': b'[100%] \x1b[32m\x1b[1mLinking C shared library rosidl_generator_py/slam_msgs/slam_msgs_s__rosidl_typesupport_introspection_c.cpython-310-x86_64-linux-gnu.so\x1b[0m\n'}
[8.715770] (slam_msgs) StdoutLine: {'line': b'[100%] Built target slam_msgs__rosidl_typesupport_introspection_c__pyext\n'}
[8.715977] (slam_msgs) StdoutLine: {'line': b'[100%] Built target slam_msgs__rosidl_typesupport_fastrtps_c__pyext\n'}
[8.716098] (slam_msgs) StdoutLine: {'line': b'[100%] Built target slam_msgs__rosidl_typesupport_c__pyext\n'}
[8.728951] (slam_msgs) CommandEnded: {'returncode': 0}
[8.736083] (-) TimerEvent: {}
[8.836345] (-) TimerEvent: {}
[8.883125] (slam_msgs) JobProgress: {'identifier': 'slam_msgs', 'progress': 'install'}
[8.891249] (slam_msgs) Command: {'cmd': ['/usr/bin/cmake', '--install', '/root/build/slam_msgs'], 'cwd': '/root/build/slam_msgs', 'env': OrderedDict([('HOSTNAME', 'LP-Boston-11364'), ('SHLVL', '1'), ('LD_LIBRARY_PATH', '/root/colcon_ws/install/slam_msgs/lib:/opt/ros/humble/opt/rviz_ogre_vendor/lib:/opt/ros/humble/lib/x86_64-linux-gnu:/opt/ros/humble/lib'), ('HOME', '/root'), ('OLDPWD', '/'), ('ROS_PYTHON_VERSION', '3'), ('COLCON_PREFIX_PATH', '/root/colcon_ws/install'), ('ROS_DISTRO', 'humble'), ('_', '/usr/bin/colcon'), ('ROS_VERSION', '2'), ('SCOUT_NAMESPACE', 'scout_2'), ('TERM', 'xterm'), ('ROS_LOCALHOST_ONLY', '1'), ('PATH', '/opt/ros/humble/bin:/usr/local/sbin:/usr/local/bin:/usr/sbin:/usr/bin:/sbin:/bin'), ('XDG_RUNTIME_DIR', '/tmp/runtime-root'), ('DISPLAY', ':1'), ('LANG', 'C.UTF-8'), ('LS_COLORS', 'rs=0:di=01;34:ln=01;36:mh=00:pi=40;33:so=01;35:do=01;35:bd=40;33;01:cd=40;33;01:or=40;31;01:mi=00:su=37;41:sg=30;43:ca=30;41:tw=30;42:ow=34;42:st=37;44:ex=01;32:*.tar=01;31:*.tgz=01;31:*.arc=01;31:*.arj=01;31:*.taz=01;31:*.lha=01;31:*.lz4=01;31:*.lzh=01;31:*.lzma=01;31:*.tlz=01;31:*.txz=01;31:*.tzo=01;31:*.t7z=01;31:*.zip=01;31:*.z=01;31:*.dz=01;31:*.gz=01;31:*.lrz=01;31:*.lz=01;31:*.lzo=01;31:*.xz=01;31:*.zst=01;31:*.tzst=01;31:*.bz2=01;31:*.bz=01;31:*.tbz=01;31:*.tbz2=01;31:*.tz=01;31:*.deb=01;31:*.rpm=01;31:*.jar=01;31:*.war=01;31:*.ear=01;31:*.sar=01;31:*.rar=01;31:*.alz=01;31:*.ace=01;31:*.zoo=01;31:*.cpio=01;31:*.7z=01;31:*.rz=01;31:*.cab=01;31:*.wim=01;31:*.swm=01;31:*.dwm=01;31:*.esd=01;31:*.jpg=01;35:*.jpeg=01;35:*.mjpg=01;35:*.mjpeg=01;35:*.gif=01;35:*.bmp=01;35:*.pbm=01;35:*.pgm=01;35:*.ppm=01;35:*.tga=01;35:*.xbm=01;35:*.xpm=01;35:*.tif=01;35:*.tiff=01;35:*.png=01;35:*.svg=01;35:*.svgz=01;35:*.mng=01;35:*.pcx=01;35:*.mov=01;35:*.mpg=01;35:*.mpeg=01;35:*.m2v=01;35:*.mkv=01;35:*.webm=01;35:*.webp=01;35:*.ogm=01;35:*.mp4=01;35:*.m4v=01;35:*.mp4v=01;35:*.vob=01;35:*.qt=01;35:*.nuv=01;35:*.wmv=01;35:*.asf=01;35:*.rm=01;35:*.rmvb=01;35:*.flc=01;35:*.avi=01;35:*.fli=01;35:*.flv=01;35:*.gl=01;35:*.dl=01;35:*.xcf=01;35:*.xwd=01;35:*.yuv=01;35:*.cgm=01;35:*.emf=01;35:*.ogv=01;35:*.ogx=01;35:*.aac=00;36:*.au=00;36:*.flac=00;36:*.m4a=00;36:*.mid=00;36:*.midi=00;36:*.mka=00;36:*.mp3=00;36:*.mpc=00;36:*.ogg=00;36:*.ra=00;36:*.wav=00;36:*.oga=00;36:*.opus=00;36:*.spx=00;36:*.xspf=00;36:'), ('ROS_DOMAIN_ID', '55'), ('AMENT_PREFIX_PATH', '/root/colcon_ws/install/orb_slam3_ros2_wrapper:/root/colcon_ws/install/orb_slam3_map_generator:/root/colcon_ws/install/slam_msgs:/root/colcon_ws/install/orb_slam3_navigator:/opt/ros/humble'), ('PWD', '/root/build/slam_msgs'), ('LC_ALL', 'C.UTF-8'), ('RCUTILS_COLORIZED_OUTPUT', '1'), ('PYTHONPATH', '/root/colcon_ws/install/slam_msgs/local/lib/python3.10/dist-packages:/root/colcon_ws/build/orb_slam3_navigator:/root/colcon_ws/install/orb_slam3_navigator/lib/python3.10/site-packages:/opt/ros/humble/lib/python3.10/site-packages:/opt/ros/humble/local/lib/python3.10/dist-packages'), ('COLCON', '1'), ('CMAKE_PREFIX_PATH', '/root/colcon_ws/install/orb_slam3_ros2_wrapper:/root/colcon_ws/install/orb_slam3_map_generator:/root/colcon_ws/install/slam_msgs:/root/colcon_ws/install/orb_slam3_navigator:/opt/ros/humble')]), 'shell': False}
[8.899588] (slam_msgs) StdoutLine: {'line': b'-- Install configuration: ""\n'}
[8.900192] (slam_msgs) StdoutLine: {'line': b'-- Execute custom install script\n'}
[8.900514] (slam_msgs) StdoutLine: {'line': b'-- Symlinking: /root/install/slam_msgs/share/ament_index/resource_index/rosidl_interfaces/slam_msgs\n'}
[8.910110] (slam_msgs) StdoutLine: {'line': b'-- Symlinking: /root/install/slam_msgs/include/slam_msgs/slam_msgs/msg/detail/key_frame__functions.h\n'}
[8.917651] (slam_msgs) StdoutLine: {'line': b'-- Symlinking: /root/install/slam_msgs/include/slam_msgs/slam_msgs/msg/detail/key_frame__struct.h\n'}
[8.925286] (slam_msgs) StdoutLine: {'line': b'-- Symlinking: /root/install/slam_msgs/include/slam_msgs/slam_msgs/msg/detail/key_frame__type_support.h\n'}
[8.933071] (slam_msgs) StdoutLine: {'line': b'-- Symlinking: /root/install/slam_msgs/include/slam_msgs/slam_msgs/msg/detail/map_data__functions.h\n'}
[8.936416] (-) TimerEvent: {}
[8.940408] (slam_msgs) StdoutLine: {'line': b'-- Symlinking: /root/install/slam_msgs/include/slam_msgs/slam_msgs/msg/detail/map_data__struct.h\n'}
[8.948919] (slam_msgs) StdoutLine: {'line': b'-- Symlinking: /root/install/slam_msgs/include/slam_msgs/slam_msgs/msg/detail/map_data__type_support.h\n'}
[8.959331] (slam_msgs) StdoutLine: {'line': b'-- Symlinking: /root/install/slam_msgs/include/slam_msgs/slam_msgs/msg/detail/map_graph__functions.h\n'}
[8.968862] (slam_msgs) StdoutLine: {'line': b'-- Symlinking: /root/install/slam_msgs/include/slam_msgs/slam_msgs/msg/detail/map_graph__struct.h\n'}
[8.979478] (slam_msgs) StdoutLine: {'line': b'-- Symlinking: /root/install/slam_msgs/include/slam_msgs/slam_msgs/msg/detail/map_graph__type_support.h\n'}
[8.988387] (slam_msgs) StdoutLine: {'line': b'-- Symlinking: /root/install/slam_msgs/include/slam_msgs/slam_msgs/msg/detail/map_point__functions.h\n'}
[8.998350] (slam_msgs) StdoutLine: {'line': b'-- Symlinking: /root/install/slam_msgs/include/slam_msgs/slam_msgs/msg/detail/map_point__struct.h\n'}
[9.007868] (slam_msgs) StdoutLine: {'line': b'-- Symlinking: /root/install/slam_msgs/include/slam_msgs/slam_msgs/msg/detail/map_point__type_support.h\n'}
[9.017854] (slam_msgs) StdoutLine: {'line': b'-- Symlinking: /root/install/slam_msgs/include/slam_msgs/slam_msgs/msg/key_frame.h\n'}
[9.028406] (slam_msgs) StdoutLine: {'line': b'-- Symlinking: /root/install/slam_msgs/include/slam_msgs/slam_msgs/msg/map_data.h\n'}
[9.036528] (-) TimerEvent: {}
[9.037963] (slam_msgs) StdoutLine: {'line': b'-- Symlinking: /root/install/slam_msgs/include/slam_msgs/slam_msgs/msg/map_graph.h\n'}
[9.046692] (slam_msgs) StdoutLine: {'line': b'-- Symlinking: /root/install/slam_msgs/include/slam_msgs/slam_msgs/msg/map_point.h\n'}
[9.053991] (slam_msgs) StdoutLine: {'line': b'-- Symlinking: /root/install/slam_msgs/include/slam_msgs/slam_msgs/msg/rosidl_generator_c__visibility_control.h\n'}
[9.061737] (slam_msgs) StdoutLine: {'line': b'-- Symlinking: /root/install/slam_msgs/include/slam_msgs/slam_msgs/srv/detail/get_all_landmarks_in_map__functions.h\n'}
[9.069567] (slam_msgs) StdoutLine: {'line': b'-- Symlinking: /root/install/slam_msgs/include/slam_msgs/slam_msgs/srv/detail/get_all_landmarks_in_map__struct.h\n'}
[9.076941] (slam_msgs) StdoutLine: {'line': b'-- Symlinking: /root/install/slam_msgs/include/slam_msgs/slam_msgs/srv/detail/get_all_landmarks_in_map__type_support.h\n'}
[9.084638] (slam_msgs) StdoutLine: {'line': b'-- Symlinking: /root/install/slam_msgs/include/slam_msgs/slam_msgs/srv/detail/get_global_point_cloud__functions.h\n'}
[9.092403] (slam_msgs) StdoutLine: {'line': b'-- Symlinking: /root/install/slam_msgs/include/slam_msgs/slam_msgs/srv/detail/get_global_point_cloud__struct.h\n'}
[9.100361] (slam_msgs) StdoutLine: {'line': b'-- Symlinking: /root/install/slam_msgs/include/slam_msgs/slam_msgs/srv/detail/get_global_point_cloud__type_support.h\n'}
[9.108290] (slam_msgs) StdoutLine: {'line': b'-- Symlinking: /root/install/slam_msgs/include/slam_msgs/slam_msgs/srv/detail/get_landmarks_in_view__functions.h\n'}
[9.116102] (slam_msgs) StdoutLine: {'line': b'-- Symlinking: /root/install/slam_msgs/include/slam_msgs/slam_msgs/srv/detail/get_landmarks_in_view__struct.h\n'}
[9.124448] (slam_msgs) StdoutLine: {'line': b'-- Symlinking: /root/install/slam_msgs/include/slam_msgs/slam_msgs/srv/detail/get_landmarks_in_view__type_support.h\n'}
[9.132253] (slam_msgs) StdoutLine: {'line': b'-- Symlinking: /root/install/slam_msgs/include/slam_msgs/slam_msgs/srv/detail/get_map__functions.h\n'}
[9.136601] (-) TimerEvent: {}
[9.139833] (slam_msgs) StdoutLine: {'line': b'-- Symlinking: /root/install/slam_msgs/include/slam_msgs/slam_msgs/srv/detail/get_map__struct.h\n'}
[9.147689] (slam_msgs) StdoutLine: {'line': b'-- Symlinking: /root/install/slam_msgs/include/slam_msgs/slam_msgs/srv/detail/get_map__type_support.h\n'}
[9.154946] (slam_msgs) StdoutLine: {'line': b'-- Symlinking: /root/install/slam_msgs/include/slam_msgs/slam_msgs/srv/get_all_landmarks_in_map.h\n'}
[9.163386] (slam_msgs) StdoutLine: {'line': b'-- Symlinking: /root/install/slam_msgs/include/slam_msgs/slam_msgs/srv/get_global_point_cloud.h\n'}
[9.170958] (slam_msgs) StdoutLine: {'line': b'-- Symlinking: /root/install/slam_msgs/include/slam_msgs/slam_msgs/srv/get_landmarks_in_view.h\n'}
[9.179162] (slam_msgs) StdoutLine: {'line': b'-- Symlinking: /root/install/slam_msgs/include/slam_msgs/slam_msgs/srv/get_map.h\n'}
[9.186757] (slam_msgs) StdoutLine: {'line': b'-- Symlinking: /root/install/slam_msgs/share/slam_msgs/environment/library_path.sh\n'}
[9.195220] (slam_msgs) StdoutLine: {'line': b'-- Symlinking: /root/install/slam_msgs/share/slam_msgs/environment/library_path.dsv\n'}
[9.202701] (slam_msgs) StdoutLine: {'line': b'-- Symlinking: /root/install/slam_msgs/include/slam_msgs/slam_msgs/msg/detail/key_frame__rosidl_typesupport_fastrtps_c.h\n'}
[9.211297] (slam_msgs) StdoutLine: {'line': b'-- Symlinking: /root/install/slam_msgs/include/slam_msgs/slam_msgs/msg/detail/map_data__rosidl_typesupport_fastrtps_c.h\n'}
[9.218391] (slam_msgs) StdoutLine: {'line': b'-- Symlinking: /root/install/slam_msgs/include/slam_msgs/slam_msgs/msg/detail/map_graph__rosidl_typesupport_fastrtps_c.h\n'}
[9.226293] (slam_msgs) StdoutLine: {'line': b'-- Symlinking: /root/install/slam_msgs/include/slam_msgs/slam_msgs/msg/detail/map_point__rosidl_typesupport_fastrtps_c.h\n'}
[9.234006] (slam_msgs) StdoutLine: {'line': b'-- Symlinking: /root/install/slam_msgs/include/slam_msgs/slam_msgs/msg/rosidl_typesupport_fastrtps_c__visibility_control.h\n'}
[9.236658] (-) TimerEvent: {}
[9.241664] (slam_msgs) StdoutLine: {'line': b'-- Symlinking: /root/install/slam_msgs/include/slam_msgs/slam_msgs/srv/detail/get_all_landmarks_in_map__rosidl_typesupport_fastrtps_c.h\n'}
[9.249622] (slam_msgs) StdoutLine: {'line': b'-- Symlinking: /root/install/slam_msgs/include/slam_msgs/slam_msgs/srv/detail/get_global_point_cloud__rosidl_typesupport_fastrtps_c.h\n'}
[9.257487] (slam_msgs) StdoutLine: {'line': b'-- Symlinking: /root/install/slam_msgs/include/slam_msgs/slam_msgs/srv/detail/get_landmarks_in_view__rosidl_typesupport_fastrtps_c.h\n'}
[9.265663] (slam_msgs) StdoutLine: {'line': b'-- Symlinking: /root/install/slam_msgs/include/slam_msgs/slam_msgs/srv/detail/get_map__rosidl_typesupport_fastrtps_c.h\n'}
[9.274842] (slam_msgs) StdoutLine: {'line': b'-- Symlinking: /root/install/slam_msgs/include/slam_msgs/slam_msgs/msg/detail/key_frame__builder.hpp\n'}
[9.283001] (slam_msgs) StdoutLine: {'line': b'-- Symlinking: /root/install/slam_msgs/include/slam_msgs/slam_msgs/msg/detail/key_frame__struct.hpp\n'}
[9.291125] (slam_msgs) StdoutLine: {'line': b'-- Symlinking: /root/install/slam_msgs/include/slam_msgs/slam_msgs/msg/detail/key_frame__traits.hpp\n'}
[9.299531] (slam_msgs) StdoutLine: {'line': b'-- Symlinking: /root/install/slam_msgs/include/slam_msgs/slam_msgs/msg/detail/map_data__builder.hpp\n'}
[9.307210] (slam_msgs) StdoutLine: {'line': b'-- Symlinking: /root/install/slam_msgs/include/slam_msgs/slam_msgs/msg/detail/map_data__struct.hpp\n'}
[9.314885] (slam_msgs) StdoutLine: {'line': b'-- Symlinking: /root/install/slam_msgs/include/slam_msgs/slam_msgs/msg/detail/map_data__traits.hpp\n'}
[9.322310] (slam_msgs) StdoutLine: {'line': b'-- Symlinking: /root/install/slam_msgs/include/slam_msgs/slam_msgs/msg/detail/map_graph__builder.hpp\n'}
[9.330584] (slam_msgs) StdoutLine: {'line': b'-- Symlinking: /root/install/slam_msgs/include/slam_msgs/slam_msgs/msg/detail/map_graph__struct.hpp\n'}
[9.336740] (-) TimerEvent: {}
[9.337986] (slam_msgs) StdoutLine: {'line': b'-- Symlinking: /root/install/slam_msgs/include/slam_msgs/slam_msgs/msg/detail/map_graph__traits.hpp\n'}
[9.345975] (slam_msgs) StdoutLine: {'line': b'-- Symlinking: /root/install/slam_msgs/include/slam_msgs/slam_msgs/msg/detail/map_point__builder.hpp\n'}
[9.353050] (slam_msgs) StdoutLine: {'line': b'-- Symlinking: /root/install/slam_msgs/include/slam_msgs/slam_msgs/msg/detail/map_point__struct.hpp\n'}
[9.361199] (slam_msgs) StdoutLine: {'line': b'-- Symlinking: /root/install/slam_msgs/include/slam_msgs/slam_msgs/msg/detail/map_point__traits.hpp\n'}
[9.373553] (slam_msgs) StdoutLine: {'line': b'-- Symlinking: /root/install/slam_msgs/include/slam_msgs/slam_msgs/msg/key_frame.hpp\n'}
[9.386594] (slam_msgs) StdoutLine: {'line': b'-- Symlinking: /root/install/slam_msgs/include/slam_msgs/slam_msgs/msg/map_data.hpp\n'}
[9.396240] (slam_msgs) StdoutLine: {'line': b'-- Symlinking: /root/install/slam_msgs/include/slam_msgs/slam_msgs/msg/map_graph.hpp\n'}
[9.405084] (slam_msgs) StdoutLine: {'line': b'-- Symlinking: /root/install/slam_msgs/include/slam_msgs/slam_msgs/msg/map_point.hpp\n'}
[9.413945] (slam_msgs) StdoutLine: {'line': b'-- Symlinking: /root/install/slam_msgs/include/slam_msgs/slam_msgs/srv/detail/get_all_landmarks_in_map__builder.hpp\n'}
[9.422035] (slam_msgs) StdoutLine: {'line': b'-- Symlinking: /root/install/slam_msgs/include/slam_msgs/slam_msgs/srv/detail/get_all_landmarks_in_map__struct.hpp\n'}
[9.430746] (slam_msgs) StdoutLine: {'line': b'-- Symlinking: /root/install/slam_msgs/include/slam_msgs/slam_msgs/srv/detail/get_all_landmarks_in_map__traits.hpp\n'}
[9.436845] (-) TimerEvent: {}
[9.438257] (slam_msgs) StdoutLine: {'line': b'-- Symlinking: /root/install/slam_msgs/include/slam_msgs/slam_msgs/srv/detail/get_global_point_cloud__builder.hpp\n'}
[9.446702] (slam_msgs) StdoutLine: {'line': b'-- Symlinking: /root/install/slam_msgs/include/slam_msgs/slam_msgs/srv/detail/get_global_point_cloud__struct.hpp\n'}
[9.454001] (slam_msgs) StdoutLine: {'line': b'-- Symlinking: /root/install/slam_msgs/include/slam_msgs/slam_msgs/srv/detail/get_global_point_cloud__traits.hpp\n'}
[9.462121] (slam_msgs) StdoutLine: {'line': b'-- Symlinking: /root/install/slam_msgs/include/slam_msgs/slam_msgs/srv/detail/get_landmarks_in_view__builder.hpp\n'}
[9.469541] (slam_msgs) StdoutLine: {'line': b'-- Symlinking: /root/install/slam_msgs/include/slam_msgs/slam_msgs/srv/detail/get_landmarks_in_view__struct.hpp\n'}
[9.477016] (slam_msgs) StdoutLine: {'line': b'-- Symlinking: /root/install/slam_msgs/include/slam_msgs/slam_msgs/srv/detail/get_landmarks_in_view__traits.hpp\n'}
[9.485049] (slam_msgs) StdoutLine: {'line': b'-- Symlinking: /root/install/slam_msgs/include/slam_msgs/slam_msgs/srv/detail/get_map__builder.hpp\n'}
[9.492977] (slam_msgs) StdoutLine: {'line': b'-- Symlinking: /root/install/slam_msgs/include/slam_msgs/slam_msgs/srv/detail/get_map__struct.hpp\n'}
[9.501339] (slam_msgs) StdoutLine: {'line': b'-- Symlinking: /root/install/slam_msgs/include/slam_msgs/slam_msgs/srv/detail/get_map__traits.hpp\n'}
[9.508780] (slam_msgs) StdoutLine: {'line': b'-- Symlinking: /root/install/slam_msgs/include/slam_msgs/slam_msgs/srv/get_all_landmarks_in_map.hpp\n'}
[9.516604] (slam_msgs) StdoutLine: {'line': b'-- Symlinking: /root/install/slam_msgs/include/slam_msgs/slam_msgs/srv/get_global_point_cloud.hpp\n'}
[9.524243] (slam_msgs) StdoutLine: {'line': b'-- Symlinking: /root/install/slam_msgs/include/slam_msgs/slam_msgs/srv/get_landmarks_in_view.hpp\n'}
[9.533796] (slam_msgs) StdoutLine: {'line': b'-- Symlinking: /root/install/slam_msgs/include/slam_msgs/slam_msgs/srv/get_map.hpp\n'}
[9.536918] (-) TimerEvent: {}
[9.542977] (slam_msgs) StdoutLine: {'line': b'-- Symlinking: /root/install/slam_msgs/include/slam_msgs/slam_msgs/msg/detail/key_frame__rosidl_typesupport_fastrtps_cpp.hpp\n'}
[9.551011] (slam_msgs) StdoutLine: {'line': b'-- Symlinking: /root/install/slam_msgs/include/slam_msgs/slam_msgs/msg/detail/map_data__rosidl_typesupport_fastrtps_cpp.hpp\n'}
[9.558852] (slam_msgs) StdoutLine: {'line': b'-- Symlinking: /root/install/slam_msgs/include/slam_msgs/slam_msgs/msg/detail/map_graph__rosidl_typesupport_fastrtps_cpp.hpp\n'}
[9.567529] (slam_msgs) StdoutLine: {'line': b'-- Symlinking: /root/install/slam_msgs/include/slam_msgs/slam_msgs/msg/detail/map_point__rosidl_typesupport_fastrtps_cpp.hpp\n'}
[9.576821] (slam_msgs) StdoutLine: {'line': b'-- Symlinking: /root/install/slam_msgs/include/slam_msgs/slam_msgs/msg/rosidl_typesupport_fastrtps_cpp__visibility_control.h\n'}
[9.584950] (slam_msgs) StdoutLine: {'line': b'-- Symlinking: /root/install/slam_msgs/include/slam_msgs/slam_msgs/srv/detail/get_all_landmarks_in_map__rosidl_typesupport_fastrtps_cpp.hpp\n'}
[9.592360] (slam_msgs) StdoutLine: {'line': b'-- Symlinking: /root/install/slam_msgs/include/slam_msgs/slam_msgs/srv/detail/get_global_point_cloud__rosidl_typesupport_fastrtps_cpp.hpp\n'}
[9.599875] (slam_msgs) StdoutLine: {'line': b'-- Symlinking: /root/install/slam_msgs/include/slam_msgs/slam_msgs/srv/detail/get_landmarks_in_view__rosidl_typesupport_fastrtps_cpp.hpp\n'}
[9.607616] (slam_msgs) StdoutLine: {'line': b'-- Symlinking: /root/install/slam_msgs/include/slam_msgs/slam_msgs/srv/detail/get_map__rosidl_typesupport_fastrtps_cpp.hpp\n'}
[9.616459] (slam_msgs) StdoutLine: {'line': b'-- Symlinking: /root/install/slam_msgs/include/slam_msgs/slam_msgs/msg/detail/key_frame__rosidl_typesupport_introspection_c.h\n'}
[9.624460] (slam_msgs) StdoutLine: {'line': b'-- Symlinking: /root/install/slam_msgs/include/slam_msgs/slam_msgs/msg/detail/map_data__rosidl_typesupport_introspection_c.h\n'}
[9.633126] (slam_msgs) StdoutLine: {'line': b'-- Symlinking: /root/install/slam_msgs/include/slam_msgs/slam_msgs/msg/detail/map_graph__rosidl_typesupport_introspection_c.h\n'}
[9.636994] (-) TimerEvent: {}
[9.640811] (slam_msgs) StdoutLine: {'line': b'-- Symlinking: /root/install/slam_msgs/include/slam_msgs/slam_msgs/msg/detail/map_point__rosidl_typesupport_introspection_c.h\n'}
[9.649279] (slam_msgs) StdoutLine: {'line': b'-- Symlinking: /root/install/slam_msgs/include/slam_msgs/slam_msgs/msg/rosidl_typesupport_introspection_c__visibility_control.h\n'}
[9.661410] (slam_msgs) StdoutLine: {'line': b'-- Symlinking: /root/install/slam_msgs/include/slam_msgs/slam_msgs/srv/detail/get_all_landmarks_in_map__rosidl_typesupport_introspection_c.h\n'}
[9.671468] (slam_msgs) StdoutLine: {'line': b'-- Symlinking: /root/install/slam_msgs/include/slam_msgs/slam_msgs/srv/detail/get_global_point_cloud__rosidl_typesupport_introspection_c.h\n'}
[9.679704] (slam_msgs) StdoutLine: {'line': b'-- Symlinking: /root/install/slam_msgs/include/slam_msgs/slam_msgs/srv/detail/get_landmarks_in_view__rosidl_typesupport_introspection_c.h\n'}
[9.688581] (slam_msgs) StdoutLine: {'line': b'-- Symlinking: /root/install/slam_msgs/include/slam_msgs/slam_msgs/srv/detail/get_map__rosidl_typesupport_introspection_c.h\n'}
[9.698247] (slam_msgs) StdoutLine: {'line': b'-- Symlinking: /root/install/slam_msgs/include/slam_msgs/slam_msgs/msg/detail/key_frame__rosidl_typesupport_introspection_cpp.hpp\n'}
[9.706140] (slam_msgs) StdoutLine: {'line': b'-- Symlinking: /root/install/slam_msgs/include/slam_msgs/slam_msgs/msg/detail/map_data__rosidl_typesupport_introspection_cpp.hpp\n'}
[9.714425] (slam_msgs) StdoutLine: {'line': b'-- Symlinking: /root/install/slam_msgs/include/slam_msgs/slam_msgs/msg/detail/map_graph__rosidl_typesupport_introspection_cpp.hpp\n'}
[9.721605] (slam_msgs) StdoutLine: {'line': b'-- Symlinking: /root/install/slam_msgs/include/slam_msgs/slam_msgs/msg/detail/map_point__rosidl_typesupport_introspection_cpp.hpp\n'}
[9.730069] (slam_msgs) StdoutLine: {'line': b'-- Symlinking: /root/install/slam_msgs/include/slam_msgs/slam_msgs/srv/detail/get_all_landmarks_in_map__rosidl_typesupport_introspection_cpp.hpp\n'}
[9.737075] (-) TimerEvent: {}
[9.737992] (slam_msgs) StdoutLine: {'line': b'-- Symlinking: /root/install/slam_msgs/include/slam_msgs/slam_msgs/srv/detail/get_global_point_cloud__rosidl_typesupport_introspection_cpp.hpp\n'}
[9.748364] (slam_msgs) StdoutLine: {'line': b'-- Symlinking: /root/install/slam_msgs/include/slam_msgs/slam_msgs/srv/detail/get_landmarks_in_view__rosidl_typesupport_introspection_cpp.hpp\n'}
[9.758827] (slam_msgs) StdoutLine: {'line': b'-- Symlinking: /root/install/slam_msgs/include/slam_msgs/slam_msgs/srv/detail/get_map__rosidl_typesupport_introspection_cpp.hpp\n'}
[9.767516] (slam_msgs) StdoutLine: {'line': b'-- Symlinking: /root/install/slam_msgs/share/slam_msgs/environment/pythonpath.sh\n'}
[9.775343] (slam_msgs) StdoutLine: {'line': b'-- Symlinking: /root/install/slam_msgs/share/slam_msgs/environment/pythonpath.dsv\n'}
[9.783596] (slam_msgs) StdoutLine: {'line': b'-- Symlinking: /root/install/slam_msgs/local/lib/python3.10/dist-packages/slam_msgs-1.0.0-py3.10.egg-info/PKG-INFO\n'}
[9.791754] (slam_msgs) StdoutLine: {'line': b'-- Symlinking: /root/install/slam_msgs/local/lib/python3.10/dist-packages/slam_msgs-1.0.0-py3.10.egg-info/SOURCES.txt\n'}
[9.799807] (slam_msgs) StdoutLine: {'line': b'-- Symlinking: /root/install/slam_msgs/local/lib/python3.10/dist-packages/slam_msgs-1.0.0-py3.10.egg-info/dependency_links.txt\n'}
[9.807232] (slam_msgs) StdoutLine: {'line': b'-- Symlinking: /root/install/slam_msgs/local/lib/python3.10/dist-packages/slam_msgs-1.0.0-py3.10.egg-info/top_level.txt\n'}
[9.816488] (slam_msgs) StdoutLine: {'line': b'-- Symlinking: /root/install/slam_msgs/local/lib/python3.10/dist-packages/slam_msgs/__init__.py\n'}
[9.823993] (slam_msgs) StdoutLine: {'line': b'-- Symlinking: /root/install/slam_msgs/local/lib/python3.10/dist-packages/slam_msgs/_slam_msgs_s.ep.rosidl_typesupport_c.c\n'}
[9.831775] (slam_msgs) StdoutLine: {'line': b'-- Symlinking: /root/install/slam_msgs/local/lib/python3.10/dist-packages/slam_msgs/_slam_msgs_s.ep.rosidl_typesupport_fastrtps_c.c\n'}
[9.837157] (-) TimerEvent: {}
[9.839347] (slam_msgs) StdoutLine: {'line': b'-- Symlinking: /root/install/slam_msgs/local/lib/python3.10/dist-packages/slam_msgs/_slam_msgs_s.ep.rosidl_typesupport_introspection_c.c\n'}
[9.847329] (slam_msgs) StdoutLine: {'line': b'-- Symlinking: /root/install/slam_msgs/local/lib/python3.10/dist-packages/slam_msgs/libslam_msgs__rosidl_generator_py.so\n'}
[9.854674] (slam_msgs) StdoutLine: {'line': b'-- Symlinking: /root/install/slam_msgs/local/lib/python3.10/dist-packages/slam_msgs/msg/__init__.py\n'}
[9.862826] (slam_msgs) StdoutLine: {'line': b'-- Symlinking: /root/install/slam_msgs/local/lib/python3.10/dist-packages/slam_msgs/msg/_key_frame.py\n'}
[9.870623] (slam_msgs) StdoutLine: {'line': b'-- Symlinking: /root/install/slam_msgs/local/lib/python3.10/dist-packages/slam_msgs/msg/_key_frame_s.c\n'}
[9.879210] (slam_msgs) StdoutLine: {'line': b'-- Symlinking: /root/install/slam_msgs/local/lib/python3.10/dist-packages/slam_msgs/msg/_map_data.py\n'}
[9.886791] (slam_msgs) StdoutLine: {'line': b'-- Symlinking: /root/install/slam_msgs/local/lib/python3.10/dist-packages/slam_msgs/msg/_map_data_s.c\n'}
[9.895325] (slam_msgs) StdoutLine: {'line': b'-- Symlinking: /root/install/slam_msgs/local/lib/python3.10/dist-packages/slam_msgs/msg/_map_graph.py\n'}
[9.902682] (slam_msgs) StdoutLine: {'line': b'-- Symlinking: /root/install/slam_msgs/local/lib/python3.10/dist-packages/slam_msgs/msg/_map_graph_s.c\n'}
[9.910685] (slam_msgs) StdoutLine: {'line': b'-- Symlinking: /root/install/slam_msgs/local/lib/python3.10/dist-packages/slam_msgs/msg/_map_point.py\n'}
[9.918014] (slam_msgs) StdoutLine: {'line': b'-- Symlinking: /root/install/slam_msgs/local/lib/python3.10/dist-packages/slam_msgs/msg/_map_point_s.c\n'}
[9.926541] (slam_msgs) StdoutLine: {'line': b'-- Symlinking: /root/install/slam_msgs/local/lib/python3.10/dist-packages/slam_msgs/slam_msgs_s__rosidl_typesupport_c.cpython-310-x86_64-linux-gnu.so\n'}
[9.934034] (slam_msgs) StdoutLine: {'line': b'-- Symlinking: /root/install/slam_msgs/local/lib/python3.10/dist-packages/slam_msgs/slam_msgs_s__rosidl_typesupport_fastrtps_c.cpython-310-x86_64-linux-gnu.so\n'}
[9.937228] (-) TimerEvent: {}
[9.941811] (slam_msgs) StdoutLine: {'line': b'-- Symlinking: /root/install/slam_msgs/local/lib/python3.10/dist-packages/slam_msgs/slam_msgs_s__rosidl_typesupport_introspection_c.cpython-310-x86_64-linux-gnu.so\n'}
[9.949215] (slam_msgs) StdoutLine: {'line': b'-- Symlinking: /root/install/slam_msgs/local/lib/python3.10/dist-packages/slam_msgs/srv/__init__.py\n'}
[9.956783] (slam_msgs) StdoutLine: {'line': b'-- Symlinking: /root/install/slam_msgs/local/lib/python3.10/dist-packages/slam_msgs/srv/_get_all_landmarks_in_map.py\n'}
[9.964524] (slam_msgs) StdoutLine: {'line': b'-- Symlinking: /root/install/slam_msgs/local/lib/python3.10/dist-packages/slam_msgs/srv/_get_all_landmarks_in_map_s.c\n'}
[9.971708] (slam_msgs) StdoutLine: {'line': b'-- Symlinking: /root/install/slam_msgs/local/lib/python3.10/dist-packages/slam_msgs/srv/_get_global_point_cloud.py\n'}
[9.979848] (slam_msgs) StdoutLine: {'line': b'-- Symlinking: /root/install/slam_msgs/local/lib/python3.10/dist-packages/slam_msgs/srv/_get_global_point_cloud_s.c\n'}
[9.987366] (slam_msgs) StdoutLine: {'line': b'-- Symlinking: /root/install/slam_msgs/local/lib/python3.10/dist-packages/slam_msgs/srv/_get_landmarks_in_view.py\n'}
[9.995537] (slam_msgs) StdoutLine: {'line': b'-- Symlinking: /root/install/slam_msgs/local/lib/python3.10/dist-packages/slam_msgs/srv/_get_landmarks_in_view_s.c\n'}
[10.003356] (slam_msgs) StdoutLine: {'line': b'-- Symlinking: /root/install/slam_msgs/local/lib/python3.10/dist-packages/slam_msgs/srv/_get_map.py\n'}
[10.011640] (slam_msgs) StdoutLine: {'line': b'-- Symlinking: /root/install/slam_msgs/local/lib/python3.10/dist-packages/slam_msgs/srv/_get_map_s.c\n'}
[10.019598] (slam_msgs) StdoutLine: {'line': b'-- Up-to-date symlink: /root/install/slam_msgs/local/lib/python3.10/dist-packages/slam_msgs/slam_msgs_s__rosidl_typesupport_fastrtps_c.cpython-310-x86_64-linux-gnu.so\n'}
[10.019890] (slam_msgs) StdoutLine: {'line': b'-- Up-to-date symlink: /root/install/slam_msgs/local/lib/python3.10/dist-packages/slam_msgs/slam_msgs_s__rosidl_typesupport_introspection_c.cpython-310-x86_64-linux-gnu.so\n'}
[10.020340] (slam_msgs) StdoutLine: {'line': b'-- Up-to-date symlink: /root/install/slam_msgs/local/lib/python3.10/dist-packages/slam_msgs/slam_msgs_s__rosidl_typesupport_c.cpython-310-x86_64-linux-gnu.so\n'}
[10.020525] (slam_msgs) StdoutLine: {'line': b'-- Symlinking: /root/install/slam_msgs/share/slam_msgs/msg/MapGraph.idl\n'}
[10.028923] (slam_msgs) StdoutLine: {'line': b'-- Symlinking: /root/install/slam_msgs/share/slam_msgs/msg/MapData.idl\n'}
[10.037126] (slam_msgs) StdoutLine: {'line': b'-- Symlinking: /root/install/slam_msgs/share/slam_msgs/msg/KeyFrame.idl\n'}
[10.037268] (-) TimerEvent: {}
[10.045148] (slam_msgs) StdoutLine: {'line': b'-- Symlinking: /root/install/slam_msgs/share/slam_msgs/msg/MapPoint.idl\n'}
[10.053570] (slam_msgs) StdoutLine: {'line': b'-- Symlinking: /root/install/slam_msgs/share/slam_msgs/srv/GetMap.idl\n'}
[10.061933] (slam_msgs) StdoutLine: {'line': b'-- Symlinking: /root/install/slam_msgs/share/slam_msgs/srv/GetLandmarksInView.idl\n'}
[10.070634] (slam_msgs) StdoutLine: {'line': b'-- Symlinking: /root/install/slam_msgs/share/slam_msgs/srv/GetAllLandmarksInMap.idl\n'}
[10.079965] (slam_msgs) StdoutLine: {'line': b'-- Symlinking: /root/install/slam_msgs/share/slam_msgs/srv/GetGlobalPointCloud.idl\n'}
[10.088074] (slam_msgs) StdoutLine: {'line': b'-- Symlinking: /root/install/slam_msgs/share/slam_msgs/msg/MapGraph.msg\n'}
[10.097403] (slam_msgs) StdoutLine: {'line': b'-- Symlinking: /root/install/slam_msgs/share/slam_msgs/msg/MapData.msg\n'}
[10.105473] (slam_msgs) StdoutLine: {'line': b'-- Symlinking: /root/install/slam_msgs/share/slam_msgs/msg/KeyFrame.msg\n'}
[10.114007] (slam_msgs) StdoutLine: {'line': b'-- Symlinking: /root/install/slam_msgs/share/slam_msgs/msg/MapPoint.msg\n'}
[10.122143] (slam_msgs) StdoutLine: {'line': b'-- Symlinking: /root/install/slam_msgs/share/slam_msgs/srv/GetMap.srv\n'}
[10.130736] (slam_msgs) StdoutLine: {'line': b'-- Symlinking: /root/install/slam_msgs/share/slam_msgs/srv/GetMap_Request.msg\n'}
[10.137367] (-) TimerEvent: {}
[10.138242] (slam_msgs) StdoutLine: {'line': b'-- Symlinking: /root/install/slam_msgs/share/slam_msgs/srv/GetMap_Response.msg\n'}
[10.146805] (slam_msgs) StdoutLine: {'line': b'-- Symlinking: /root/install/slam_msgs/share/slam_msgs/srv/GetLandmarksInView.srv\n'}
[10.154330] (slam_msgs) StdoutLine: {'line': b'-- Symlinking: /root/install/slam_msgs/share/slam_msgs/srv/GetLandmarksInView_Request.msg\n'}
[10.162663] (slam_msgs) StdoutLine: {'line': b'-- Symlinking: /root/install/slam_msgs/share/slam_msgs/srv/GetLandmarksInView_Response.msg\n'}
[10.170370] (slam_msgs) StdoutLine: {'line': b'-- Symlinking: /root/install/slam_msgs/share/slam_msgs/srv/GetAllLandmarksInMap.srv\n'}
[10.178543] (slam_msgs) StdoutLine: {'line': b'-- Symlinking: /root/install/slam_msgs/share/slam_msgs/srv/GetAllLandmarksInMap_Request.msg\n'}
[10.186621] (slam_msgs) StdoutLine: {'line': b'-- Symlinking: /root/install/slam_msgs/share/slam_msgs/srv/GetAllLandmarksInMap_Response.msg\n'}
[10.195283] (slam_msgs) StdoutLine: {'line': b'-- Symlinking: /root/install/slam_msgs/share/slam_msgs/srv/GetGlobalPointCloud.srv\n'}
[10.202889] (slam_msgs) StdoutLine: {'line': b'-- Symlinking: /root/install/slam_msgs/share/slam_msgs/srv/GetGlobalPointCloud_Request.msg\n'}
[10.211051] (slam_msgs) StdoutLine: {'line': b'-- Symlinking: /root/install/slam_msgs/share/slam_msgs/srv/GetGlobalPointCloud_Response.msg\n'}
[10.218977] (slam_msgs) StdoutLine: {'line': b'-- Symlinking: /root/install/slam_msgs/share/ament_index/resource_index/package_run_dependencies/slam_msgs\n'}
[10.226641] (slam_msgs) StdoutLine: {'line': b'-- Symlinking: /root/install/slam_msgs/share/ament_index/resource_index/parent_prefix_path/slam_msgs\n'}
[10.234273] (slam_msgs) StdoutLine: {'line': b'-- Symlinking: /root/install/slam_msgs/share/slam_msgs/environment/ament_prefix_path.sh\n'}
[10.237442] (-) TimerEvent: {}
[10.241752] (slam_msgs) StdoutLine: {'line': b'-- Symlinking: /root/install/slam_msgs/share/slam_msgs/environment/ament_prefix_path.dsv\n'}
[10.249717] (slam_msgs) StdoutLine: {'line': b'-- Symlinking: /root/install/slam_msgs/share/slam_msgs/environment/path.sh\n'}
[10.256804] (slam_msgs) StdoutLine: {'line': b'-- Symlinking: /root/install/slam_msgs/share/slam_msgs/environment/path.dsv\n'}
[10.264847] (slam_msgs) StdoutLine: {'line': b'-- Symlinking: /root/install/slam_msgs/share/slam_msgs/local_setup.bash\n'}
[10.272433] (slam_msgs) StdoutLine: {'line': b'-- Symlinking: /root/install/slam_msgs/share/slam_msgs/local_setup.sh\n'}
[10.280569] (slam_msgs) StdoutLine: {'line': b'-- Symlinking: /root/install/slam_msgs/share/slam_msgs/local_setup.zsh\n'}
[10.288909] (slam_msgs) StdoutLine: {'line': b'-- Symlinking: /root/install/slam_msgs/share/slam_msgs/local_setup.dsv\n'}
[10.297671] (slam_msgs) StdoutLine: {'line': b'-- Symlinking: /root/install/slam_msgs/share/slam_msgs/package.dsv\n'}
[10.305130] (slam_msgs) StdoutLine: {'line': b'-- Symlinking: /root/install/slam_msgs/share/ament_index/resource_index/packages/slam_msgs\n'}
[10.313897] (slam_msgs) StdoutLine: {'line': b'-- Symlinking: /root/install/slam_msgs/share/slam_msgs/cmake/rosidl_cmake-extras.cmake\n'}
[10.321511] (slam_msgs) StdoutLine: {'line': b'-- Symlinking: /root/install/slam_msgs/share/slam_msgs/cmake/ament_cmake_export_dependencies-extras.cmake\n'}
[10.329780] (slam_msgs) StdoutLine: {'line': b'-- Symlinking: /root/install/slam_msgs/share/slam_msgs/cmake/ament_cmake_export_include_directories-extras.cmake\n'}
[10.337287] (slam_msgs) StdoutLine: {'line': b'-- Symlinking: /root/install/slam_msgs/share/slam_msgs/cmake/ament_cmake_export_libraries-extras.cmake\n'}
[10.337505] (-) TimerEvent: {}
[10.345531] (slam_msgs) StdoutLine: {'line': b'-- Symlinking: /root/install/slam_msgs/share/slam_msgs/cmake/ament_cmake_export_targets-extras.cmake\n'}
[10.352818] (slam_msgs) StdoutLine: {'line': b'-- Symlinking: /root/install/slam_msgs/share/slam_msgs/cmake/rosidl_cmake_export_typesupport_targets-extras.cmake\n'}
[10.361075] (slam_msgs) StdoutLine: {'line': b'-- Symlinking: /root/install/slam_msgs/share/slam_msgs/cmake/rosidl_cmake_export_typesupport_libraries-extras.cmake\n'}
[10.368565] (slam_msgs) StdoutLine: {'line': b'-- Symlinking: /root/install/slam_msgs/share/slam_msgs/cmake/slam_msgsConfig.cmake\n'}
[10.376980] (slam_msgs) StdoutLine: {'line': b'-- Symlinking: /root/install/slam_msgs/share/slam_msgs/cmake/slam_msgsConfig-version.cmake\n'}
[10.384807] (slam_msgs) StdoutLine: {'line': b'-- Symlinking: /root/install/slam_msgs/share/slam_msgs/package.xml\n'}
[10.393717] (slam_msgs) StdoutLine: {'line': b'-- Installing: /root/install/slam_msgs/lib/libslam_msgs__rosidl_generator_c.so\n'}
[10.394360] (slam_msgs) StdoutLine: {'line': b'-- Set runtime path of "/root/install/slam_msgs/lib/libslam_msgs__rosidl_generator_c.so" to ""\n'}
[10.394459] (slam_msgs) StdoutLine: {'line': b'-- Installing: /root/install/slam_msgs/lib/libslam_msgs__rosidl_typesupport_fastrtps_c.so\n'}
[10.395005] (slam_msgs) StdoutLine: {'line': b'-- Set runtime path of "/root/install/slam_msgs/lib/libslam_msgs__rosidl_typesupport_fastrtps_c.so" to ""\n'}
[10.395141] (slam_msgs) StdoutLine: {'line': b'-- Installing: /root/install/slam_msgs/lib/libslam_msgs__rosidl_typesupport_fastrtps_cpp.so\n'}
[10.395956] (slam_msgs) StdoutLine: {'line': b'-- Set runtime path of "/root/install/slam_msgs/lib/libslam_msgs__rosidl_typesupport_fastrtps_cpp.so" to ""\n'}
[10.396046] (slam_msgs) StdoutLine: {'line': b'-- Installing: /root/install/slam_msgs/lib/libslam_msgs__rosidl_typesupport_introspection_c.so\n'}
[10.396654] (slam_msgs) StdoutLine: {'line': b'-- Set runtime path of "/root/install/slam_msgs/lib/libslam_msgs__rosidl_typesupport_introspection_c.so" to ""\n'}
[10.396747] (slam_msgs) StdoutLine: {'line': b'-- Installing: /root/install/slam_msgs/lib/libslam_msgs__rosidl_typesupport_c.so\n'}
[10.397184] (slam_msgs) StdoutLine: {'line': b'-- Set runtime path of "/root/install/slam_msgs/lib/libslam_msgs__rosidl_typesupport_c.so" to ""\n'}
[10.397264] (slam_msgs) StdoutLine: {'line': b'-- Installing: /root/install/slam_msgs/lib/libslam_msgs__rosidl_typesupport_introspection_cpp.so\n'}
[10.397849] (slam_msgs) StdoutLine: {'line': b'-- Set runtime path of "/root/install/slam_msgs/lib/libslam_msgs__rosidl_typesupport_introspection_cpp.so" to ""\n'}
[10.397933] (slam_msgs) StdoutLine: {'line': b'-- Installing: /root/install/slam_msgs/lib/libslam_msgs__rosidl_typesupport_cpp.so\n'}
[10.398321] (slam_msgs) StdoutLine: {'line': b'-- Set runtime path of "/root/install/slam_msgs/lib/libslam_msgs__rosidl_typesupport_cpp.so" to ""\n'}
[10.437595] (-) TimerEvent: {}
[10.448710] (slam_msgs) StdoutLine: {'line': b"Listing '/root/install/slam_msgs/local/lib/python3.10/dist-packages/slam_msgs'...\n"}
[10.448853] (slam_msgs) StdoutLine: {'line': b"Compiling '/root/install/slam_msgs/local/lib/python3.10/dist-packages/slam_msgs/__init__.py'...\n"}
[10.448921] (slam_msgs) StdoutLine: {'line': b"Listing '/root/install/slam_msgs/local/lib/python3.10/dist-packages/slam_msgs/msg'...\n"}
[10.448981] (slam_msgs) StdoutLine: {'line': b"Compiling '/root/install/slam_msgs/local/lib/python3.10/dist-packages/slam_msgs/msg/__init__.py'...\n"}
[10.449060] (slam_msgs) StdoutLine: {'line': b"Compiling '/root/install/slam_msgs/local/lib/python3.10/dist-packages/slam_msgs/msg/_key_frame.py'...\n"}
[10.449122] (slam_msgs) StdoutLine: {'line': b"Compiling '/root/install/slam_msgs/local/lib/python3.10/dist-packages/slam_msgs/msg/_map_data.py'...\n"}
[10.449178] (slam_msgs) StdoutLine: {'line': b"Compiling '/root/install/slam_msgs/local/lib/python3.10/dist-packages/slam_msgs/msg/_map_graph.py'...\n"}
[10.449231] (slam_msgs) StdoutLine: {'line': b"Compiling '/root/install/slam_msgs/local/lib/python3.10/dist-packages/slam_msgs/msg/_map_point.py'...\n"}
[10.449285] (slam_msgs) StdoutLine: {'line': b"Listing '/root/install/slam_msgs/local/lib/python3.10/dist-packages/slam_msgs/srv'...\n"}
[10.449338] (slam_msgs) StdoutLine: {'line': b"Compiling '/root/install/slam_msgs/local/lib/python3.10/dist-packages/slam_msgs/srv/__init__.py'...\n"}
[10.449392] (slam_msgs) StdoutLine: {'line': b"Compiling '/root/install/slam_msgs/local/lib/python3.10/dist-packages/slam_msgs/srv/_get_all_landmarks_in_map.py'...\n"}
[10.449446] (slam_msgs) StdoutLine: {'line': b"Compiling '/root/install/slam_msgs/local/lib/python3.10/dist-packages/slam_msgs/srv/_get_global_point_cloud.py'...\n"}
[10.449499] (slam_msgs) StdoutLine: {'line': b"Compiling '/root/install/slam_msgs/local/lib/python3.10/dist-packages/slam_msgs/srv/_get_landmarks_in_view.py'...\n"}
[10.449552] (slam_msgs) StdoutLine: {'line': b"Compiling '/root/install/slam_msgs/local/lib/python3.10/dist-packages/slam_msgs/srv/_get_map.py'...\n"}
[10.452767] (slam_msgs) StdoutLine: {'line': b'-- Installing: /root/install/slam_msgs/lib/libslam_msgs__rosidl_generator_py.so\n'}
[10.453249] (slam_msgs) StdoutLine: {'line': b'-- Set runtime path of "/root/install/slam_msgs/lib/libslam_msgs__rosidl_generator_py.so" to ""\n'}
[10.453376] (slam_msgs) StdoutLine: {'line': b'-- Installing: /root/install/slam_msgs/share/slam_msgs/cmake/export_slam_msgs__rosidl_generator_cExport.cmake\n'}
[10.453496] (slam_msgs) StdoutLine: {'line': b'-- Installing: /root/install/slam_msgs/share/slam_msgs/cmake/export_slam_msgs__rosidl_generator_cExport-noconfig.cmake\n'}
[10.453591] (slam_msgs) StdoutLine: {'line': b'-- Installing: /root/install/slam_msgs/share/slam_msgs/cmake/export_slam_msgs__rosidl_typesupport_fastrtps_cExport.cmake\n'}
[10.453709] (slam_msgs) StdoutLine: {'line': b'-- Installing: /root/install/slam_msgs/share/slam_msgs/cmake/export_slam_msgs__rosidl_typesupport_fastrtps_cExport-noconfig.cmake\n'}
[10.453867] (slam_msgs) StdoutLine: {'line': b'-- Installing: /root/install/slam_msgs/share/slam_msgs/cmake/export_slam_msgs__rosidl_generator_cppExport.cmake\n'}
[10.454008] (slam_msgs) StdoutLine: {'line': b'-- Installing: /root/install/slam_msgs/share/slam_msgs/cmake/export_slam_msgs__rosidl_typesupport_fastrtps_cppExport.cmake\n'}
[10.454196] (slam_msgs) StdoutLine: {'line': b'-- Installing: /root/install/slam_msgs/share/slam_msgs/cmake/export_slam_msgs__rosidl_typesupport_fastrtps_cppExport-noconfig.cmake\n'}
[10.454323] (slam_msgs) StdoutLine: {'line': b'-- Installing: /root/install/slam_msgs/share/slam_msgs/cmake/slam_msgs__rosidl_typesupport_introspection_cExport.cmake\n'}
[10.454429] (slam_msgs) StdoutLine: {'line': b'-- Installing: /root/install/slam_msgs/share/slam_msgs/cmake/slam_msgs__rosidl_typesupport_introspection_cExport-noconfig.cmake\n'}
[10.454571] (slam_msgs) StdoutLine: {'line': b'-- Installing: /root/install/slam_msgs/share/slam_msgs/cmake/slam_msgs__rosidl_typesupport_cExport.cmake\n'}
[10.454700] (slam_msgs) StdoutLine: {'line': b'-- Installing: /root/install/slam_msgs/share/slam_msgs/cmake/slam_msgs__rosidl_typesupport_cExport-noconfig.cmake\n'}
[10.454844] (slam_msgs) StdoutLine: {'line': b'-- Installing: /root/install/slam_msgs/share/slam_msgs/cmake/slam_msgs__rosidl_typesupport_introspection_cppExport.cmake\n'}
[10.454977] (slam_msgs) StdoutLine: {'line': b'-- Installing: /root/install/slam_msgs/share/slam_msgs/cmake/slam_msgs__rosidl_typesupport_introspection_cppExport-noconfig.cmake\n'}
[10.455131] (slam_msgs) StdoutLine: {'line': b'-- Installing: /root/install/slam_msgs/share/slam_msgs/cmake/slam_msgs__rosidl_typesupport_cppExport.cmake\n'}
[10.455279] (slam_msgs) StdoutLine: {'line': b'-- Installing: /root/install/slam_msgs/share/slam_msgs/cmake/slam_msgs__rosidl_typesupport_cppExport-noconfig.cmake\n'}
[10.455414] (slam_msgs) StdoutLine: {'line': b'-- Installing: /root/install/slam_msgs/share/slam_msgs/cmake/export_slam_msgs__rosidl_generator_pyExport.cmake\n'}
[10.455539] (slam_msgs) StdoutLine: {'line': b'-- Installing: /root/install/slam_msgs/share/slam_msgs/cmake/export_slam_msgs__rosidl_generator_pyExport-noconfig.cmake\n'}
[10.457438] (slam_msgs) CommandEnded: {'returncode': 0}
[10.537680] (-) TimerEvent: {}
[10.634863] (slam_msgs) JobEnded: {'identifier': 'slam_msgs', 'rc': 0}
[10.635812] (orb_slam3_map_generator) JobStarted: {'identifier': 'orb_slam3_map_generator'}
[10.637746] (-) TimerEvent: {}
[10.638873] (orb_slam3_ros2_wrapper) JobStarted: {'identifier': 'orb_slam3_ros2_wrapper'}
[10.643438] (orb_slam3_map_generator) JobProgress: {'identifier': 'orb_slam3_map_generator', 'progress': 'cmake'}
[10.643608] (orb_slam3_map_generator) Command: {'cmd': ['/usr/bin/cmake', '/root/colcon_ws/src/orb_slam3_map_generator', '-DAMENT_CMAKE_SYMLINK_INSTALL=1', '-DCMAKE_INSTALL_PREFIX=/root/install/orb_slam3_map_generator'], 'cwd': '/root/build/orb_slam3_map_generator', 'env': OrderedDict([('HOSTNAME', 'LP-Boston-11364'), ('SHLVL', '1'), ('LD_LIBRARY_PATH', '/root/install/slam_msgs/lib:/root/colcon_ws/install/slam_msgs/lib:/opt/ros/humble/opt/rviz_ogre_vendor/lib:/opt/ros/humble/lib/x86_64-linux-gnu:/opt/ros/humble/lib'), ('HOME', '/root'), ('OLDPWD', '/'), ('ROS_PYTHON_VERSION', '3'), ('COLCON_PREFIX_PATH', '/root/colcon_ws/install'), ('ROS_DISTRO', 'humble'), ('_', '/usr/bin/colcon'), ('ROS_VERSION', '2'), ('SCOUT_NAMESPACE', 'scout_2'), ('TERM', 'xterm'), ('ROS_LOCALHOST_ONLY', '1'), ('PATH', '/opt/ros/humble/bin:/usr/local/sbin:/usr/local/bin:/usr/sbin:/usr/bin:/sbin:/bin'), ('XDG_RUNTIME_DIR', '/tmp/runtime-root'), ('DISPLAY', ':1'), ('LANG', 'C.UTF-8'), ('LS_COLORS', 'rs=0:di=01;34:ln=01;36:mh=00:pi=40;33:so=01;35:do=01;35:bd=40;33;01:cd=40;33;01:or=40;31;01:mi=00:su=37;41:sg=30;43:ca=30;41:tw=30;42:ow=34;42:st=37;44:ex=01;32:*.tar=01;31:*.tgz=01;31:*.arc=01;31:*.arj=01;31:*.taz=01;31:*.lha=01;31:*.lz4=01;31:*.lzh=01;31:*.lzma=01;31:*.tlz=01;31:*.txz=01;31:*.tzo=01;31:*.t7z=01;31:*.zip=01;31:*.z=01;31:*.dz=01;31:*.gz=01;31:*.lrz=01;31:*.lz=01;31:*.lzo=01;31:*.xz=01;31:*.zst=01;31:*.tzst=01;31:*.bz2=01;31:*.bz=01;31:*.tbz=01;31:*.tbz2=01;31:*.tz=01;31:*.deb=01;31:*.rpm=01;31:*.jar=01;31:*.war=01;31:*.ear=01;31:*.sar=01;31:*.rar=01;31:*.alz=01;31:*.ace=01;31:*.zoo=01;31:*.cpio=01;31:*.7z=01;31:*.rz=01;31:*.cab=01;31:*.wim=01;31:*.swm=01;31:*.dwm=01;31:*.esd=01;31:*.jpg=01;35:*.jpeg=01;35:*.mjpg=01;35:*.mjpeg=01;35:*.gif=01;35:*.bmp=01;35:*.pbm=01;35:*.pgm=01;35:*.ppm=01;35:*.tga=01;35:*.xbm=01;35:*.xpm=01;35:*.tif=01;35:*.tiff=01;35:*.png=01;35:*.svg=01;35:*.svgz=01;35:*.mng=01;35:*.pcx=01;35:*.mov=01;35:*.mpg=01;35:*.mpeg=01;35:*.m2v=01;35:*.mkv=01;35:*.webm=01;35:*.webp=01;35:*.ogm=01;35:*.mp4=01;35:*.m4v=01;35:*.mp4v=01;35:*.vob=01;35:*.qt=01;35:*.nuv=01;35:*.wmv=01;35:*.asf=01;35:*.rm=01;35:*.rmvb=01;35:*.flc=01;35:*.avi=01;35:*.fli=01;35:*.flv=01;35:*.gl=01;35:*.dl=01;35:*.xcf=01;35:*.xwd=01;35:*.yuv=01;35:*.cgm=01;35:*.emf=01;35:*.ogv=01;35:*.ogx=01;35:*.aac=00;36:*.au=00;36:*.flac=00;36:*.m4a=00;36:*.mid=00;36:*.midi=00;36:*.mka=00;36:*.mp3=00;36:*.mpc=00;36:*.ogg=00;36:*.ra=00;36:*.wav=00;36:*.oga=00;36:*.opus=00;36:*.spx=00;36:*.xspf=00;36:'), ('ROS_DOMAIN_ID', '55'), ('AMENT_PREFIX_PATH', '/root/install/slam_msgs:/root/colcon_ws/install/orb_slam3_ros2_wrapper:/root/colcon_ws/install/orb_slam3_map_generator:/root/colcon_ws/install/slam_msgs:/root/colcon_ws/install/orb_slam3_navigator:/opt/ros/humble'), ('PWD', '/root/build/orb_slam3_map_generator'), ('LC_ALL', 'C.UTF-8'), ('RCUTILS_COLORIZED_OUTPUT', '1'), ('PYTHONPATH', '/root/install/slam_msgs/local/lib/python3.10/dist-packages:/root/colcon_ws/install/slam_msgs/local/lib/python3.10/dist-packages:/root/colcon_ws/build/orb_slam3_navigator:/root/colcon_ws/install/orb_slam3_navigator/lib/python3.10/site-packages:/opt/ros/humble/lib/python3.10/site-packages:/opt/ros/humble/local/lib/python3.10/dist-packages'), ('COLCON', '1'), ('CMAKE_PREFIX_PATH', '/root/install/slam_msgs:/root/colcon_ws/install/orb_slam3_ros2_wrapper:/root/colcon_ws/install/orb_slam3_map_generator:/root/colcon_ws/install/slam_msgs:/root/colcon_ws/install/orb_slam3_navigator:/opt/ros/humble')]), 'shell': False}
[10.646831] (orb_slam3_ros2_wrapper) JobProgress: {'identifier': 'orb_slam3_ros2_wrapper', 'progress': 'cmake'}
[10.647946] (orb_slam3_ros2_wrapper) Command: {'cmd': ['/usr/bin/cmake', '/root/colcon_ws/src/orb_slam3_ros2_wrapper', '-DAMENT_CMAKE_SYMLINK_INSTALL=1', '-DCMAKE_INSTALL_PREFIX=/root/install/orb_slam3_ros2_wrapper'], 'cwd': '/root/build/orb_slam3_ros2_wrapper', 'env': OrderedDict([('HOSTNAME', 'LP-Boston-11364'), ('SHLVL', '1'), ('LD_LIBRARY_PATH', '/root/install/slam_msgs/lib:/root/colcon_ws/install/slam_msgs/lib:/opt/ros/humble/opt/rviz_ogre_vendor/lib:/opt/ros/humble/lib/x86_64-linux-gnu:/opt/ros/humble/lib'), ('HOME', '/root'), ('OLDPWD', '/'), ('ROS_PYTHON_VERSION', '3'), ('COLCON_PREFIX_PATH', '/root/colcon_ws/install'), ('ROS_DISTRO', 'humble'), ('_', '/usr/bin/colcon'), ('ROS_VERSION', '2'), ('SCOUT_NAMESPACE', 'scout_2'), ('TERM', 'xterm'), ('ROS_LOCALHOST_ONLY', '1'), ('PATH', '/opt/ros/humble/bin:/usr/local/sbin:/usr/local/bin:/usr/sbin:/usr/bin:/sbin:/bin'), ('XDG_RUNTIME_DIR', '/tmp/runtime-root'), ('DISPLAY', ':1'), ('LANG', 'C.UTF-8'), ('LS_COLORS', 'rs=0:di=01;34:ln=01;36:mh=00:pi=40;33:so=01;35:do=01;35:bd=40;33;01:cd=40;33;01:or=40;31;01:mi=00:su=37;41:sg=30;43:ca=30;41:tw=30;42:ow=34;42:st=37;44:ex=01;32:*.tar=01;31:*.tgz=01;31:*.arc=01;31:*.arj=01;31:*.taz=01;31:*.lha=01;31:*.lz4=01;31:*.lzh=01;31:*.lzma=01;31:*.tlz=01;31:*.txz=01;31:*.tzo=01;31:*.t7z=01;31:*.zip=01;31:*.z=01;31:*.dz=01;31:*.gz=01;31:*.lrz=01;31:*.lz=01;31:*.lzo=01;31:*.xz=01;31:*.zst=01;31:*.tzst=01;31:*.bz2=01;31:*.bz=01;31:*.tbz=01;31:*.tbz2=01;31:*.tz=01;31:*.deb=01;31:*.rpm=01;31:*.jar=01;31:*.war=01;31:*.ear=01;31:*.sar=01;31:*.rar=01;31:*.alz=01;31:*.ace=01;31:*.zoo=01;31:*.cpio=01;31:*.7z=01;31:*.rz=01;31:*.cab=01;31:*.wim=01;31:*.swm=01;31:*.dwm=01;31:*.esd=01;31:*.jpg=01;35:*.jpeg=01;35:*.mjpg=01;35:*.mjpeg=01;35:*.gif=01;35:*.bmp=01;35:*.pbm=01;35:*.pgm=01;35:*.ppm=01;35:*.tga=01;35:*.xbm=01;35:*.xpm=01;35:*.tif=01;35:*.tiff=01;35:*.png=01;35:*.svg=01;35:*.svgz=01;35:*.mng=01;35:*.pcx=01;35:*.mov=01;35:*.mpg=01;35:*.mpeg=01;35:*.m2v=01;35:*.mkv=01;35:*.webm=01;35:*.webp=01;35:*.ogm=01;35:*.mp4=01;35:*.m4v=01;35:*.mp4v=01;35:*.vob=01;35:*.qt=01;35:*.nuv=01;35:*.wmv=01;35:*.asf=01;35:*.rm=01;35:*.rmvb=01;35:*.flc=01;35:*.avi=01;35:*.fli=01;35:*.flv=01;35:*.gl=01;35:*.dl=01;35:*.xcf=01;35:*.xwd=01;35:*.yuv=01;35:*.cgm=01;35:*.emf=01;35:*.ogv=01;35:*.ogx=01;35:*.aac=00;36:*.au=00;36:*.flac=00;36:*.m4a=00;36:*.mid=00;36:*.midi=00;36:*.mka=00;36:*.mp3=00;36:*.mpc=00;36:*.ogg=00;36:*.ra=00;36:*.wav=00;36:*.oga=00;36:*.opus=00;36:*.spx=00;36:*.xspf=00;36:'), ('ROS_DOMAIN_ID', '55'), ('AMENT_PREFIX_PATH', '/root/install/slam_msgs:/root/colcon_ws/install/orb_slam3_ros2_wrapper:/root/colcon_ws/install/orb_slam3_map_generator:/root/colcon_ws/install/slam_msgs:/root/colcon_ws/install/orb_slam3_navigator:/opt/ros/humble'), ('PWD', '/root/build/orb_slam3_ros2_wrapper'), ('LC_ALL', 'C.UTF-8'), ('RCUTILS_COLORIZED_OUTPUT', '1'), ('PYTHONPATH', '/root/install/slam_msgs/local/lib/python3.10/dist-packages:/root/colcon_ws/install/slam_msgs/local/lib/python3.10/dist-packages:/root/colcon_ws/build/orb_slam3_navigator:/root/colcon_ws/install/orb_slam3_navigator/lib/python3.10/site-packages:/opt/ros/humble/lib/python3.10/site-packages:/opt/ros/humble/local/lib/python3.10/dist-packages'), ('COLCON', '1'), ('CMAKE_PREFIX_PATH', '/root/install/slam_msgs:/root/colcon_ws/install/orb_slam3_ros2_wrapper:/root/colcon_ws/install/orb_slam3_map_generator:/root/colcon_ws/install/slam_msgs:/root/colcon_ws/install/orb_slam3_navigator:/opt/ros/humble')]), 'shell': False}
[10.661162] (orb_slam3_ros2_wrapper) StderrLine: {'line': b'\x1b[0mBuild type: Release\x1b[0m\n'}
[10.661385] (orb_slam3_ros2_wrapper) StdoutLine: {'line': b'-- Found ament_cmake_auto: 1.3.10 (/opt/ros/humble/share/ament_cmake_auto/cmake)\n'}
[10.694486] (orb_slam3_map_generator) StdoutLine: {'line': b'-- The C compiler identification is GNU 11.4.0\n'}
[10.737858] (-) TimerEvent: {}
[10.747013] (orb_slam3_map_generator) StdoutLine: {'line': b'-- The CXX compiler identification is GNU 11.4.0\n'}
[10.754646] (orb_slam3_map_generator) StdoutLine: {'line': b'-- Detecting C compiler ABI info\n'}
[10.776440] (orb_slam3_ros2_wrapper) StdoutLine: {'line': b'-- Override CMake install command with custom implementation using symlinks instead of copying resources\n'}
[10.784836] (orb_slam3_ros2_wrapper) StdoutLine: {'line': b'-- Found rclcpp: 16.0.10 (/opt/ros/humble/share/rclcpp/cmake)\n'}
[10.815253] (orb_slam3_ros2_wrapper) StdoutLine: {'line': b'-- Found rosidl_generator_c: 3.1.5 (/opt/ros/humble/share/rosidl_generator_c/cmake)\n'}
[10.817794] (orb_slam3_ros2_wrapper) StdoutLine: {'line': b'-- Found rosidl_adapter: 3.1.5 (/opt/ros/humble/share/rosidl_adapter/cmake)\n'}
[10.818350] (orb_slam3_map_generator) StdoutLine: {'line': b'-- Detecting C compiler ABI info - done\n'}
[10.823736] (orb_slam3_ros2_wrapper) StdoutLine: {'line': b'-- Found rosidl_generator_cpp: 3.1.5 (/opt/ros/humble/share/rosidl_generator_cpp/cmake)\n'}
[10.825927] (orb_slam3_map_generator) StdoutLine: {'line': b'-- Check for working C compiler: /usr/bin/cc - skipped\n'}
[10.826097] (orb_slam3_map_generator) StdoutLine: {'line': b'-- Detecting C compile features\n'}
[10.826454] (orb_slam3_map_generator) StdoutLine: {'line': b'-- Detecting C compile features - done\n'}
[10.829562] (orb_slam3_map_generator) StdoutLine: {'line': b'-- Detecting CXX compiler ABI info\n'}
[10.833873] (orb_slam3_ros2_wrapper) StdoutLine: {'line': b'-- Using all available rosidl_typesupport_c: rosidl_typesupport_fastrtps_c;rosidl_typesupport_introspection_c\n'}
[10.837943] (-) TimerEvent: {}
[10.847289] (orb_slam3_ros2_wrapper) StdoutLine: {'line': b'-- Using all available rosidl_typesupport_cpp: rosidl_typesupport_fastrtps_cpp;rosidl_typesupport_introspection_cpp\n'}
[10.882381] (orb_slam3_ros2_wrapper) StdoutLine: {'line': b'-- Found rmw_implementation_cmake: 6.1.2 (/opt/ros/humble/share/rmw_implementation_cmake/cmake)\n'}
[10.883875] (orb_slam3_ros2_wrapper) StdoutLine: {'line': b'-- Found rmw_fastrtps_cpp: 6.2.7 (/opt/ros/humble/share/rmw_fastrtps_cpp/cmake)\n'}
[10.901830] (orb_slam3_map_generator) StdoutLine: {'line': b'-- Detecting CXX compiler ABI info - done\n'}
[10.909675] (orb_slam3_map_generator) StdoutLine: {'line': b'-- Check for working CXX compiler: /usr/bin/c++ - skipped\n'}
[10.910034] (orb_slam3_map_generator) StdoutLine: {'line': b'-- Detecting CXX compile features\n'}
[10.910449] (orb_slam3_map_generator) StdoutLine: {'line': b'-- Detecting CXX compile features - done\n'}
[10.911119] (orb_slam3_map_generator) StderrLine: {'line': b'\x1b[0mBuild type: Release\x1b[0m\n'}
[10.913104] (orb_slam3_map_generator) StdoutLine: {'line': b'-- Found ament_cmake_auto: 1.3.10 (/opt/ros/humble/share/ament_cmake_auto/cmake)\n'}
[10.938038] (-) TimerEvent: {}
[11.000478] (orb_slam3_ros2_wrapper) StdoutLine: {'line': b"-- Using RMW implementation 'rmw_fastrtps_cpp' as default\n"}
[11.038119] (-) TimerEvent: {}
[11.052915] (orb_slam3_ros2_wrapper) StdoutLine: {'line': b'-- Found sensor_msgs: 4.2.4 (/opt/ros/humble/share/sensor_msgs/cmake)\n'}
[11.065349] (orb_slam3_map_generator) StdoutLine: {'line': b'-- Found Python3: /usr/bin/python3 (found version "3.10.12") found components: Interpreter \n'}
[11.083630] (orb_slam3_ros2_wrapper) StdoutLine: {'line': b'-- Found cv_bridge: 3.2.1 (/opt/ros/humble/share/cv_bridge/cmake)\n'}
[11.088396] (orb_slam3_ros2_wrapper) StdoutLine: {'line': b'-- Found message_filters: 4.3.5 (/opt/ros/humble/share/message_filters/cmake)\n'}
[11.096448] (orb_slam3_ros2_wrapper) StdoutLine: {'line': b'-- Found tf2_ros: 0.25.7 (/opt/ros/humble/share/tf2_ros/cmake)\n'}
[11.127872] (orb_slam3_map_generator) StdoutLine: {'line': b'-- Override CMake install command with custom implementation using symlinks instead of copying resources\n'}
[11.138213] (-) TimerEvent: {}
[11.162916] (orb_slam3_map_generator) StdoutLine: {'line': b'-- Found rclcpp: 16.0.10 (/opt/ros/humble/share/rclcpp/cmake)\n'}
[11.180266] (orb_slam3_ros2_wrapper) StdoutLine: {'line': b'-- Found tf2_eigen: 0.25.7 (/opt/ros/humble/share/tf2_eigen/cmake)\n'}
[11.182503] (orb_slam3_ros2_wrapper) StdoutLine: {'line': b'-- Found slam_msgs: 1.0.0 (/root/colcon_ws/install/slam_msgs/share/slam_msgs/cmake)\n'}
[11.201626] (orb_slam3_ros2_wrapper) StdoutLine: {'line': b'-- Found nav_msgs: 4.2.4 (/opt/ros/humble/share/nav_msgs/cmake)\n'}
[11.210553] (orb_slam3_map_generator) StdoutLine: {'line': b'-- Found rosidl_generator_c: 3.1.5 (/opt/ros/humble/share/rosidl_generator_c/cmake)\n'}
[11.216478] (orb_slam3_map_generator) StdoutLine: {'line': b'-- Found rosidl_adapter: 3.1.5 (/opt/ros/humble/share/rosidl_adapter/cmake)\n'}
[11.218344] (orb_slam3_ros2_wrapper) StdoutLine: {'line': b'-- Found tf2_geometry_msgs: 0.25.7 (/opt/ros/humble/share/tf2_geometry_msgs/cmake)\n'}
[11.220720] (orb_slam3_ros2_wrapper) StdoutLine: {'line': b'-- Found eigen3_cmake_module: 0.1.1 (/opt/ros/humble/share/eigen3_cmake_module/cmake)\n'}
[11.221957] (orb_slam3_ros2_wrapper) StdoutLine: {'line': b'-- Found Eigen3: TRUE (found version "3.4.0") \n'}
[11.222109] (orb_slam3_ros2_wrapper) StdoutLine: {'line': b'-- Ensuring Eigen3 include directory is part of orocos-kdl CMake target\n'}
[11.226380] (orb_slam3_map_generator) StdoutLine: {'line': b'-- Found rosidl_generator_cpp: 3.1.5 (/opt/ros/humble/share/rosidl_generator_cpp/cmake)\n'}
[11.238314] (-) TimerEvent: {}
[11.239699] (orb_slam3_map_generator) StdoutLine: {'line': b'-- Using all available rosidl_typesupport_c: rosidl_typesupport_fastrtps_c;rosidl_typesupport_introspection_c\n'}
[11.258748] (orb_slam3_map_generator) StdoutLine: {'line': b'-- Using all available rosidl_typesupport_cpp: rosidl_typesupport_fastrtps_cpp;rosidl_typesupport_introspection_cpp\n'}
[11.266727] (orb_slam3_ros2_wrapper) StdoutLine: {'line': b'-- FLANN found (include: /usr/include, lib: /usr/lib/x86_64-linux-gnu/libflann_cpp.so)\n'}
[11.324338] (orb_slam3_map_generator) StdoutLine: {'line': b'-- Found rmw_implementation_cmake: 6.1.2 (/opt/ros/humble/share/rmw_implementation_cmake/cmake)\n'}
[11.329105] (orb_slam3_map_generator) StdoutLine: {'line': b'-- Found rmw_fastrtps_cpp: 6.2.7 (/opt/ros/humble/share/rmw_fastrtps_cpp/cmake)\n'}
[11.338435] (-) TimerEvent: {}
[11.427200] (orb_slam3_map_generator) StdoutLine: {'line': b'-- Found OpenSSL: /usr/lib/x86_64-linux-gnu/libcrypto.so (found version "3.0.2")  \n'}
[11.438530] (-) TimerEvent: {}
[11.458346] (orb_slam3_map_generator) StdoutLine: {'line': b'-- Found FastRTPS: /opt/ros/humble/include  \n'}
[11.458506] (orb_slam3_ros2_wrapper) StdoutLine: {'line': b'-- Found Eigen3: /usr/include/eigen3 (found version "3.4.0") \n'}
[11.507409] (orb_slam3_map_generator) StdoutLine: {'line': b"-- Using RMW implementation 'rmw_fastrtps_cpp' as default\n"}
[11.518453] (orb_slam3_map_generator) StdoutLine: {'line': b'-- Looking for pthread.h\n'}
[11.538638] (-) TimerEvent: {}
[11.570233] (orb_slam3_ros2_wrapper) StdoutLine: {'line': b'-- OpenNI found (version: 1.5.4.0, include: /usr/include/ni, lib: /usr/lib/libOpenNI.so;libusb::libusb)\n'}
[11.577286] (orb_slam3_ros2_wrapper) StdoutLine: {'line': b'-- OpenNI2 found (version: 2.2.0.33, include: /usr/include/openni2, lib: /usr/lib/x86_64-linux-gnu/libOpenNI2.so;libusb::libusb)\n'}
[11.577489] (orb_slam3_ros2_wrapper) StderrLine: {'line': b'\x1b[0m** WARNING ** io features related to pcap will be disabled\x1b[0m\n'}
[11.585208] (orb_slam3_map_generator) StdoutLine: {'line': b'-- Looking for pthread.h - found\n'}
[11.585462] (orb_slam3_map_generator) StdoutLine: {'line': b'-- Performing Test CMAKE_HAVE_LIBC_PTHREAD\n'}
[11.638726] (-) TimerEvent: {}
[11.653580] (orb_slam3_map_generator) StdoutLine: {'line': b'-- Performing Test CMAKE_HAVE_LIBC_PTHREAD - Success\n'}
[11.654657] (orb_slam3_map_generator) StdoutLine: {'line': b'-- Found Threads: TRUE  \n'}
[11.711305] (orb_slam3_map_generator) StdoutLine: {'line': b'-- Found sensor_msgs: 4.2.4 (/opt/ros/humble/share/sensor_msgs/cmake)\n'}
[11.735038] (orb_slam3_ros2_wrapper) StdoutLine: {'line': b'-- OpenNI found (version: 1.5.4.0, include: /usr/include/ni, lib: /usr/lib/libOpenNI.so;libusb::libusb)\n'}
[11.738827] (-) TimerEvent: {}
[11.740710] (orb_slam3_ros2_wrapper) StdoutLine: {'line': b'-- OpenNI2 found (version: 2.2.0.33, include: /usr/include/openni2, lib: /usr/lib/x86_64-linux-gnu/libOpenNI2.so;libusb::libusb)\n'}
[11.745228] (orb_slam3_map_generator) StdoutLine: {'line': b'-- Found cv_bridge: 3.2.1 (/opt/ros/humble/share/cv_bridge/cmake)\n'}
[11.753825] (orb_slam3_map_generator) StdoutLine: {'line': b'-- Found message_filters: 4.3.5 (/opt/ros/humble/share/message_filters/cmake)\n'}
[11.774805] (orb_slam3_map_generator) StdoutLine: {'line': b'-- Found tf2_ros: 0.25.7 (/opt/ros/humble/share/tf2_ros/cmake)\n'}
[11.838956] (-) TimerEvent: {}
[11.877856] (orb_slam3_ros2_wrapper) StdoutLine: {'line': b'-- Found Qhull version 8.0.2\n'}
[11.884224] (orb_slam3_map_generator) StdoutLine: {'line': b'-- Found tf2_eigen: 0.25.7 (/opt/ros/humble/share/tf2_eigen/cmake)\n'}
[11.888281] (orb_slam3_map_generator) StdoutLine: {'line': b'-- Found tf2_geometry_msgs: 0.25.7 (/opt/ros/humble/share/tf2_geometry_msgs/cmake)\n'}
[11.897401] (orb_slam3_map_generator) StdoutLine: {'line': b'-- Found eigen3_cmake_module: 0.1.1 (/opt/ros/humble/share/eigen3_cmake_module/cmake)\n'}
[11.898593] (orb_slam3_map_generator) StdoutLine: {'line': b'-- Found Eigen3: TRUE (found version "3.4.0") \n'}
[11.898699] (orb_slam3_map_generator) StdoutLine: {'line': b'-- Ensuring Eigen3 include directory is part of orocos-kdl CMake target\n'}
[11.900488] (orb_slam3_map_generator) StdoutLine: {'line': b'-- Found slam_msgs: 1.0.0 (/root/install/slam_msgs/share/slam_msgs/cmake)\n'}
[11.922171] (orb_slam3_map_generator) StdoutLine: {'line': b'-- Found nav_msgs: 4.2.4 (/opt/ros/humble/share/nav_msgs/cmake)\n'}
[11.939054] (-) TimerEvent: {}
[11.946054] (orb_slam3_map_generator) StdoutLine: {'line': b'-- Found std_srvs: 4.2.4 (/opt/ros/humble/share/std_srvs/cmake)\n'}
[11.960549] (orb_slam3_map_generator) StdoutLine: {'line': b'-- Found image_transport: 3.1.9 (/opt/ros/humble/share/image_transport/cmake)\n'}
[11.989213] (orb_slam3_map_generator) StdoutLine: {'line': b'-- Found tf2_sensor_msgs: 0.25.7 (/opt/ros/humble/share/tf2_sensor_msgs/cmake)\n'}
[11.995253] (orb_slam3_map_generator) StdoutLine: {'line': b'-- Found pcl_conversions: 2.4.5 (/opt/ros/humble/share/pcl_conversions/cmake)\n'}
[12.020134] (orb_slam3_ros2_wrapper) StdoutLine: {'line': b'-- OpenNI found (version: 1.5.4.0, include: /usr/include/ni, lib: /usr/lib/libOpenNI.so;libusb::libusb)\n'}
[12.031481] (orb_slam3_map_generator) StdoutLine: {'line': b"-- Checking for module 'eigen3'\n"}
[12.039158] (-) TimerEvent: {}
[12.042930] (orb_slam3_map_generator) StdoutLine: {'line': b'--   Found eigen3, version 3.4.0\n'}
[12.075146] (orb_slam3_map_generator) StdoutLine: {'line': b'-- Found Eigen: /usr/include/eigen3 (Required is at least version "3.1") \n'}
[12.075367] (orb_slam3_map_generator) StdoutLine: {'line': b'-- Eigen found (include: /usr/include/eigen3, version: 3.4.0)\n'}
[12.128449] (orb_slam3_map_generator) StdoutLine: {'line': b"-- Checking for module 'flann'\n"}
[12.139247] (-) TimerEvent: {}
[12.139478] (orb_slam3_map_generator) StdoutLine: {'line': b'--   Found flann, version 1.9.1\n'}
[12.172708] (orb_slam3_ros2_wrapper) StdoutLine: {'line': b'-- looking for PCL_COMMON\n'}
[12.173069] (orb_slam3_ros2_wrapper) StdoutLine: {'line': b'-- looking for PCL_KDTREE\n'}
[12.173191] (orb_slam3_map_generator) StdoutLine: {'line': b'-- Found FLANN: /usr/lib/x86_64-linux-gnu/libflann_cpp.so  \n'}
[12.173285] (orb_slam3_map_generator) StdoutLine: {'line': b'-- FLANN found (include: /usr/include, lib: /usr/lib/x86_64-linux-gnu/libflann_cpp.so)\n'}
[12.173421] (orb_slam3_ros2_wrapper) StdoutLine: {'line': b'-- looking for PCL_OCTREE\n'}
[12.173752] (orb_slam3_ros2_wrapper) StdoutLine: {'line': b'-- looking for PCL_SEARCH\n'}
[12.174120] (orb_slam3_ros2_wrapper) StdoutLine: {'line': b'-- looking for PCL_SAMPLE_CONSENSUS\n'}
[12.174508] (orb_slam3_ros2_wrapper) StdoutLine: {'line': b'-- looking for PCL_FILTERS\n'}
[12.174918] (orb_slam3_ros2_wrapper) StdoutLine: {'line': b'-- looking for PCL_2D\n'}
[12.175299] (orb_slam3_ros2_wrapper) StdoutLine: {'line': b'-- looking for PCL_GEOMETRY\n'}
[12.175540] (orb_slam3_ros2_wrapper) StdoutLine: {'line': b'-- looking for PCL_IO\n'}
[12.175963] (orb_slam3_ros2_wrapper) StdoutLine: {'line': b'-- looking for PCL_FEATURES\n'}
[12.176377] (orb_slam3_ros2_wrapper) StdoutLine: {'line': b'-- looking for PCL_ML\n'}
[12.176781] (orb_slam3_ros2_wrapper) StdoutLine: {'line': b'-- looking for PCL_SEGMENTATION\n'}
[12.177248] (orb_slam3_ros2_wrapper) StdoutLine: {'line': b'-- looking for PCL_VISUALIZATION\n'}
[12.177694] (orb_slam3_ros2_wrapper) StdoutLine: {'line': b'-- looking for PCL_SURFACE\n'}
[12.178117] (orb_slam3_ros2_wrapper) StdoutLine: {'line': b'-- looking for PCL_REGISTRATION\n'}
[12.178590] (orb_slam3_ros2_wrapper) StdoutLine: {'line': b'-- looking for PCL_KEYPOINTS\n'}
[12.179013] (orb_slam3_ros2_wrapper) StdoutLine: {'line': b'-- looking for PCL_TRACKING\n'}
[12.179479] (orb_slam3_ros2_wrapper) StdoutLine: {'line': b'-- looking for PCL_RECOGNITION\n'}
[12.179966] (orb_slam3_ros2_wrapper) StdoutLine: {'line': b'-- looking for PCL_STEREO\n'}
[12.180346] (orb_slam3_ros2_wrapper) StdoutLine: {'line': b'-- looking for PCL_APPS\n'}
[12.181149] (orb_slam3_ros2_wrapper) StdoutLine: {'line': b'-- looking for PCL_IN_HAND_SCANNER\n'}
[12.181440] (orb_slam3_ros2_wrapper) StdoutLine: {'line': b'-- looking for PCL_MODELER\n'}
[12.181716] (orb_slam3_ros2_wrapper) StdoutLine: {'line': b'-- looking for PCL_POINT_CLOUD_EDITOR\n'}
[12.181998] (orb_slam3_ros2_wrapper) StdoutLine: {'line': b'-- looking for PCL_OUTOFCORE\n'}
[12.182419] (orb_slam3_ros2_wrapper) StdoutLine: {'line': b'-- looking for PCL_PEOPLE\n'}
[12.183728] (orb_slam3_ros2_wrapper) StdoutLine: {'line': b'-- Found pcl_ros: 2.4.5 (/opt/ros/humble/share/pcl_ros/cmake)\n'}
[12.239353] (-) TimerEvent: {}
[12.257421] (orb_slam3_ros2_wrapper) StderrLine: {'line': b'\x1b[33mCMake Warning at CMakeLists.txt:109 (find_package):\n'}
[12.257610] (orb_slam3_ros2_wrapper) StderrLine: {'line': b'  By not providing "Findgtest.cmake" in CMAKE_MODULE_PATH this project has\n'}
[12.257687] (orb_slam3_ros2_wrapper) StderrLine: {'line': b'  asked CMake to find a package configuration file provided by "gtest", but\n'}
[12.257752] (orb_slam3_ros2_wrapper) StderrLine: {'line': b'  CMake did not find one.\n'}
[12.257813] (orb_slam3_ros2_wrapper) StderrLine: {'line': b'\n'}
[12.257922] (orb_slam3_ros2_wrapper) StderrLine: {'line': b'  Could not find a package configuration file provided by "gtest" with any of\n'}
[12.257991] (orb_slam3_ros2_wrapper) StderrLine: {'line': b'  the following names:\n'}
[12.258086] (orb_slam3_ros2_wrapper) StderrLine: {'line': b'\n'}
[12.258175] (orb_slam3_ros2_wrapper) StderrLine: {'line': b'    gtestConfig.cmake\n'}
[12.258244] (orb_slam3_ros2_wrapper) StderrLine: {'line': b'    gtest-config.cmake\n'}
[12.258310] (orb_slam3_ros2_wrapper) StderrLine: {'line': b'\n'}
[12.258396] (orb_slam3_ros2_wrapper) StderrLine: {'line': b'  Add the installation prefix of "gtest" to CMAKE_PREFIX_PATH or set\n'}
[12.258465] (orb_slam3_ros2_wrapper) StderrLine: {'line': b'  "gtest_DIR" to a directory containing one of the above files.  If "gtest"\n'}
[12.258527] (orb_slam3_ros2_wrapper) StderrLine: {'line': b'  provides a separate development package or SDK, be sure it has been\n'}
[12.258598] (orb_slam3_ros2_wrapper) StderrLine: {'line': b'  installed.\n'}
[12.258694] (orb_slam3_ros2_wrapper) StderrLine: {'line': b'\n'}
[12.258789] (orb_slam3_ros2_wrapper) StderrLine: {'line': b'\x1b[0m\n'}
[12.258844] (orb_slam3_ros2_wrapper) StdoutLine: {'line': b'-- Found ament_cmake_gtest: 1.3.10 (/opt/ros/humble/share/ament_cmake_gtest/cmake)\n'}
[12.258918] (orb_slam3_ros2_wrapper) StdoutLine: {'line': b"-- Found gtest sources under '/opt/ros/humble/src/gtest_vendor': C++ tests using 'Google Test' will be built\n"}
[12.339458] (-) TimerEvent: {}
[12.342908] (orb_slam3_ros2_wrapper) StdoutLine: {'line': b'-- Configuring done\n'}
[12.353698] (orb_slam3_ros2_wrapper) StderrLine: {'line': b'\x1b[31mCMake Error at CMakeLists.txt:93 (add_executable):\n'}
[12.353845] (orb_slam3_ros2_wrapper) StderrLine: {'line': b'  Cannot find source file:\n'}
[12.353909] (orb_slam3_ros2_wrapper) StderrLine: {'line': b'\n'}
[12.353966] (orb_slam3_ros2_wrapper) StderrLine: {'line': b'    src/orb_slam3_multi_map_fusion.cpp\n'}
[12.354022] (orb_slam3_ros2_wrapper) StderrLine: {'line': b'\n'}
[12.354089] (orb_slam3_ros2_wrapper) StderrLine: {'line': b'  Tried extensions .c .C .c++ .cc .cpp .cxx .cu .mpp .m .M .mm .ixx .cppm .h\n'}
[12.354147] (orb_slam3_ros2_wrapper) StderrLine: {'line': b'  .hh .h++ .hm .hpp .hxx .in .txx .f .F .for .f77 .f90 .f95 .f03 .hip .ispc\n'}
[12.354201] (orb_slam3_ros2_wrapper) StderrLine: {'line': b'\n'}
[12.354253] (orb_slam3_ros2_wrapper) StderrLine: {'line': b'\x1b[0m\n'}
[12.357612] (orb_slam3_ros2_wrapper) StderrLine: {'line': b'\x1b[31mCMake Error at CMakeLists.txt:93 (add_executable):\n'}
[12.357708] (orb_slam3_ros2_wrapper) StderrLine: {'line': b'  No SOURCES given to target: orb_slam3_multi_map_fusion\n'}
[12.357771] (orb_slam3_ros2_wrapper) StderrLine: {'line': b'\n'}
[12.357828] (orb_slam3_ros2_wrapper) StderrLine: {'line': b'\x1b[0m\n'}
[12.357885] (orb_slam3_ros2_wrapper) StderrLine: {'line': b'\x1b[0mCMake Generate step failed.  Build files cannot be regenerated correctly.\x1b[0m\n'}
[12.373001] (orb_slam3_ros2_wrapper) CommandEnded: {'returncode': 1}
[12.389540] (orb_slam3_ros2_wrapper) JobEnded: {'identifier': 'orb_slam3_ros2_wrapper', 'rc': 1}
[12.439547] (-) TimerEvent: {}
[12.539795] (-) TimerEvent: {}
[12.640052] (-) TimerEvent: {}
[12.740304] (-) TimerEvent: {}
[12.840556] (-) TimerEvent: {}
[12.940808] (-) TimerEvent: {}
[13.030999] (orb_slam3_map_generator) StdoutLine: {'line': b"-- Checking for module 'libusb-1.0'\n"}
[13.040905] (-) TimerEvent: {}
[13.043850] (orb_slam3_map_generator) StdoutLine: {'line': b'--   Found libusb-1.0, version 1.0.25\n'}
[13.074643] (orb_slam3_map_generator) StdoutLine: {'line': b'-- Found libusb: /usr/lib/x86_64-linux-gnu/libusb-1.0.so  \n'}
[13.075760] (orb_slam3_map_generator) StdoutLine: {'line': b'-- OpenNI found (version: 1.5.4.0, include: /usr/include/ni, lib: /usr/lib/libOpenNI.so;libusb::libusb)\n'}
[13.125365] (orb_slam3_map_generator) StdoutLine: {'line': b'-- OpenNI2 found (version: 2.2.0.33, include: /usr/include/openni2, lib: /usr/lib/x86_64-linux-gnu/libOpenNI2.so;libusb::libusb)\n'}
[13.141018] (-) TimerEvent: {}
[13.241385] (-) TimerEvent: {}
[13.265441] (orb_slam3_map_generator) StdoutLine: {'line': b'-- Eigen found (include: /usr/include/eigen3, version: 3.4.0)\n'}
[13.272222] (orb_slam3_map_generator) StdoutLine: {'line': b'-- OpenNI found (version: 1.5.4.0, include: /usr/include/ni, lib: /usr/lib/libOpenNI.so;libusb::libusb)\n'}
[13.278870] (orb_slam3_map_generator) StdoutLine: {'line': b'-- OpenNI2 found (version: 2.2.0.33, include: /usr/include/openni2, lib: /usr/lib/x86_64-linux-gnu/libOpenNI2.so;libusb::libusb)\n'}
[13.341477] (-) TimerEvent: {}
[13.410181] (orb_slam3_map_generator) StdoutLine: {'line': b'-- Found Qhull version 8.0.2\n'}
[13.441574] (-) TimerEvent: {}
[13.541823] (-) TimerEvent: {}
[13.544828] (orb_slam3_map_generator) StdoutLine: {'line': b'-- OpenNI found (version: 1.5.4.0, include: /usr/include/ni, lib: /usr/lib/libOpenNI.so;libusb::libusb)\n'}
[13.641927] (-) TimerEvent: {}
[13.677637] (orb_slam3_map_generator) StdoutLine: {'line': b'-- Found PCL_COMMON: /usr/lib/x86_64-linux-gnu/libpcl_common.so  \n'}
[13.679943] (orb_slam3_map_generator) StdoutLine: {'line': b'-- Found PCL_KDTREE: /usr/lib/x86_64-linux-gnu/libpcl_kdtree.so  \n'}
[13.680959] (orb_slam3_map_generator) StdoutLine: {'line': b'-- Found PCL_OCTREE: /usr/lib/x86_64-linux-gnu/libpcl_octree.so  \n'}
[13.681870] (orb_slam3_map_generator) StdoutLine: {'line': b'-- Found PCL_SEARCH: /usr/lib/x86_64-linux-gnu/libpcl_search.so  \n'}
[13.682861] (orb_slam3_map_generator) StdoutLine: {'line': b'-- Found PCL_SAMPLE_CONSENSUS: /usr/lib/x86_64-linux-gnu/libpcl_sample_consensus.so  \n'}
[13.683864] (orb_slam3_map_generator) StdoutLine: {'line': b'-- Found PCL_FILTERS: /usr/lib/x86_64-linux-gnu/libpcl_filters.so  \n'}
[13.684385] (orb_slam3_map_generator) StdoutLine: {'line': b'-- Found PCL_2D: /usr/include/pcl-1.12  \n'}
[13.684943] (orb_slam3_map_generator) StdoutLine: {'line': b'-- Found PCL_GEOMETRY: /usr/include/pcl-1.12  \n'}
[13.685883] (orb_slam3_map_generator) StdoutLine: {'line': b'-- Found PCL_IO: /usr/lib/x86_64-linux-gnu/libpcl_io.so  \n'}
[13.686961] (orb_slam3_map_generator) StdoutLine: {'line': b'-- Found PCL_FEATURES: /usr/lib/x86_64-linux-gnu/libpcl_features.so  \n'}
[13.687852] (orb_slam3_map_generator) StdoutLine: {'line': b'-- Found PCL_ML: /usr/lib/x86_64-linux-gnu/libpcl_ml.so  \n'}
[13.688687] (orb_slam3_map_generator) StdoutLine: {'line': b'-- Found PCL_SEGMENTATION: /usr/lib/x86_64-linux-gnu/libpcl_segmentation.so  \n'}
[13.689661] (orb_slam3_map_generator) StdoutLine: {'line': b'-- Found PCL_VISUALIZATION: /usr/lib/x86_64-linux-gnu/libpcl_visualization.so  \n'}
[13.690559] (orb_slam3_map_generator) StdoutLine: {'line': b'-- Found PCL_SURFACE: /usr/lib/x86_64-linux-gnu/libpcl_surface.so  \n'}
[13.691497] (orb_slam3_map_generator) StdoutLine: {'line': b'-- Found PCL_REGISTRATION: /usr/lib/x86_64-linux-gnu/libpcl_registration.so  \n'}
[13.692652] (orb_slam3_map_generator) StdoutLine: {'line': b'-- Found PCL_KEYPOINTS: /usr/lib/x86_64-linux-gnu/libpcl_keypoints.so  \n'}
[13.693599] (orb_slam3_map_generator) StdoutLine: {'line': b'-- Found PCL_TRACKING: /usr/lib/x86_64-linux-gnu/libpcl_tracking.so  \n'}
[13.694433] (orb_slam3_map_generator) StdoutLine: {'line': b'-- Found PCL_RECOGNITION: /usr/lib/x86_64-linux-gnu/libpcl_recognition.so  \n'}
[13.695369] (orb_slam3_map_generator) StdoutLine: {'line': b'-- Found PCL_STEREO: /usr/lib/x86_64-linux-gnu/libpcl_stereo.so  \n'}
[13.696185] (orb_slam3_map_generator) StdoutLine: {'line': b'-- Found PCL_APPS: /usr/lib/x86_64-linux-gnu/libpcl_apps.so  \n'}
[13.696969] (orb_slam3_map_generator) StdoutLine: {'line': b'-- Found PCL_IN_HAND_SCANNER: /usr/include/pcl-1.12  \n'}
[13.697325] (orb_slam3_map_generator) StdoutLine: {'line': b'-- Found PCL_MODELER: /usr/include/pcl-1.12  \n'}
[13.697703] (orb_slam3_map_generator) StdoutLine: {'line': b'-- Found PCL_POINT_CLOUD_EDITOR: /usr/include/pcl-1.12  \n'}
[13.698471] (orb_slam3_map_generator) StdoutLine: {'line': b'-- Found PCL_OUTOFCORE: /usr/lib/x86_64-linux-gnu/libpcl_outofcore.so  \n'}
[13.699318] (orb_slam3_map_generator) StdoutLine: {'line': b'-- Found PCL_PEOPLE: /usr/lib/x86_64-linux-gnu/libpcl_people.so  \n'}
[13.700953] (orb_slam3_map_generator) StderrLine: {'line': b'\x1b[33mCMake Warning (dev) at CMakeLists.txt:39 (find_package):\n'}
[13.701021] (orb_slam3_map_generator) StderrLine: {'line': b'  Policy CMP0074 is not set: find_package uses <PackageName>_ROOT variables.\n'}
[13.701085] (orb_slam3_map_generator) StderrLine: {'line': b'  Run "cmake --help-policy CMP0074" for policy details.  Use the cmake_policy\n'}
[13.701139] (orb_slam3_map_generator) StderrLine: {'line': b'  command to set the policy and suppress this warning.\n'}
[13.701193] (orb_slam3_map_generator) StderrLine: {'line': b'\n'}
[13.701247] (orb_slam3_map_generator) StderrLine: {'line': b'  CMake variable PCL_ROOT is set to:\n'}
[13.701299] (orb_slam3_map_generator) StderrLine: {'line': b'\n'}
[13.701351] (orb_slam3_map_generator) StderrLine: {'line': b'    /usr\n'}
[13.701403] (orb_slam3_map_generator) StderrLine: {'line': b'\n'}
[13.701455] (orb_slam3_map_generator) StderrLine: {'line': b'  For compatibility, CMake is ignoring the variable.\n'}
[13.701508] (orb_slam3_map_generator) StderrLine: {'line': b'This warning is for project developers.  Use -Wno-dev to suppress it.\n'}
[13.701560] (orb_slam3_map_generator) StderrLine: {'line': b'\x1b[0m\n'}
[13.742035] (-) TimerEvent: {}
[13.819846] (orb_slam3_map_generator) StdoutLine: {'line': b'-- Configuring done\n'}
[13.842084] (-) TimerEvent: {}
[13.936593] (orb_slam3_map_generator) StdoutLine: {'line': b'-- Generating done\n'}
[13.939501] (orb_slam3_map_generator) StdoutLine: {'line': b'-- Build files have been written to: /root/build/orb_slam3_map_generator\n'}
[13.942176] (-) TimerEvent: {}
[13.956559] (orb_slam3_map_generator) JobEnded: {'identifier': 'orb_slam3_map_generator', 'rc': 'SIGINT'}
[13.967074] (-) EventReactorShutdown: {}
